1;Sector1_Fondo_Sur_Alto;8;1;Libre
2;Sector1_Fondo_Sur_Alto;8;2;Libre
3;Sector1_Fondo_Sur_Alto;8;3;Libre
4;Sector1_Fondo_Sur_Alto;8;4;Libre
5;Sector1_Fondo_Sur_Alto;8;5;Libre
6;Sector1_Fondo_Sur_Alto;8;6;Libre
7;Sector1_Fondo_Sur_Alto;8;7;Libre
8;Sector1_Fondo_Sur_Alto;8;8;Libre
9;Sector1_Fondo_Sur_Alto;8;9;Libre
10;Sector1_Fondo_Sur_Alto;8;10;Libre
11;Sector1_Fondo_Sur_Alto;8;11;Libre
12;Sector1_Fondo_Sur_Alto;8;12;Libre
13;Sector1_Fondo_Sur_Alto;8;13;Libre
14;Sector1_Fondo_Sur_Alto;8;14;Libre
15;Sector1_Fondo_Sur_Alto;8;15;Libre
16;Sector1_Fondo_Sur_Alto;8;16;Libre
17;Sector1_Fondo_Sur_Alto;8;17;Libre
18;Sector1_Fondo_Sur_Alto;8;18;Libre
19;Sector1_Fondo_Sur_Alto;8;19;Libre
20;Sector1_Fondo_Sur_Alto;8;20;Libre
21;Sector1_Fondo_Sur_Alto;7;1;Libre
22;Sector1_Fondo_Sur_Alto;7;2;Libre
23;Sector1_Fondo_Sur_Alto;7;3;Libre
24;Sector1_Fondo_Sur_Alto;7;4;Libre
25;Sector1_Fondo_Sur_Alto;7;5;Libre
26;Sector1_Fondo_Sur_Alto;7;6;Libre
27;Sector1_Fondo_Sur_Alto;7;7;Libre
28;Sector1_Fondo_Sur_Alto;7;8;Libre
29;Sector1_Fondo_Sur_Alto;7;9;Libre
30;Sector1_Fondo_Sur_Alto;7;10;Libre
31;Sector1_Fondo_Sur_Alto;7;11;Libre
32;Sector1_Fondo_Sur_Alto;7;12;Libre
33;Sector1_Fondo_Sur_Alto;7;13;Libre
34;Sector1_Fondo_Sur_Alto;7;14;Libre
35;Sector1_Fondo_Sur_Alto;7;15;Libre
36;Sector1_Fondo_Sur_Alto;7;16;Libre
37;Sector1_Fondo_Sur_Alto;7;17;Libre
38;Sector1_Fondo_Sur_Alto;7;18;Libre
39;Sector1_Fondo_Sur_Alto;7;19;Libre
40;Sector1_Fondo_Sur_Alto;7;20;Libre
41;Sector1_Fondo_Sur_Alto;6;1;Libre
42;Sector1_Fondo_Sur_Alto;6;2;Libre
43;Sector1_Fondo_Sur_Alto;6;3;Libre
44;Sector1_Fondo_Sur_Alto;6;4;Libre
45;Sector1_Fondo_Sur_Alto;6;5;Libre
46;Sector1_Fondo_Sur_Alto;6;6;Libre
47;Sector1_Fondo_Sur_Alto;6;7;Libre
48;Sector1_Fondo_Sur_Alto;6;8;Libre
49;Sector1_Fondo_Sur_Alto;6;9;Libre
50;Sector1_Fondo_Sur_Alto;6;10;Libre
51;Sector1_Fondo_Sur_Alto;6;11;Libre
52;Sector1_Fondo_Sur_Alto;6;12;Libre
53;Sector1_Fondo_Sur_Alto;6;13;Libre
54;Sector1_Fondo_Sur_Alto;6;14;Libre
55;Sector1_Fondo_Sur_Alto;6;15;Libre
56;Sector1_Fondo_Sur_Alto;6;16;Libre
57;Sector1_Fondo_Sur_Alto;6;17;Libre
58;Sector1_Fondo_Sur_Alto;6;18;Libre
59;Sector1_Fondo_Sur_Alto;6;19;Libre
60;Sector1_Fondo_Sur_Alto;6;20;Libre
61;Sector1_Fondo_Sur_Alto;5;1;Libre
62;Sector1_Fondo_Sur_Alto;5;2;Libre
63;Sector1_Fondo_Sur_Alto;5;3;Libre
64;Sector1_Fondo_Sur_Alto;5;4;Libre
65;Sector1_Fondo_Sur_Alto;5;5;Libre
66;Sector1_Fondo_Sur_Alto;5;6;Libre
67;Sector1_Fondo_Sur_Alto;5;7;Libre
68;Sector1_Fondo_Sur_Alto;5;8;Libre
69;Sector1_Fondo_Sur_Alto;5;9;Libre
70;Sector1_Fondo_Sur_Alto;5;10;Libre
71;Sector1_Fondo_Sur_Alto;5;11;Libre
72;Sector1_Fondo_Sur_Alto;5;12;Libre
73;Sector1_Fondo_Sur_Alto;5;13;Libre
74;Sector1_Fondo_Sur_Alto;5;14;Libre
75;Sector1_Fondo_Sur_Alto;5;15;Libre
76;Sector1_Fondo_Sur_Alto;5;16;Libre
77;Sector1_Fondo_Sur_Alto;5;17;Libre
78;Sector1_Fondo_Sur_Alto;5;18;Libre
79;Sector1_Fondo_Sur_Alto;5;19;Libre
80;Sector1_Fondo_Sur_Alto;5;20;Libre
81;Sector1_Fondo_Sur_Alto;4;1;Libre
82;Sector1_Fondo_Sur_Alto;4;2;Libre
83;Sector1_Fondo_Sur_Alto;4;3;Libre
84;Sector1_Fondo_Sur_Alto;4;4;Libre
85;Sector1_Fondo_Sur_Alto;4;5;Libre
86;Sector1_Fondo_Sur_Alto;4;6;Libre
87;Sector1_Fondo_Sur_Alto;4;7;Libre
88;Sector1_Fondo_Sur_Alto;4;8;Libre
89;Sector1_Fondo_Sur_Alto;4;9;Libre
90;Sector1_Fondo_Sur_Alto;4;10;Libre
91;Sector1_Fondo_Sur_Alto;4;11;Libre
92;Sector1_Fondo_Sur_Alto;4;12;Libre
93;Sector1_Fondo_Sur_Alto;4;13;Libre
94;Sector1_Fondo_Sur_Alto;4;14;Libre
95;Sector1_Fondo_Sur_Alto;4;15;Libre
96;Sector1_Fondo_Sur_Alto;4;16;Libre
97;Sector1_Fondo_Sur_Alto;4;17;Libre
98;Sector1_Fondo_Sur_Alto;4;18;Libre
99;Sector1_Fondo_Sur_Alto;4;19;Libre
100;Sector1_Fondo_Sur_Alto;4;20;Libre
101;Sector1_Fondo_Sur_Alto;3;1;Libre
102;Sector1_Fondo_Sur_Alto;3;2;Libre
103;Sector1_Fondo_Sur_Alto;3;3;Libre
104;Sector1_Fondo_Sur_Alto;3;4;Libre
105;Sector1_Fondo_Sur_Alto;3;5;Libre
106;Sector1_Fondo_Sur_Alto;3;6;Libre
107;Sector1_Fondo_Sur_Alto;3;7;Libre
108;Sector1_Fondo_Sur_Alto;3;8;Libre
109;Sector1_Fondo_Sur_Alto;3;9;Libre
110;Sector1_Fondo_Sur_Alto;3;10;Libre
111;Sector1_Fondo_Sur_Alto;3;11;Libre
112;Sector1_Fondo_Sur_Alto;3;12;Libre
113;Sector1_Fondo_Sur_Alto;3;13;Libre
114;Sector1_Fondo_Sur_Alto;3;14;Libre
115;Sector1_Fondo_Sur_Alto;3;15;Libre
116;Sector1_Fondo_Sur_Alto;3;16;Libre
117;Sector1_Fondo_Sur_Alto;3;17;Libre
118;Sector1_Fondo_Sur_Alto;3;18;Libre
119;Sector1_Fondo_Sur_Alto;3;19;Libre
120;Sector1_Fondo_Sur_Alto;3;20;Libre
121;Sector1_Fondo_Sur_Alto;2;1;Libre
122;Sector1_Fondo_Sur_Alto;2;2;Libre
123;Sector1_Fondo_Sur_Alto;2;3;Libre
124;Sector1_Fondo_Sur_Alto;2;4;Libre
125;Sector1_Fondo_Sur_Alto;2;5;Libre
126;Sector1_Fondo_Sur_Alto;2;6;Libre
127;Sector1_Fondo_Sur_Alto;2;7;Libre
128;Sector1_Fondo_Sur_Alto;2;8;Libre
129;Sector1_Fondo_Sur_Alto;2;9;Libre
130;Sector1_Fondo_Sur_Alto;2;10;Libre
131;Sector1_Fondo_Sur_Alto;2;11;Libre
132;Sector1_Fondo_Sur_Alto;2;12;Libre
133;Sector1_Fondo_Sur_Alto;2;13;Libre
134;Sector1_Fondo_Sur_Alto;2;14;Libre
135;Sector1_Fondo_Sur_Alto;2;15;Libre
136;Sector1_Fondo_Sur_Alto;2;16;Libre
137;Sector1_Fondo_Sur_Alto;2;17;Libre
138;Sector1_Fondo_Sur_Alto;2;18;Libre
139;Sector1_Fondo_Sur_Alto;2;19;Libre
140;Sector1_Fondo_Sur_Alto;2;20;Libre
141;Sector1_Fondo_Sur_Alto;1;1;Libre
142;Sector1_Fondo_Sur_Alto;1;2;Libre
143;Sector1_Fondo_Sur_Alto;1;3;Libre
144;Sector1_Fondo_Sur_Alto;1;4;Libre
145;Sector1_Fondo_Sur_Alto;1;5;Libre
146;Sector1_Fondo_Sur_Alto;1;6;Libre
147;Sector1_Fondo_Sur_Alto;1;7;Libre
148;Sector1_Fondo_Sur_Alto;1;8;Libre
149;Sector1_Fondo_Sur_Alto;1;9;Libre
150;Sector1_Fondo_Sur_Alto;1;10;Libre
151;Sector1_Fondo_Sur_Alto;1;11;Libre
152;Sector1_Fondo_Sur_Alto;1;12;Libre
153;Sector1_Fondo_Sur_Alto;1;13;Libre
154;Sector1_Fondo_Sur_Alto;1;14;Libre
155;Sector1_Fondo_Sur_Alto;1;15;Libre
156;Sector1_Fondo_Sur_Alto;1;16;Libre
157;Sector1_Fondo_Sur_Alto;1;17;Libre
158;Sector1_Fondo_Sur_Alto;1;18;Libre
159;Sector1_Fondo_Sur_Alto;1;19;Libre
160;Sector1_Fondo_Sur_Alto;1;20;Libre
161;Sector2_Fondo_Sur_Alto;4;1;Libre
162;Sector2_Fondo_Sur_Alto;4;2;Libre
163;Sector2_Fondo_Sur_Alto;4;3;Libre
164;Sector2_Fondo_Sur_Alto;4;4;Libre
165;Sector2_Fondo_Sur_Alto;4;5;Libre
166;Sector2_Fondo_Sur_Alto;4;6;Libre
167;Sector2_Fondo_Sur_Alto;3;1;Libre
168;Sector2_Fondo_Sur_Alto;3;2;Libre
169;Sector2_Fondo_Sur_Alto;3;3;Libre
170;Sector2_Fondo_Sur_Alto;3;4;Libre
171;Sector2_Fondo_Sur_Alto;3;5;Libre
172;Sector2_Fondo_Sur_Alto;3;6;Libre
173;Sector2_Fondo_Sur_Alto;2;1;Libre
174;Sector2_Fondo_Sur_Alto;2;2;Libre
175;Sector2_Fondo_Sur_Alto;2;3;Libre
176;Sector2_Fondo_Sur_Alto;2;4;Libre
177;Sector2_Fondo_Sur_Alto;2;5;Libre
178;Sector2_Fondo_Sur_Alto;2;6;Libre
179;Sector2_Fondo_Sur_Alto;1;1;Libre
180;Sector2_Fondo_Sur_Alto;1;2;Libre
181;Sector2_Fondo_Sur_Alto;1;3;Libre
182;Sector2_Fondo_Sur_Alto;1;4;Libre
183;Sector2_Fondo_Sur_Alto;1;5;Libre
184;Sector2_Fondo_Sur_Alto;1;6;Libre
185;Sector3_Fondo_Sur_Alto;8;1;Libre
186;Sector3_Fondo_Sur_Alto;8;2;Libre
187;Sector3_Fondo_Sur_Alto;8;3;Libre
188;Sector3_Fondo_Sur_Alto;8;4;Libre
189;Sector3_Fondo_Sur_Alto;8;5;Libre
190;Sector3_Fondo_Sur_Alto;8;6;Libre
191;Sector3_Fondo_Sur_Alto;8;7;Libre
192;Sector3_Fondo_Sur_Alto;8;8;Libre
193;Sector3_Fondo_Sur_Alto;8;9;Libre
194;Sector3_Fondo_Sur_Alto;8;10;Libre
195;Sector3_Fondo_Sur_Alto;8;11;Libre
196;Sector3_Fondo_Sur_Alto;8;12;Libre
197;Sector3_Fondo_Sur_Alto;8;13;Libre
198;Sector3_Fondo_Sur_Alto;8;14;Libre
199;Sector3_Fondo_Sur_Alto;8;15;Libre
200;Sector3_Fondo_Sur_Alto;8;16;Libre
201;Sector3_Fondo_Sur_Alto;8;17;Libre
202;Sector3_Fondo_Sur_Alto;8;18;Libre
203;Sector3_Fondo_Sur_Alto;8;19;Libre
204;Sector3_Fondo_Sur_Alto;8;20;Libre
205;Sector3_Fondo_Sur_Alto;7;1;Libre
206;Sector3_Fondo_Sur_Alto;7;2;Libre
207;Sector3_Fondo_Sur_Alto;7;3;Libre
208;Sector3_Fondo_Sur_Alto;7;4;Libre
209;Sector3_Fondo_Sur_Alto;7;5;Libre
210;Sector3_Fondo_Sur_Alto;7;6;Libre
211;Sector3_Fondo_Sur_Alto;7;7;Libre
212;Sector3_Fondo_Sur_Alto;7;8;Libre
213;Sector3_Fondo_Sur_Alto;7;9;Libre
214;Sector3_Fondo_Sur_Alto;7;10;Libre
215;Sector3_Fondo_Sur_Alto;7;11;Libre
216;Sector3_Fondo_Sur_Alto;7;12;Libre
217;Sector3_Fondo_Sur_Alto;7;13;Libre
218;Sector3_Fondo_Sur_Alto;7;14;Libre
219;Sector3_Fondo_Sur_Alto;7;15;Libre
220;Sector3_Fondo_Sur_Alto;7;16;Libre
221;Sector3_Fondo_Sur_Alto;7;17;Libre
222;Sector3_Fondo_Sur_Alto;7;18;Libre
223;Sector3_Fondo_Sur_Alto;7;19;Libre
224;Sector3_Fondo_Sur_Alto;7;20;Libre
225;Sector3_Fondo_Sur_Alto;6;1;Libre
226;Sector3_Fondo_Sur_Alto;6;2;Libre
227;Sector3_Fondo_Sur_Alto;6;3;Libre
228;Sector3_Fondo_Sur_Alto;6;4;Libre
229;Sector3_Fondo_Sur_Alto;6;5;Libre
230;Sector3_Fondo_Sur_Alto;6;6;Libre
231;Sector3_Fondo_Sur_Alto;6;7;Libre
232;Sector3_Fondo_Sur_Alto;6;8;Libre
233;Sector3_Fondo_Sur_Alto;6;9;Libre
234;Sector3_Fondo_Sur_Alto;6;10;Libre
235;Sector3_Fondo_Sur_Alto;6;11;Libre
236;Sector3_Fondo_Sur_Alto;6;12;Libre
237;Sector3_Fondo_Sur_Alto;6;13;Libre
238;Sector3_Fondo_Sur_Alto;6;14;Libre
239;Sector3_Fondo_Sur_Alto;6;15;Libre
240;Sector3_Fondo_Sur_Alto;6;16;Libre
241;Sector3_Fondo_Sur_Alto;6;17;Libre
242;Sector3_Fondo_Sur_Alto;6;18;Libre
243;Sector3_Fondo_Sur_Alto;6;19;Libre
244;Sector3_Fondo_Sur_Alto;6;20;Libre
245;Sector3_Fondo_Sur_Alto;5;1;Libre
246;Sector3_Fondo_Sur_Alto;5;2;Libre
247;Sector3_Fondo_Sur_Alto;5;3;Libre
248;Sector3_Fondo_Sur_Alto;5;4;Libre
249;Sector3_Fondo_Sur_Alto;5;5;Libre
250;Sector3_Fondo_Sur_Alto;5;6;Libre
251;Sector3_Fondo_Sur_Alto;5;7;Libre
252;Sector3_Fondo_Sur_Alto;5;8;Libre
253;Sector3_Fondo_Sur_Alto;5;9;Libre
254;Sector3_Fondo_Sur_Alto;5;10;Libre
255;Sector3_Fondo_Sur_Alto;5;11;Libre
256;Sector3_Fondo_Sur_Alto;5;12;Libre
257;Sector3_Fondo_Sur_Alto;5;13;Libre
258;Sector3_Fondo_Sur_Alto;5;14;Libre
259;Sector3_Fondo_Sur_Alto;5;15;Libre
260;Sector3_Fondo_Sur_Alto;5;16;Libre
261;Sector3_Fondo_Sur_Alto;5;17;Libre
262;Sector3_Fondo_Sur_Alto;5;18;Libre
263;Sector3_Fondo_Sur_Alto;5;19;Libre
264;Sector3_Fondo_Sur_Alto;5;20;Libre
265;Sector3_Fondo_Sur_Alto;4;1;Libre
266;Sector3_Fondo_Sur_Alto;4;2;Libre
267;Sector3_Fondo_Sur_Alto;4;3;Libre
268;Sector3_Fondo_Sur_Alto;4;4;Libre
269;Sector3_Fondo_Sur_Alto;4;5;Libre
270;Sector3_Fondo_Sur_Alto;4;6;Libre
271;Sector3_Fondo_Sur_Alto;4;7;Libre
272;Sector3_Fondo_Sur_Alto;4;8;Libre
273;Sector3_Fondo_Sur_Alto;4;9;Libre
274;Sector3_Fondo_Sur_Alto;4;10;Libre
275;Sector3_Fondo_Sur_Alto;4;11;Libre
276;Sector3_Fondo_Sur_Alto;4;12;Libre
277;Sector3_Fondo_Sur_Alto;4;13;Libre
278;Sector3_Fondo_Sur_Alto;4;14;Libre
279;Sector3_Fondo_Sur_Alto;4;15;Libre
280;Sector3_Fondo_Sur_Alto;4;16;Libre
281;Sector3_Fondo_Sur_Alto;4;17;Libre
282;Sector3_Fondo_Sur_Alto;4;18;Libre
283;Sector3_Fondo_Sur_Alto;4;19;Libre
284;Sector3_Fondo_Sur_Alto;4;20;Libre
285;Sector3_Fondo_Sur_Alto;3;1;Libre
286;Sector3_Fondo_Sur_Alto;3;2;Libre
287;Sector3_Fondo_Sur_Alto;3;3;Libre
288;Sector3_Fondo_Sur_Alto;3;4;Libre
289;Sector3_Fondo_Sur_Alto;3;5;Libre
290;Sector3_Fondo_Sur_Alto;3;6;Libre
291;Sector3_Fondo_Sur_Alto;3;7;Libre
292;Sector3_Fondo_Sur_Alto;3;8;Libre
293;Sector3_Fondo_Sur_Alto;3;9;Libre
294;Sector3_Fondo_Sur_Alto;3;10;Libre
295;Sector3_Fondo_Sur_Alto;3;11;Libre
296;Sector3_Fondo_Sur_Alto;3;12;Libre
297;Sector3_Fondo_Sur_Alto;3;13;Libre
298;Sector3_Fondo_Sur_Alto;3;14;Libre
299;Sector3_Fondo_Sur_Alto;3;15;Libre
300;Sector3_Fondo_Sur_Alto;3;16;Libre
301;Sector3_Fondo_Sur_Alto;3;17;Libre
302;Sector3_Fondo_Sur_Alto;3;18;Libre
303;Sector3_Fondo_Sur_Alto;3;19;Libre
304;Sector3_Fondo_Sur_Alto;3;20;Libre
305;Sector3_Fondo_Sur_Alto;2;1;Libre
306;Sector3_Fondo_Sur_Alto;2;2;Libre
307;Sector3_Fondo_Sur_Alto;2;3;Libre
308;Sector3_Fondo_Sur_Alto;2;4;Libre
309;Sector3_Fondo_Sur_Alto;2;5;Libre
310;Sector3_Fondo_Sur_Alto;2;6;Libre
311;Sector3_Fondo_Sur_Alto;2;7;Libre
312;Sector3_Fondo_Sur_Alto;2;8;Libre
313;Sector3_Fondo_Sur_Alto;2;9;Libre
314;Sector3_Fondo_Sur_Alto;2;10;Libre
315;Sector3_Fondo_Sur_Alto;2;11;Libre
316;Sector3_Fondo_Sur_Alto;2;12;Libre
317;Sector3_Fondo_Sur_Alto;2;13;Libre
318;Sector3_Fondo_Sur_Alto;2;14;Libre
319;Sector3_Fondo_Sur_Alto;2;15;Libre
320;Sector3_Fondo_Sur_Alto;2;16;Libre
321;Sector3_Fondo_Sur_Alto;2;17;Libre
322;Sector3_Fondo_Sur_Alto;2;18;Libre
323;Sector3_Fondo_Sur_Alto;2;19;Libre
324;Sector3_Fondo_Sur_Alto;2;20;Libre
325;Sector3_Fondo_Sur_Alto;1;1;Libre
326;Sector3_Fondo_Sur_Alto;1;2;Libre
327;Sector3_Fondo_Sur_Alto;1;3;Libre
328;Sector3_Fondo_Sur_Alto;1;4;Libre
329;Sector3_Fondo_Sur_Alto;1;5;Libre
330;Sector3_Fondo_Sur_Alto;1;6;Libre
331;Sector3_Fondo_Sur_Alto;1;7;Libre
332;Sector3_Fondo_Sur_Alto;1;8;Libre
333;Sector3_Fondo_Sur_Alto;1;9;Libre
334;Sector3_Fondo_Sur_Alto;1;10;Libre
335;Sector3_Fondo_Sur_Alto;1;11;Libre
336;Sector3_Fondo_Sur_Alto;1;12;Libre
337;Sector3_Fondo_Sur_Alto;1;13;Libre
338;Sector3_Fondo_Sur_Alto;1;14;Libre
339;Sector3_Fondo_Sur_Alto;1;15;Libre
340;Sector3_Fondo_Sur_Alto;1;16;Libre
341;Sector3_Fondo_Sur_Alto;1;17;Libre
342;Sector3_Fondo_Sur_Alto;1;18;Libre
343;Sector3_Fondo_Sur_Alto;1;19;Libre
344;Sector3_Fondo_Sur_Alto;1;20;Libre
345;Sector4_Fondo_Sur_Alto;4;1;Libre
346;Sector4_Fondo_Sur_Alto;4;2;Libre
347;Sector4_Fondo_Sur_Alto;4;3;Libre
348;Sector4_Fondo_Sur_Alto;4;4;Libre
349;Sector4_Fondo_Sur_Alto;4;5;Libre
350;Sector4_Fondo_Sur_Alto;4;6;Libre
351;Sector4_Fondo_Sur_Alto;3;1;Libre
352;Sector4_Fondo_Sur_Alto;3;2;Libre
353;Sector4_Fondo_Sur_Alto;3;3;Libre
354;Sector4_Fondo_Sur_Alto;3;4;Libre
355;Sector4_Fondo_Sur_Alto;3;5;Libre
356;Sector4_Fondo_Sur_Alto;3;6;Libre
357;Sector4_Fondo_Sur_Alto;2;1;Libre
358;Sector4_Fondo_Sur_Alto;2;2;Libre
359;Sector4_Fondo_Sur_Alto;2;3;Libre
360;Sector4_Fondo_Sur_Alto;2;4;Libre
361;Sector4_Fondo_Sur_Alto;2;5;Libre
362;Sector4_Fondo_Sur_Alto;2;6;Libre
363;Sector4_Fondo_Sur_Alto;1;1;Libre
364;Sector4_Fondo_Sur_Alto;1;2;Libre
365;Sector4_Fondo_Sur_Alto;1;3;Libre
366;Sector4_Fondo_Sur_Alto;1;4;Libre
367;Sector4_Fondo_Sur_Alto;1;5;Libre
368;Sector4_Fondo_Sur_Alto;1;6;Libre
369;Sector5_Fondo_Sur_Alto;8;1;Libre
370;Sector5_Fondo_Sur_Alto;8;2;Libre
371;Sector5_Fondo_Sur_Alto;8;3;Libre
372;Sector5_Fondo_Sur_Alto;8;4;Libre
373;Sector5_Fondo_Sur_Alto;8;5;Libre
374;Sector5_Fondo_Sur_Alto;8;6;Libre
375;Sector5_Fondo_Sur_Alto;8;7;Libre
376;Sector5_Fondo_Sur_Alto;8;8;Libre
377;Sector5_Fondo_Sur_Alto;8;9;Libre
378;Sector5_Fondo_Sur_Alto;8;10;Libre
379;Sector5_Fondo_Sur_Alto;8;11;Libre
380;Sector5_Fondo_Sur_Alto;8;12;Libre
381;Sector5_Fondo_Sur_Alto;8;13;Libre
382;Sector5_Fondo_Sur_Alto;8;14;Libre
383;Sector5_Fondo_Sur_Alto;8;15;Libre
384;Sector5_Fondo_Sur_Alto;8;16;Libre
385;Sector5_Fondo_Sur_Alto;8;17;Libre
386;Sector5_Fondo_Sur_Alto;8;18;Libre
387;Sector5_Fondo_Sur_Alto;8;19;Libre
388;Sector5_Fondo_Sur_Alto;8;20;Libre
389;Sector5_Fondo_Sur_Alto;7;1;Libre
390;Sector5_Fondo_Sur_Alto;7;2;Libre
391;Sector5_Fondo_Sur_Alto;7;3;Libre
392;Sector5_Fondo_Sur_Alto;7;4;Libre
393;Sector5_Fondo_Sur_Alto;7;5;Libre
394;Sector5_Fondo_Sur_Alto;7;6;Libre
395;Sector5_Fondo_Sur_Alto;7;7;Libre
396;Sector5_Fondo_Sur_Alto;7;8;Libre
397;Sector5_Fondo_Sur_Alto;7;9;Libre
398;Sector5_Fondo_Sur_Alto;7;10;Libre
399;Sector5_Fondo_Sur_Alto;7;11;Libre
400;Sector5_Fondo_Sur_Alto;7;12;Libre
401;Sector5_Fondo_Sur_Alto;7;13;Libre
402;Sector5_Fondo_Sur_Alto;7;14;Libre
403;Sector5_Fondo_Sur_Alto;7;15;Libre
404;Sector5_Fondo_Sur_Alto;7;16;Libre
405;Sector5_Fondo_Sur_Alto;7;17;Libre
406;Sector5_Fondo_Sur_Alto;7;18;Libre
407;Sector5_Fondo_Sur_Alto;7;19;Libre
408;Sector5_Fondo_Sur_Alto;7;20;Libre
409;Sector5_Fondo_Sur_Alto;6;1;Libre
410;Sector5_Fondo_Sur_Alto;6;2;Libre
411;Sector5_Fondo_Sur_Alto;6;3;Libre
412;Sector5_Fondo_Sur_Alto;6;4;Libre
413;Sector5_Fondo_Sur_Alto;6;5;Libre
414;Sector5_Fondo_Sur_Alto;6;6;Libre
415;Sector5_Fondo_Sur_Alto;6;7;Libre
416;Sector5_Fondo_Sur_Alto;6;8;Libre
417;Sector5_Fondo_Sur_Alto;6;9;Libre
418;Sector5_Fondo_Sur_Alto;6;10;Libre
419;Sector5_Fondo_Sur_Alto;6;11;Libre
420;Sector5_Fondo_Sur_Alto;6;12;Libre
421;Sector5_Fondo_Sur_Alto;6;13;Libre
422;Sector5_Fondo_Sur_Alto;6;14;Libre
423;Sector5_Fondo_Sur_Alto;6;15;Libre
424;Sector5_Fondo_Sur_Alto;6;16;Libre
425;Sector5_Fondo_Sur_Alto;6;17;Libre
426;Sector5_Fondo_Sur_Alto;6;18;Libre
427;Sector5_Fondo_Sur_Alto;6;19;Libre
428;Sector5_Fondo_Sur_Alto;6;20;Libre
429;Sector5_Fondo_Sur_Alto;5;1;Libre
430;Sector5_Fondo_Sur_Alto;5;2;Libre
431;Sector5_Fondo_Sur_Alto;5;3;Libre
432;Sector5_Fondo_Sur_Alto;5;4;Libre
433;Sector5_Fondo_Sur_Alto;5;5;Libre
434;Sector5_Fondo_Sur_Alto;5;6;Libre
435;Sector5_Fondo_Sur_Alto;5;7;Libre
436;Sector5_Fondo_Sur_Alto;5;8;Libre
437;Sector5_Fondo_Sur_Alto;5;9;Libre
438;Sector5_Fondo_Sur_Alto;5;10;Libre
439;Sector5_Fondo_Sur_Alto;5;11;Libre
440;Sector5_Fondo_Sur_Alto;5;12;Libre
441;Sector5_Fondo_Sur_Alto;5;13;Libre
442;Sector5_Fondo_Sur_Alto;5;14;Libre
443;Sector5_Fondo_Sur_Alto;5;15;Libre
444;Sector5_Fondo_Sur_Alto;5;16;Libre
445;Sector5_Fondo_Sur_Alto;5;17;Libre
446;Sector5_Fondo_Sur_Alto;5;18;Libre
447;Sector5_Fondo_Sur_Alto;5;19;Libre
448;Sector5_Fondo_Sur_Alto;5;20;Libre
449;Sector5_Fondo_Sur_Alto;4;1;Libre
450;Sector5_Fondo_Sur_Alto;4;2;Libre
451;Sector5_Fondo_Sur_Alto;4;3;Libre
452;Sector5_Fondo_Sur_Alto;4;4;Libre
453;Sector5_Fondo_Sur_Alto;4;5;Libre
454;Sector5_Fondo_Sur_Alto;4;6;Libre
455;Sector5_Fondo_Sur_Alto;4;7;Libre
456;Sector5_Fondo_Sur_Alto;4;8;Libre
457;Sector5_Fondo_Sur_Alto;4;9;Libre
458;Sector5_Fondo_Sur_Alto;4;10;Libre
459;Sector5_Fondo_Sur_Alto;4;11;Libre
460;Sector5_Fondo_Sur_Alto;4;12;Libre
461;Sector5_Fondo_Sur_Alto;4;13;Libre
462;Sector5_Fondo_Sur_Alto;4;14;Libre
463;Sector5_Fondo_Sur_Alto;4;15;Libre
464;Sector5_Fondo_Sur_Alto;4;16;Libre
465;Sector5_Fondo_Sur_Alto;4;17;Libre
466;Sector5_Fondo_Sur_Alto;4;18;Libre
467;Sector5_Fondo_Sur_Alto;4;19;Libre
468;Sector5_Fondo_Sur_Alto;4;20;Libre
469;Sector5_Fondo_Sur_Alto;3;1;Libre
470;Sector5_Fondo_Sur_Alto;3;2;Libre
471;Sector5_Fondo_Sur_Alto;3;3;Libre
472;Sector5_Fondo_Sur_Alto;3;4;Libre
473;Sector5_Fondo_Sur_Alto;3;5;Libre
474;Sector5_Fondo_Sur_Alto;3;6;Libre
475;Sector5_Fondo_Sur_Alto;3;7;Libre
476;Sector5_Fondo_Sur_Alto;3;8;Libre
477;Sector5_Fondo_Sur_Alto;3;9;Libre
478;Sector5_Fondo_Sur_Alto;3;10;Libre
479;Sector5_Fondo_Sur_Alto;3;11;Libre
480;Sector5_Fondo_Sur_Alto;3;12;Libre
481;Sector5_Fondo_Sur_Alto;3;13;Libre
482;Sector5_Fondo_Sur_Alto;3;14;Libre
483;Sector5_Fondo_Sur_Alto;3;15;Libre
484;Sector5_Fondo_Sur_Alto;3;16;Libre
485;Sector5_Fondo_Sur_Alto;3;17;Libre
486;Sector5_Fondo_Sur_Alto;3;18;Libre
487;Sector5_Fondo_Sur_Alto;3;19;Libre
488;Sector5_Fondo_Sur_Alto;3;20;Libre
489;Sector5_Fondo_Sur_Alto;2;1;Libre
490;Sector5_Fondo_Sur_Alto;2;2;Libre
491;Sector5_Fondo_Sur_Alto;2;3;Libre
492;Sector5_Fondo_Sur_Alto;2;4;Libre
493;Sector5_Fondo_Sur_Alto;2;5;Libre
494;Sector5_Fondo_Sur_Alto;2;6;Libre
495;Sector5_Fondo_Sur_Alto;2;7;Libre
496;Sector5_Fondo_Sur_Alto;2;8;Libre
497;Sector5_Fondo_Sur_Alto;2;9;Libre
498;Sector5_Fondo_Sur_Alto;2;10;Libre
499;Sector5_Fondo_Sur_Alto;2;11;Libre
500;Sector5_Fondo_Sur_Alto;2;12;Libre
501;Sector5_Fondo_Sur_Alto;2;13;Libre
502;Sector5_Fondo_Sur_Alto;2;14;Libre
503;Sector5_Fondo_Sur_Alto;2;15;Libre
504;Sector5_Fondo_Sur_Alto;2;16;Libre
505;Sector5_Fondo_Sur_Alto;2;17;Libre
506;Sector5_Fondo_Sur_Alto;2;18;Libre
507;Sector5_Fondo_Sur_Alto;2;19;Libre
508;Sector5_Fondo_Sur_Alto;2;20;Libre
509;Sector5_Fondo_Sur_Alto;1;1;Libre
510;Sector5_Fondo_Sur_Alto;1;2;Libre
511;Sector5_Fondo_Sur_Alto;1;3;Libre
512;Sector5_Fondo_Sur_Alto;1;4;Libre
513;Sector5_Fondo_Sur_Alto;1;5;Libre
514;Sector5_Fondo_Sur_Alto;1;6;Libre
515;Sector5_Fondo_Sur_Alto;1;7;Libre
516;Sector5_Fondo_Sur_Alto;1;8;Libre
517;Sector5_Fondo_Sur_Alto;1;9;Libre
518;Sector5_Fondo_Sur_Alto;1;10;Libre
519;Sector5_Fondo_Sur_Alto;1;11;Libre
520;Sector5_Fondo_Sur_Alto;1;12;Libre
521;Sector5_Fondo_Sur_Alto;1;13;Libre
522;Sector5_Fondo_Sur_Alto;1;14;Libre
523;Sector5_Fondo_Sur_Alto;1;15;Libre
524;Sector5_Fondo_Sur_Alto;1;16;Libre
525;Sector5_Fondo_Sur_Alto;1;17;Libre
526;Sector5_Fondo_Sur_Alto;1;18;Libre
527;Sector5_Fondo_Sur_Alto;1;19;Libre
528;Sector5_Fondo_Sur_Alto;1;20;Libre
529;Sector6_Fondo_Sur_Alto;4;1;Libre
530;Sector6_Fondo_Sur_Alto;4;2;Libre
531;Sector6_Fondo_Sur_Alto;4;3;Libre
532;Sector6_Fondo_Sur_Alto;4;4;Libre
533;Sector6_Fondo_Sur_Alto;4;5;Libre
534;Sector6_Fondo_Sur_Alto;4;6;Libre
535;Sector6_Fondo_Sur_Alto;3;1;Libre
536;Sector6_Fondo_Sur_Alto;3;2;Libre
537;Sector6_Fondo_Sur_Alto;3;3;Libre
538;Sector6_Fondo_Sur_Alto;3;4;Libre
539;Sector6_Fondo_Sur_Alto;3;5;Libre
540;Sector6_Fondo_Sur_Alto;3;6;Libre
541;Sector6_Fondo_Sur_Alto;2;1;Libre
542;Sector6_Fondo_Sur_Alto;2;2;Libre
543;Sector6_Fondo_Sur_Alto;2;3;Libre
544;Sector6_Fondo_Sur_Alto;2;4;Libre
545;Sector6_Fondo_Sur_Alto;2;5;Libre
546;Sector6_Fondo_Sur_Alto;2;6;Libre
547;Sector6_Fondo_Sur_Alto;1;1;Libre
548;Sector6_Fondo_Sur_Alto;1;2;Libre
549;Sector6_Fondo_Sur_Alto;1;3;Libre
550;Sector6_Fondo_Sur_Alto;1;4;Libre
551;Sector6_Fondo_Sur_Alto;1;5;Libre
552;Sector6_Fondo_Sur_Alto;1;6;Libre
553;Sector7_Fondo_Sur_Alto;8;1;Libre
554;Sector7_Fondo_Sur_Alto;8;2;Libre
555;Sector7_Fondo_Sur_Alto;8;3;Libre
556;Sector7_Fondo_Sur_Alto;8;4;Libre
557;Sector7_Fondo_Sur_Alto;8;5;Libre
558;Sector7_Fondo_Sur_Alto;8;6;Libre
559;Sector7_Fondo_Sur_Alto;8;7;Libre
560;Sector7_Fondo_Sur_Alto;8;8;Libre
561;Sector7_Fondo_Sur_Alto;8;9;Libre
562;Sector7_Fondo_Sur_Alto;8;10;Libre
563;Sector7_Fondo_Sur_Alto;8;11;Libre
564;Sector7_Fondo_Sur_Alto;8;12;Libre
565;Sector7_Fondo_Sur_Alto;8;13;Libre
566;Sector7_Fondo_Sur_Alto;8;14;Libre
567;Sector7_Fondo_Sur_Alto;8;15;Libre
568;Sector7_Fondo_Sur_Alto;8;16;Libre
569;Sector7_Fondo_Sur_Alto;8;17;Libre
570;Sector7_Fondo_Sur_Alto;8;18;Libre
571;Sector7_Fondo_Sur_Alto;8;19;Libre
572;Sector7_Fondo_Sur_Alto;8;20;Libre
573;Sector7_Fondo_Sur_Alto;7;1;Libre
574;Sector7_Fondo_Sur_Alto;7;2;Libre
575;Sector7_Fondo_Sur_Alto;7;3;Libre
576;Sector7_Fondo_Sur_Alto;7;4;Libre
577;Sector7_Fondo_Sur_Alto;7;5;Libre
578;Sector7_Fondo_Sur_Alto;7;6;Libre
579;Sector7_Fondo_Sur_Alto;7;7;Libre
580;Sector7_Fondo_Sur_Alto;7;8;Libre
581;Sector7_Fondo_Sur_Alto;7;9;Libre
582;Sector7_Fondo_Sur_Alto;7;10;Libre
583;Sector7_Fondo_Sur_Alto;7;11;Libre
584;Sector7_Fondo_Sur_Alto;7;12;Libre
585;Sector7_Fondo_Sur_Alto;7;13;Libre
586;Sector7_Fondo_Sur_Alto;7;14;Libre
587;Sector7_Fondo_Sur_Alto;7;15;Libre
588;Sector7_Fondo_Sur_Alto;7;16;Libre
589;Sector7_Fondo_Sur_Alto;7;17;Libre
590;Sector7_Fondo_Sur_Alto;7;18;Libre
591;Sector7_Fondo_Sur_Alto;7;19;Libre
592;Sector7_Fondo_Sur_Alto;7;20;Libre
593;Sector7_Fondo_Sur_Alto;6;1;Libre
594;Sector7_Fondo_Sur_Alto;6;2;Libre
595;Sector7_Fondo_Sur_Alto;6;3;Libre
596;Sector7_Fondo_Sur_Alto;6;4;Libre
597;Sector7_Fondo_Sur_Alto;6;5;Libre
598;Sector7_Fondo_Sur_Alto;6;6;Libre
599;Sector7_Fondo_Sur_Alto;6;7;Libre
600;Sector7_Fondo_Sur_Alto;6;8;Libre
601;Sector7_Fondo_Sur_Alto;6;9;Libre
602;Sector7_Fondo_Sur_Alto;6;10;Libre
603;Sector7_Fondo_Sur_Alto;6;11;Libre
604;Sector7_Fondo_Sur_Alto;6;12;Libre
605;Sector7_Fondo_Sur_Alto;6;13;Libre
606;Sector7_Fondo_Sur_Alto;6;14;Libre
607;Sector7_Fondo_Sur_Alto;6;15;Libre
608;Sector7_Fondo_Sur_Alto;6;16;Libre
609;Sector7_Fondo_Sur_Alto;6;17;Libre
610;Sector7_Fondo_Sur_Alto;6;18;Libre
611;Sector7_Fondo_Sur_Alto;6;19;Libre
612;Sector7_Fondo_Sur_Alto;6;20;Libre
613;Sector7_Fondo_Sur_Alto;5;1;Libre
614;Sector7_Fondo_Sur_Alto;5;2;Libre
615;Sector7_Fondo_Sur_Alto;5;3;Libre
616;Sector7_Fondo_Sur_Alto;5;4;Libre
617;Sector7_Fondo_Sur_Alto;5;5;Libre
618;Sector7_Fondo_Sur_Alto;5;6;Libre
619;Sector7_Fondo_Sur_Alto;5;7;Libre
620;Sector7_Fondo_Sur_Alto;5;8;Libre
621;Sector7_Fondo_Sur_Alto;5;9;Libre
622;Sector7_Fondo_Sur_Alto;5;10;Libre
623;Sector7_Fondo_Sur_Alto;5;11;Libre
624;Sector7_Fondo_Sur_Alto;5;12;Libre
625;Sector7_Fondo_Sur_Alto;5;13;Libre
626;Sector7_Fondo_Sur_Alto;5;14;Libre
627;Sector7_Fondo_Sur_Alto;5;15;Libre
628;Sector7_Fondo_Sur_Alto;5;16;Libre
629;Sector7_Fondo_Sur_Alto;5;17;Libre
630;Sector7_Fondo_Sur_Alto;5;18;Libre
631;Sector7_Fondo_Sur_Alto;5;19;Libre
632;Sector7_Fondo_Sur_Alto;5;20;Libre
633;Sector7_Fondo_Sur_Alto;4;1;Libre
634;Sector7_Fondo_Sur_Alto;4;2;Libre
635;Sector7_Fondo_Sur_Alto;4;3;Libre
636;Sector7_Fondo_Sur_Alto;4;4;Libre
637;Sector7_Fondo_Sur_Alto;4;5;Libre
638;Sector7_Fondo_Sur_Alto;4;6;Libre
639;Sector7_Fondo_Sur_Alto;4;7;Libre
640;Sector7_Fondo_Sur_Alto;4;8;Libre
641;Sector7_Fondo_Sur_Alto;4;9;Libre
642;Sector7_Fondo_Sur_Alto;4;10;Libre
643;Sector7_Fondo_Sur_Alto;4;11;Libre
644;Sector7_Fondo_Sur_Alto;4;12;Libre
645;Sector7_Fondo_Sur_Alto;4;13;Libre
646;Sector7_Fondo_Sur_Alto;4;14;Libre
647;Sector7_Fondo_Sur_Alto;4;15;Libre
648;Sector7_Fondo_Sur_Alto;4;16;Libre
649;Sector7_Fondo_Sur_Alto;4;17;Libre
650;Sector7_Fondo_Sur_Alto;4;18;Libre
651;Sector7_Fondo_Sur_Alto;4;19;Libre
652;Sector7_Fondo_Sur_Alto;4;20;Libre
653;Sector7_Fondo_Sur_Alto;3;1;Libre
654;Sector7_Fondo_Sur_Alto;3;2;Libre
655;Sector7_Fondo_Sur_Alto;3;3;Libre
656;Sector7_Fondo_Sur_Alto;3;4;Libre
657;Sector7_Fondo_Sur_Alto;3;5;Libre
658;Sector7_Fondo_Sur_Alto;3;6;Libre
659;Sector7_Fondo_Sur_Alto;3;7;Libre
660;Sector7_Fondo_Sur_Alto;3;8;Libre
661;Sector7_Fondo_Sur_Alto;3;9;Libre
662;Sector7_Fondo_Sur_Alto;3;10;Libre
663;Sector7_Fondo_Sur_Alto;3;11;Libre
664;Sector7_Fondo_Sur_Alto;3;12;Libre
665;Sector7_Fondo_Sur_Alto;3;13;Libre
666;Sector7_Fondo_Sur_Alto;3;14;Libre
667;Sector7_Fondo_Sur_Alto;3;15;Libre
668;Sector7_Fondo_Sur_Alto;3;16;Libre
669;Sector7_Fondo_Sur_Alto;3;17;Libre
670;Sector7_Fondo_Sur_Alto;3;18;Libre
671;Sector7_Fondo_Sur_Alto;3;19;Libre
672;Sector7_Fondo_Sur_Alto;3;20;Libre
673;Sector7_Fondo_Sur_Alto;2;1;Libre
674;Sector7_Fondo_Sur_Alto;2;2;Libre
675;Sector7_Fondo_Sur_Alto;2;3;Libre
676;Sector7_Fondo_Sur_Alto;2;4;Libre
677;Sector7_Fondo_Sur_Alto;2;5;Libre
678;Sector7_Fondo_Sur_Alto;2;6;Libre
679;Sector7_Fondo_Sur_Alto;2;7;Libre
680;Sector7_Fondo_Sur_Alto;2;8;Libre
681;Sector7_Fondo_Sur_Alto;2;9;Libre
682;Sector7_Fondo_Sur_Alto;2;10;Libre
683;Sector7_Fondo_Sur_Alto;2;11;Libre
684;Sector7_Fondo_Sur_Alto;2;12;Libre
685;Sector7_Fondo_Sur_Alto;2;13;Libre
686;Sector7_Fondo_Sur_Alto;2;14;Libre
687;Sector7_Fondo_Sur_Alto;2;15;Libre
688;Sector7_Fondo_Sur_Alto;2;16;Libre
689;Sector7_Fondo_Sur_Alto;2;17;Libre
690;Sector7_Fondo_Sur_Alto;2;18;Libre
691;Sector7_Fondo_Sur_Alto;2;19;Libre
692;Sector7_Fondo_Sur_Alto;2;20;Libre
693;Sector7_Fondo_Sur_Alto;1;1;Libre
694;Sector7_Fondo_Sur_Alto;1;2;Libre
695;Sector7_Fondo_Sur_Alto;1;3;Libre
696;Sector7_Fondo_Sur_Alto;1;4;Libre
697;Sector7_Fondo_Sur_Alto;1;5;Libre
698;Sector7_Fondo_Sur_Alto;1;6;Libre
699;Sector7_Fondo_Sur_Alto;1;7;Libre
700;Sector7_Fondo_Sur_Alto;1;8;Libre
701;Sector7_Fondo_Sur_Alto;1;9;Libre
702;Sector7_Fondo_Sur_Alto;1;10;Libre
703;Sector7_Fondo_Sur_Alto;1;11;Libre
704;Sector7_Fondo_Sur_Alto;1;12;Libre
705;Sector7_Fondo_Sur_Alto;1;13;Libre
706;Sector7_Fondo_Sur_Alto;1;14;Libre
707;Sector7_Fondo_Sur_Alto;1;15;Libre
708;Sector7_Fondo_Sur_Alto;1;16;Libre
709;Sector7_Fondo_Sur_Alto;1;17;Libre
710;Sector7_Fondo_Sur_Alto;1;18;Libre
711;Sector7_Fondo_Sur_Alto;1;19;Libre
712;Sector7_Fondo_Sur_Alto;1;20;Libre
713;Sector1_Fondo_Sur_Medio;7;1;Libre
714;Sector1_Fondo_Sur_Medio;7;2;Libre
715;Sector1_Fondo_Sur_Medio;7;3;Libre
716;Sector1_Fondo_Sur_Medio;7;4;Libre
717;Sector1_Fondo_Sur_Medio;7;5;Libre
718;Sector1_Fondo_Sur_Medio;7;6;Libre
719;Sector1_Fondo_Sur_Medio;7;7;Libre
720;Sector1_Fondo_Sur_Medio;7;8;Libre
721;Sector1_Fondo_Sur_Medio;7;9;Libre
722;Sector1_Fondo_Sur_Medio;7;10;Libre
723;Sector1_Fondo_Sur_Medio;7;11;Libre
724;Sector1_Fondo_Sur_Medio;7;12;Libre
725;Sector1_Fondo_Sur_Medio;7;13;Libre
726;Sector1_Fondo_Sur_Medio;7;14;Libre
727;Sector1_Fondo_Sur_Medio;7;15;Libre
728;Sector1_Fondo_Sur_Medio;7;16;Libre
729;Sector1_Fondo_Sur_Medio;7;17;Libre
730;Sector1_Fondo_Sur_Medio;7;18;Libre
731;Sector1_Fondo_Sur_Medio;7;19;Libre
732;Sector1_Fondo_Sur_Medio;7;20;Libre
733;Sector1_Fondo_Sur_Medio;6;1;Libre
734;Sector1_Fondo_Sur_Medio;6;2;Libre
735;Sector1_Fondo_Sur_Medio;6;3;Libre
736;Sector1_Fondo_Sur_Medio;6;4;Libre
737;Sector1_Fondo_Sur_Medio;6;5;Libre
738;Sector1_Fondo_Sur_Medio;6;6;Libre
739;Sector1_Fondo_Sur_Medio;6;7;Libre
740;Sector1_Fondo_Sur_Medio;6;8;Libre
741;Sector1_Fondo_Sur_Medio;6;9;Libre
742;Sector1_Fondo_Sur_Medio;6;10;Libre
743;Sector1_Fondo_Sur_Medio;6;11;Libre
744;Sector1_Fondo_Sur_Medio;6;12;Libre
745;Sector1_Fondo_Sur_Medio;6;13;Libre
746;Sector1_Fondo_Sur_Medio;6;14;Libre
747;Sector1_Fondo_Sur_Medio;6;15;Libre
748;Sector1_Fondo_Sur_Medio;6;16;Libre
749;Sector1_Fondo_Sur_Medio;6;17;Libre
750;Sector1_Fondo_Sur_Medio;6;18;Libre
751;Sector1_Fondo_Sur_Medio;6;19;Libre
752;Sector1_Fondo_Sur_Medio;6;20;Libre
753;Sector1_Fondo_Sur_Medio;5;1;Libre
754;Sector1_Fondo_Sur_Medio;5;2;Libre
755;Sector1_Fondo_Sur_Medio;5;3;Libre
756;Sector1_Fondo_Sur_Medio;5;4;Libre
757;Sector1_Fondo_Sur_Medio;5;5;Libre
758;Sector1_Fondo_Sur_Medio;5;6;Libre
759;Sector1_Fondo_Sur_Medio;5;7;Libre
760;Sector1_Fondo_Sur_Medio;5;8;Libre
761;Sector1_Fondo_Sur_Medio;5;9;Libre
762;Sector1_Fondo_Sur_Medio;5;10;Libre
763;Sector1_Fondo_Sur_Medio;5;11;Libre
764;Sector1_Fondo_Sur_Medio;5;12;Libre
765;Sector1_Fondo_Sur_Medio;5;13;Libre
766;Sector1_Fondo_Sur_Medio;5;14;Libre
767;Sector1_Fondo_Sur_Medio;5;15;Libre
768;Sector1_Fondo_Sur_Medio;5;16;Libre
769;Sector1_Fondo_Sur_Medio;5;17;Libre
770;Sector1_Fondo_Sur_Medio;5;18;Libre
771;Sector1_Fondo_Sur_Medio;5;19;Libre
772;Sector1_Fondo_Sur_Medio;5;20;Libre
773;Sector1_Fondo_Sur_Medio;4;1;Libre
774;Sector1_Fondo_Sur_Medio;4;2;Libre
775;Sector1_Fondo_Sur_Medio;4;3;Libre
776;Sector1_Fondo_Sur_Medio;4;4;Libre
777;Sector1_Fondo_Sur_Medio;4;5;Libre
778;Sector1_Fondo_Sur_Medio;4;6;Libre
779;Sector1_Fondo_Sur_Medio;4;7;Libre
780;Sector1_Fondo_Sur_Medio;4;8;Libre
781;Sector1_Fondo_Sur_Medio;4;9;Libre
782;Sector1_Fondo_Sur_Medio;4;10;Libre
783;Sector1_Fondo_Sur_Medio;4;11;Libre
784;Sector1_Fondo_Sur_Medio;4;12;Libre
785;Sector1_Fondo_Sur_Medio;4;13;Libre
786;Sector1_Fondo_Sur_Medio;4;14;Libre
787;Sector1_Fondo_Sur_Medio;4;15;Libre
788;Sector1_Fondo_Sur_Medio;4;16;Libre
789;Sector1_Fondo_Sur_Medio;4;17;Libre
790;Sector1_Fondo_Sur_Medio;4;18;Libre
791;Sector1_Fondo_Sur_Medio;4;19;Libre
792;Sector1_Fondo_Sur_Medio;4;20;Libre
793;Sector1_Fondo_Sur_Medio;3;1;Libre
794;Sector1_Fondo_Sur_Medio;3;2;Libre
795;Sector1_Fondo_Sur_Medio;3;3;Libre
796;Sector1_Fondo_Sur_Medio;3;4;Libre
797;Sector1_Fondo_Sur_Medio;3;5;Libre
798;Sector1_Fondo_Sur_Medio;3;6;Libre
799;Sector1_Fondo_Sur_Medio;3;7;Libre
800;Sector1_Fondo_Sur_Medio;3;8;Libre
801;Sector1_Fondo_Sur_Medio;3;9;Libre
802;Sector1_Fondo_Sur_Medio;3;10;Libre
803;Sector1_Fondo_Sur_Medio;3;11;Libre
804;Sector1_Fondo_Sur_Medio;3;12;Libre
805;Sector1_Fondo_Sur_Medio;3;13;Libre
806;Sector1_Fondo_Sur_Medio;3;14;Libre
807;Sector1_Fondo_Sur_Medio;3;15;Libre
808;Sector1_Fondo_Sur_Medio;3;16;Libre
809;Sector1_Fondo_Sur_Medio;3;17;Libre
810;Sector1_Fondo_Sur_Medio;3;18;Libre
811;Sector1_Fondo_Sur_Medio;3;19;Libre
812;Sector1_Fondo_Sur_Medio;3;20;Libre
813;Sector1_Fondo_Sur_Medio;2;1;Libre
814;Sector1_Fondo_Sur_Medio;2;2;Libre
815;Sector1_Fondo_Sur_Medio;2;3;Libre
816;Sector1_Fondo_Sur_Medio;2;4;Libre
817;Sector1_Fondo_Sur_Medio;2;5;Libre
818;Sector1_Fondo_Sur_Medio;2;6;Libre
819;Sector1_Fondo_Sur_Medio;2;7;Libre
820;Sector1_Fondo_Sur_Medio;2;8;Libre
821;Sector1_Fondo_Sur_Medio;2;9;Libre
822;Sector1_Fondo_Sur_Medio;2;10;Libre
823;Sector1_Fondo_Sur_Medio;2;11;Libre
824;Sector1_Fondo_Sur_Medio;2;12;Libre
825;Sector1_Fondo_Sur_Medio;2;13;Libre
826;Sector1_Fondo_Sur_Medio;2;14;Libre
827;Sector1_Fondo_Sur_Medio;2;15;Libre
828;Sector1_Fondo_Sur_Medio;2;16;Libre
829;Sector1_Fondo_Sur_Medio;2;17;Libre
830;Sector1_Fondo_Sur_Medio;2;18;Libre
831;Sector1_Fondo_Sur_Medio;2;19;Libre
832;Sector1_Fondo_Sur_Medio;2;20;Libre
833;Sector1_Fondo_Sur_Medio;1;1;Libre
834;Sector1_Fondo_Sur_Medio;1;2;Libre
835;Sector1_Fondo_Sur_Medio;1;3;Libre
836;Sector1_Fondo_Sur_Medio;1;4;Libre
837;Sector1_Fondo_Sur_Medio;1;5;Libre
838;Sector1_Fondo_Sur_Medio;1;6;Libre
839;Sector1_Fondo_Sur_Medio;1;7;Libre
840;Sector1_Fondo_Sur_Medio;1;8;Libre
841;Sector1_Fondo_Sur_Medio;1;9;Libre
842;Sector1_Fondo_Sur_Medio;1;10;Libre
843;Sector1_Fondo_Sur_Medio;1;11;Libre
844;Sector1_Fondo_Sur_Medio;1;12;Libre
845;Sector1_Fondo_Sur_Medio;1;13;Libre
846;Sector1_Fondo_Sur_Medio;1;14;Libre
847;Sector1_Fondo_Sur_Medio;1;15;Libre
848;Sector1_Fondo_Sur_Medio;1;16;Libre
849;Sector1_Fondo_Sur_Medio;1;17;Libre
850;Sector1_Fondo_Sur_Medio;1;18;Libre
851;Sector1_Fondo_Sur_Medio;1;19;Libre
852;Sector1_Fondo_Sur_Medio;1;20;Libre
853;Sector2_Fondo_Sur_Medio;7;1;Libre
854;Sector2_Fondo_Sur_Medio;7;2;Libre
855;Sector2_Fondo_Sur_Medio;7;3;Libre
856;Sector2_Fondo_Sur_Medio;7;4;Libre
857;Sector2_Fondo_Sur_Medio;7;5;Libre
858;Sector2_Fondo_Sur_Medio;7;6;Libre
859;Sector2_Fondo_Sur_Medio;7;7;Libre
860;Sector2_Fondo_Sur_Medio;7;8;Libre
861;Sector2_Fondo_Sur_Medio;7;9;Libre
862;Sector2_Fondo_Sur_Medio;7;10;Libre
863;Sector2_Fondo_Sur_Medio;7;11;Libre
864;Sector2_Fondo_Sur_Medio;7;12;Libre
865;Sector2_Fondo_Sur_Medio;7;13;Libre
866;Sector2_Fondo_Sur_Medio;7;14;Libre
867;Sector2_Fondo_Sur_Medio;7;15;Libre
868;Sector2_Fondo_Sur_Medio;7;16;Libre
869;Sector2_Fondo_Sur_Medio;7;17;Libre
870;Sector2_Fondo_Sur_Medio;7;18;Libre
871;Sector2_Fondo_Sur_Medio;7;19;Libre
872;Sector2_Fondo_Sur_Medio;7;20;Libre
873;Sector2_Fondo_Sur_Medio;6;1;Libre
874;Sector2_Fondo_Sur_Medio;6;2;Libre
875;Sector2_Fondo_Sur_Medio;6;3;Libre
876;Sector2_Fondo_Sur_Medio;6;4;Libre
877;Sector2_Fondo_Sur_Medio;6;5;Libre
878;Sector2_Fondo_Sur_Medio;6;6;Libre
879;Sector2_Fondo_Sur_Medio;6;7;Libre
880;Sector2_Fondo_Sur_Medio;6;8;Libre
881;Sector2_Fondo_Sur_Medio;6;9;Libre
882;Sector2_Fondo_Sur_Medio;6;10;Libre
883;Sector2_Fondo_Sur_Medio;6;11;Libre
884;Sector2_Fondo_Sur_Medio;6;12;Libre
885;Sector2_Fondo_Sur_Medio;6;13;Libre
886;Sector2_Fondo_Sur_Medio;6;14;Libre
887;Sector2_Fondo_Sur_Medio;6;15;Libre
888;Sector2_Fondo_Sur_Medio;6;16;Libre
889;Sector2_Fondo_Sur_Medio;6;17;Libre
890;Sector2_Fondo_Sur_Medio;6;18;Libre
891;Sector2_Fondo_Sur_Medio;6;19;Libre
892;Sector2_Fondo_Sur_Medio;6;20;Libre
893;Sector2_Fondo_Sur_Medio;5;1;Libre
894;Sector2_Fondo_Sur_Medio;5;2;Libre
895;Sector2_Fondo_Sur_Medio;5;3;Libre
896;Sector2_Fondo_Sur_Medio;5;4;Libre
897;Sector2_Fondo_Sur_Medio;5;5;Libre
898;Sector2_Fondo_Sur_Medio;5;6;Libre
899;Sector2_Fondo_Sur_Medio;5;7;Libre
900;Sector2_Fondo_Sur_Medio;5;8;Libre
901;Sector2_Fondo_Sur_Medio;5;9;Libre
902;Sector2_Fondo_Sur_Medio;5;10;Libre
903;Sector2_Fondo_Sur_Medio;5;11;Libre
904;Sector2_Fondo_Sur_Medio;5;12;Libre
905;Sector2_Fondo_Sur_Medio;5;13;Libre
906;Sector2_Fondo_Sur_Medio;5;14;Libre
907;Sector2_Fondo_Sur_Medio;5;15;Libre
908;Sector2_Fondo_Sur_Medio;5;16;Libre
909;Sector2_Fondo_Sur_Medio;5;17;Libre
910;Sector2_Fondo_Sur_Medio;5;18;Libre
911;Sector2_Fondo_Sur_Medio;5;19;Libre
912;Sector2_Fondo_Sur_Medio;5;20;Libre
913;Sector2_Fondo_Sur_Medio;4;1;Libre
914;Sector2_Fondo_Sur_Medio;4;2;Libre
915;Sector2_Fondo_Sur_Medio;4;3;Libre
916;Sector2_Fondo_Sur_Medio;4;4;Libre
917;Sector2_Fondo_Sur_Medio;4;5;Libre
918;Sector2_Fondo_Sur_Medio;4;6;Libre
919;Sector2_Fondo_Sur_Medio;4;7;Libre
920;Sector2_Fondo_Sur_Medio;4;8;Libre
921;Sector2_Fondo_Sur_Medio;4;9;Libre
922;Sector2_Fondo_Sur_Medio;4;10;Libre
923;Sector2_Fondo_Sur_Medio;4;11;Libre
924;Sector2_Fondo_Sur_Medio;4;12;Libre
925;Sector2_Fondo_Sur_Medio;4;13;Libre
926;Sector2_Fondo_Sur_Medio;4;14;Libre
927;Sector2_Fondo_Sur_Medio;4;15;Libre
928;Sector2_Fondo_Sur_Medio;4;16;Libre
929;Sector2_Fondo_Sur_Medio;4;17;Libre
930;Sector2_Fondo_Sur_Medio;4;18;Libre
931;Sector2_Fondo_Sur_Medio;4;19;Libre
932;Sector2_Fondo_Sur_Medio;4;20;Libre
933;Sector2_Fondo_Sur_Medio;3;1;Libre
934;Sector2_Fondo_Sur_Medio;3;2;Libre
935;Sector2_Fondo_Sur_Medio;3;3;Libre
936;Sector2_Fondo_Sur_Medio;3;4;Libre
937;Sector2_Fondo_Sur_Medio;3;5;Libre
938;Sector2_Fondo_Sur_Medio;3;6;Libre
939;Sector2_Fondo_Sur_Medio;3;7;Libre
940;Sector2_Fondo_Sur_Medio;3;8;Libre
941;Sector2_Fondo_Sur_Medio;3;9;Libre
942;Sector2_Fondo_Sur_Medio;3;10;Libre
943;Sector2_Fondo_Sur_Medio;3;11;Libre
944;Sector2_Fondo_Sur_Medio;3;12;Libre
945;Sector2_Fondo_Sur_Medio;3;13;Libre
946;Sector2_Fondo_Sur_Medio;3;14;Libre
947;Sector2_Fondo_Sur_Medio;3;15;Libre
948;Sector2_Fondo_Sur_Medio;3;16;Libre
949;Sector2_Fondo_Sur_Medio;3;17;Libre
950;Sector2_Fondo_Sur_Medio;3;18;Libre
951;Sector2_Fondo_Sur_Medio;3;19;Libre
952;Sector2_Fondo_Sur_Medio;3;20;Libre
953;Sector2_Fondo_Sur_Medio;2;1;Libre
954;Sector2_Fondo_Sur_Medio;2;2;Libre
955;Sector2_Fondo_Sur_Medio;2;3;Libre
956;Sector2_Fondo_Sur_Medio;2;4;Libre
957;Sector2_Fondo_Sur_Medio;2;5;Libre
958;Sector2_Fondo_Sur_Medio;2;6;Libre
959;Sector2_Fondo_Sur_Medio;2;7;Libre
960;Sector2_Fondo_Sur_Medio;2;8;Libre
961;Sector2_Fondo_Sur_Medio;2;9;Libre
962;Sector2_Fondo_Sur_Medio;2;10;Libre
963;Sector2_Fondo_Sur_Medio;2;11;Libre
964;Sector2_Fondo_Sur_Medio;2;12;Libre
965;Sector2_Fondo_Sur_Medio;2;13;Libre
966;Sector2_Fondo_Sur_Medio;2;14;Libre
967;Sector2_Fondo_Sur_Medio;2;15;Libre
968;Sector2_Fondo_Sur_Medio;2;16;Libre
969;Sector2_Fondo_Sur_Medio;2;17;Libre
970;Sector2_Fondo_Sur_Medio;2;18;Libre
971;Sector2_Fondo_Sur_Medio;2;19;Libre
972;Sector2_Fondo_Sur_Medio;2;20;Libre
973;Sector2_Fondo_Sur_Medio;1;1;Libre
974;Sector2_Fondo_Sur_Medio;1;2;Libre
975;Sector2_Fondo_Sur_Medio;1;3;Libre
976;Sector2_Fondo_Sur_Medio;1;4;Libre
977;Sector2_Fondo_Sur_Medio;1;5;Libre
978;Sector2_Fondo_Sur_Medio;1;6;Libre
979;Sector2_Fondo_Sur_Medio;1;7;Libre
980;Sector2_Fondo_Sur_Medio;1;8;Libre
981;Sector2_Fondo_Sur_Medio;1;9;Libre
982;Sector2_Fondo_Sur_Medio;1;10;Libre
983;Sector2_Fondo_Sur_Medio;1;11;Libre
984;Sector2_Fondo_Sur_Medio;1;12;Libre
985;Sector2_Fondo_Sur_Medio;1;13;Libre
986;Sector2_Fondo_Sur_Medio;1;14;Libre
987;Sector2_Fondo_Sur_Medio;1;15;Libre
988;Sector2_Fondo_Sur_Medio;1;16;Libre
989;Sector2_Fondo_Sur_Medio;1;17;Libre
990;Sector2_Fondo_Sur_Medio;1;18;Libre
991;Sector2_Fondo_Sur_Medio;1;19;Libre
992;Sector2_Fondo_Sur_Medio;1;20;Libre
993;Sector3_Fondo_Sur_Medio;7;1;Libre
994;Sector3_Fondo_Sur_Medio;7;2;Libre
995;Sector3_Fondo_Sur_Medio;7;3;Libre
996;Sector3_Fondo_Sur_Medio;7;4;Libre
997;Sector3_Fondo_Sur_Medio;7;5;Libre
998;Sector3_Fondo_Sur_Medio;7;6;Libre
999;Sector3_Fondo_Sur_Medio;7;7;Libre
1000;Sector3_Fondo_Sur_Medio;7;8;Libre
1001;Sector3_Fondo_Sur_Medio;7;9;Libre
1002;Sector3_Fondo_Sur_Medio;7;10;Libre
1003;Sector3_Fondo_Sur_Medio;7;11;Libre
1004;Sector3_Fondo_Sur_Medio;7;12;Libre
1005;Sector3_Fondo_Sur_Medio;7;13;Libre
1006;Sector3_Fondo_Sur_Medio;7;14;Libre
1007;Sector3_Fondo_Sur_Medio;7;15;Libre
1008;Sector3_Fondo_Sur_Medio;7;16;Libre
1009;Sector3_Fondo_Sur_Medio;7;17;Libre
1010;Sector3_Fondo_Sur_Medio;7;18;Libre
1011;Sector3_Fondo_Sur_Medio;7;19;Libre
1012;Sector3_Fondo_Sur_Medio;7;20;Libre
1013;Sector3_Fondo_Sur_Medio;6;1;Libre
1014;Sector3_Fondo_Sur_Medio;6;2;Libre
1015;Sector3_Fondo_Sur_Medio;6;3;Libre
1016;Sector3_Fondo_Sur_Medio;6;4;Libre
1017;Sector3_Fondo_Sur_Medio;6;5;Libre
1018;Sector3_Fondo_Sur_Medio;6;6;Libre
1019;Sector3_Fondo_Sur_Medio;6;7;Libre
1020;Sector3_Fondo_Sur_Medio;6;8;Libre
1021;Sector3_Fondo_Sur_Medio;6;9;Libre
1022;Sector3_Fondo_Sur_Medio;6;10;Libre
1023;Sector3_Fondo_Sur_Medio;6;11;Libre
1024;Sector3_Fondo_Sur_Medio;6;12;Libre
1025;Sector3_Fondo_Sur_Medio;6;13;Libre
1026;Sector3_Fondo_Sur_Medio;6;14;Libre
1027;Sector3_Fondo_Sur_Medio;6;15;Libre
1028;Sector3_Fondo_Sur_Medio;6;16;Libre
1029;Sector3_Fondo_Sur_Medio;6;17;Libre
1030;Sector3_Fondo_Sur_Medio;6;18;Libre
1031;Sector3_Fondo_Sur_Medio;6;19;Libre
1032;Sector3_Fondo_Sur_Medio;6;20;Libre
1033;Sector3_Fondo_Sur_Medio;5;1;Libre
1034;Sector3_Fondo_Sur_Medio;5;2;Libre
1035;Sector3_Fondo_Sur_Medio;5;3;Libre
1036;Sector3_Fondo_Sur_Medio;5;4;Libre
1037;Sector3_Fondo_Sur_Medio;5;5;Libre
1038;Sector3_Fondo_Sur_Medio;5;6;Libre
1039;Sector3_Fondo_Sur_Medio;5;7;Libre
1040;Sector3_Fondo_Sur_Medio;5;8;Libre
1041;Sector3_Fondo_Sur_Medio;5;9;Libre
1042;Sector3_Fondo_Sur_Medio;5;10;Libre
1043;Sector3_Fondo_Sur_Medio;5;11;Libre
1044;Sector3_Fondo_Sur_Medio;5;12;Libre
1045;Sector3_Fondo_Sur_Medio;5;13;Libre
1046;Sector3_Fondo_Sur_Medio;5;14;Libre
1047;Sector3_Fondo_Sur_Medio;5;15;Libre
1048;Sector3_Fondo_Sur_Medio;5;16;Libre
1049;Sector3_Fondo_Sur_Medio;5;17;Libre
1050;Sector3_Fondo_Sur_Medio;5;18;Libre
1051;Sector3_Fondo_Sur_Medio;5;19;Libre
1052;Sector3_Fondo_Sur_Medio;5;20;Libre
1053;Sector3_Fondo_Sur_Medio;4;1;Libre
1054;Sector3_Fondo_Sur_Medio;4;2;Libre
1055;Sector3_Fondo_Sur_Medio;4;3;Libre
1056;Sector3_Fondo_Sur_Medio;4;4;Libre
1057;Sector3_Fondo_Sur_Medio;4;5;Libre
1058;Sector3_Fondo_Sur_Medio;4;6;Libre
1059;Sector3_Fondo_Sur_Medio;4;7;Libre
1060;Sector3_Fondo_Sur_Medio;4;8;Libre
1061;Sector3_Fondo_Sur_Medio;4;9;Libre
1062;Sector3_Fondo_Sur_Medio;4;10;Libre
1063;Sector3_Fondo_Sur_Medio;4;11;Libre
1064;Sector3_Fondo_Sur_Medio;4;12;Libre
1065;Sector3_Fondo_Sur_Medio;4;13;Libre
1066;Sector3_Fondo_Sur_Medio;4;14;Libre
1067;Sector3_Fondo_Sur_Medio;4;15;Libre
1068;Sector3_Fondo_Sur_Medio;4;16;Libre
1069;Sector3_Fondo_Sur_Medio;4;17;Libre
1070;Sector3_Fondo_Sur_Medio;4;18;Libre
1071;Sector3_Fondo_Sur_Medio;4;19;Libre
1072;Sector3_Fondo_Sur_Medio;4;20;Libre
1073;Sector3_Fondo_Sur_Medio;3;1;Libre
1074;Sector3_Fondo_Sur_Medio;3;2;Libre
1075;Sector3_Fondo_Sur_Medio;3;3;Libre
1076;Sector3_Fondo_Sur_Medio;3;4;Libre
1077;Sector3_Fondo_Sur_Medio;3;5;Libre
1078;Sector3_Fondo_Sur_Medio;3;6;Libre
1079;Sector3_Fondo_Sur_Medio;3;7;Libre
1080;Sector3_Fondo_Sur_Medio;3;8;Libre
1081;Sector3_Fondo_Sur_Medio;3;9;Libre
1082;Sector3_Fondo_Sur_Medio;3;10;Libre
1083;Sector3_Fondo_Sur_Medio;3;11;Libre
1084;Sector3_Fondo_Sur_Medio;3;12;Libre
1085;Sector3_Fondo_Sur_Medio;3;13;Libre
1086;Sector3_Fondo_Sur_Medio;3;14;Libre
1087;Sector3_Fondo_Sur_Medio;3;15;Libre
1088;Sector3_Fondo_Sur_Medio;3;16;Libre
1089;Sector3_Fondo_Sur_Medio;3;17;Libre
1090;Sector3_Fondo_Sur_Medio;3;18;Libre
1091;Sector3_Fondo_Sur_Medio;3;19;Libre
1092;Sector3_Fondo_Sur_Medio;3;20;Libre
1093;Sector3_Fondo_Sur_Medio;2;1;Libre
1094;Sector3_Fondo_Sur_Medio;2;2;Libre
1095;Sector3_Fondo_Sur_Medio;2;3;Libre
1096;Sector3_Fondo_Sur_Medio;2;4;Libre
1097;Sector3_Fondo_Sur_Medio;2;5;Libre
1098;Sector3_Fondo_Sur_Medio;2;6;Libre
1099;Sector3_Fondo_Sur_Medio;2;7;Libre
1100;Sector3_Fondo_Sur_Medio;2;8;Libre
1101;Sector3_Fondo_Sur_Medio;2;9;Libre
1102;Sector3_Fondo_Sur_Medio;2;10;Libre
1103;Sector3_Fondo_Sur_Medio;2;11;Libre
1104;Sector3_Fondo_Sur_Medio;2;12;Libre
1105;Sector3_Fondo_Sur_Medio;2;13;Libre
1106;Sector3_Fondo_Sur_Medio;2;14;Libre
1107;Sector3_Fondo_Sur_Medio;2;15;Libre
1108;Sector3_Fondo_Sur_Medio;2;16;Libre
1109;Sector3_Fondo_Sur_Medio;2;17;Libre
1110;Sector3_Fondo_Sur_Medio;2;18;Libre
1111;Sector3_Fondo_Sur_Medio;2;19;Libre
1112;Sector3_Fondo_Sur_Medio;2;20;Libre
1113;Sector3_Fondo_Sur_Medio;1;1;Libre
1114;Sector3_Fondo_Sur_Medio;1;2;Libre
1115;Sector3_Fondo_Sur_Medio;1;3;Libre
1116;Sector3_Fondo_Sur_Medio;1;4;Libre
1117;Sector3_Fondo_Sur_Medio;1;5;Libre
1118;Sector3_Fondo_Sur_Medio;1;6;Libre
1119;Sector3_Fondo_Sur_Medio;1;7;Libre
1120;Sector3_Fondo_Sur_Medio;1;8;Libre
1121;Sector3_Fondo_Sur_Medio;1;9;Libre
1122;Sector3_Fondo_Sur_Medio;1;10;Libre
1123;Sector3_Fondo_Sur_Medio;1;11;Libre
1124;Sector3_Fondo_Sur_Medio;1;12;Libre
1125;Sector3_Fondo_Sur_Medio;1;13;Libre
1126;Sector3_Fondo_Sur_Medio;1;14;Libre
1127;Sector3_Fondo_Sur_Medio;1;15;Libre
1128;Sector3_Fondo_Sur_Medio;1;16;Libre
1129;Sector3_Fondo_Sur_Medio;1;17;Libre
1130;Sector3_Fondo_Sur_Medio;1;18;Libre
1131;Sector3_Fondo_Sur_Medio;1;19;Libre
1132;Sector3_Fondo_Sur_Medio;1;20;Libre
1133;Sector4_Fondo_Sur_Medio;7;1;Libre
1134;Sector4_Fondo_Sur_Medio;7;2;Libre
1135;Sector4_Fondo_Sur_Medio;7;3;Libre
1136;Sector4_Fondo_Sur_Medio;7;4;Libre
1137;Sector4_Fondo_Sur_Medio;7;5;Libre
1138;Sector4_Fondo_Sur_Medio;7;6;Libre
1139;Sector4_Fondo_Sur_Medio;7;7;Libre
1140;Sector4_Fondo_Sur_Medio;7;8;Libre
1141;Sector4_Fondo_Sur_Medio;7;9;Libre
1142;Sector4_Fondo_Sur_Medio;7;10;Libre
1143;Sector4_Fondo_Sur_Medio;7;11;Libre
1144;Sector4_Fondo_Sur_Medio;7;12;Libre
1145;Sector4_Fondo_Sur_Medio;7;13;Libre
1146;Sector4_Fondo_Sur_Medio;7;14;Libre
1147;Sector4_Fondo_Sur_Medio;7;15;Libre
1148;Sector4_Fondo_Sur_Medio;7;16;Libre
1149;Sector4_Fondo_Sur_Medio;7;17;Libre
1150;Sector4_Fondo_Sur_Medio;7;18;Libre
1151;Sector4_Fondo_Sur_Medio;7;19;Libre
1152;Sector4_Fondo_Sur_Medio;7;20;Libre
1153;Sector4_Fondo_Sur_Medio;6;1;Libre
1154;Sector4_Fondo_Sur_Medio;6;2;Libre
1155;Sector4_Fondo_Sur_Medio;6;3;Libre
1156;Sector4_Fondo_Sur_Medio;6;4;Libre
1157;Sector4_Fondo_Sur_Medio;6;5;Libre
1158;Sector4_Fondo_Sur_Medio;6;6;Libre
1159;Sector4_Fondo_Sur_Medio;6;7;Libre
1160;Sector4_Fondo_Sur_Medio;6;8;Libre
1161;Sector4_Fondo_Sur_Medio;6;9;Libre
1162;Sector4_Fondo_Sur_Medio;6;10;Libre
1163;Sector4_Fondo_Sur_Medio;6;11;Libre
1164;Sector4_Fondo_Sur_Medio;6;12;Libre
1165;Sector4_Fondo_Sur_Medio;6;13;Libre
1166;Sector4_Fondo_Sur_Medio;6;14;Libre
1167;Sector4_Fondo_Sur_Medio;6;15;Libre
1168;Sector4_Fondo_Sur_Medio;6;16;Libre
1169;Sector4_Fondo_Sur_Medio;6;17;Libre
1170;Sector4_Fondo_Sur_Medio;6;18;Libre
1171;Sector4_Fondo_Sur_Medio;6;19;Libre
1172;Sector4_Fondo_Sur_Medio;6;20;Libre
1173;Sector4_Fondo_Sur_Medio;5;1;Libre
1174;Sector4_Fondo_Sur_Medio;5;2;Libre
1175;Sector4_Fondo_Sur_Medio;5;3;Libre
1176;Sector4_Fondo_Sur_Medio;5;4;Libre
1177;Sector4_Fondo_Sur_Medio;5;5;Libre
1178;Sector4_Fondo_Sur_Medio;5;6;Libre
1179;Sector4_Fondo_Sur_Medio;5;7;Libre
1180;Sector4_Fondo_Sur_Medio;5;8;Libre
1181;Sector4_Fondo_Sur_Medio;5;9;Libre
1182;Sector4_Fondo_Sur_Medio;5;10;Libre
1183;Sector4_Fondo_Sur_Medio;5;11;Libre
1184;Sector4_Fondo_Sur_Medio;5;12;Libre
1185;Sector4_Fondo_Sur_Medio;5;13;Libre
1186;Sector4_Fondo_Sur_Medio;5;14;Libre
1187;Sector4_Fondo_Sur_Medio;5;15;Libre
1188;Sector4_Fondo_Sur_Medio;5;16;Libre
1189;Sector4_Fondo_Sur_Medio;5;17;Libre
1190;Sector4_Fondo_Sur_Medio;5;18;Libre
1191;Sector4_Fondo_Sur_Medio;5;19;Libre
1192;Sector4_Fondo_Sur_Medio;5;20;Libre
1193;Sector4_Fondo_Sur_Medio;4;1;Libre
1194;Sector4_Fondo_Sur_Medio;4;2;Libre
1195;Sector4_Fondo_Sur_Medio;4;3;Libre
1196;Sector4_Fondo_Sur_Medio;4;4;Libre
1197;Sector4_Fondo_Sur_Medio;4;5;Libre
1198;Sector4_Fondo_Sur_Medio;4;6;Libre
1199;Sector4_Fondo_Sur_Medio;4;7;Libre
1200;Sector4_Fondo_Sur_Medio;4;8;Libre
1201;Sector4_Fondo_Sur_Medio;4;9;Libre
1202;Sector4_Fondo_Sur_Medio;4;10;Libre
1203;Sector4_Fondo_Sur_Medio;4;11;Libre
1204;Sector4_Fondo_Sur_Medio;4;12;Libre
1205;Sector4_Fondo_Sur_Medio;4;13;Libre
1206;Sector4_Fondo_Sur_Medio;4;14;Libre
1207;Sector4_Fondo_Sur_Medio;4;15;Libre
1208;Sector4_Fondo_Sur_Medio;4;16;Libre
1209;Sector4_Fondo_Sur_Medio;4;17;Libre
1210;Sector4_Fondo_Sur_Medio;4;18;Libre
1211;Sector4_Fondo_Sur_Medio;4;19;Libre
1212;Sector4_Fondo_Sur_Medio;4;20;Libre
1213;Sector4_Fondo_Sur_Medio;3;1;Libre
1214;Sector4_Fondo_Sur_Medio;3;2;Libre
1215;Sector4_Fondo_Sur_Medio;3;3;Libre
1216;Sector4_Fondo_Sur_Medio;3;4;Libre
1217;Sector4_Fondo_Sur_Medio;3;5;Libre
1218;Sector4_Fondo_Sur_Medio;3;6;Libre
1219;Sector4_Fondo_Sur_Medio;3;7;Libre
1220;Sector4_Fondo_Sur_Medio;3;8;Libre
1221;Sector4_Fondo_Sur_Medio;3;9;Libre
1222;Sector4_Fondo_Sur_Medio;3;10;Libre
1223;Sector4_Fondo_Sur_Medio;3;11;Libre
1224;Sector4_Fondo_Sur_Medio;3;12;Libre
1225;Sector4_Fondo_Sur_Medio;3;13;Libre
1226;Sector4_Fondo_Sur_Medio;3;14;Libre
1227;Sector4_Fondo_Sur_Medio;3;15;Libre
1228;Sector4_Fondo_Sur_Medio;3;16;Libre
1229;Sector4_Fondo_Sur_Medio;3;17;Libre
1230;Sector4_Fondo_Sur_Medio;3;18;Libre
1231;Sector4_Fondo_Sur_Medio;3;19;Libre
1232;Sector4_Fondo_Sur_Medio;3;20;Libre
1233;Sector4_Fondo_Sur_Medio;2;1;Libre
1234;Sector4_Fondo_Sur_Medio;2;2;Libre
1235;Sector4_Fondo_Sur_Medio;2;3;Libre
1236;Sector4_Fondo_Sur_Medio;2;4;Libre
1237;Sector4_Fondo_Sur_Medio;2;5;Libre
1238;Sector4_Fondo_Sur_Medio;2;6;Libre
1239;Sector4_Fondo_Sur_Medio;2;7;Libre
1240;Sector4_Fondo_Sur_Medio;2;8;Libre
1241;Sector4_Fondo_Sur_Medio;2;9;Libre
1242;Sector4_Fondo_Sur_Medio;2;10;Libre
1243;Sector4_Fondo_Sur_Medio;2;11;Libre
1244;Sector4_Fondo_Sur_Medio;2;12;Libre
1245;Sector4_Fondo_Sur_Medio;2;13;Libre
1246;Sector4_Fondo_Sur_Medio;2;14;Libre
1247;Sector4_Fondo_Sur_Medio;2;15;Libre
1248;Sector4_Fondo_Sur_Medio;2;16;Libre
1249;Sector4_Fondo_Sur_Medio;2;17;Libre
1250;Sector4_Fondo_Sur_Medio;2;18;Libre
1251;Sector4_Fondo_Sur_Medio;2;19;Libre
1252;Sector4_Fondo_Sur_Medio;2;20;Libre
1253;Sector4_Fondo_Sur_Medio;1;1;Libre
1254;Sector4_Fondo_Sur_Medio;1;2;Libre
1255;Sector4_Fondo_Sur_Medio;1;3;Libre
1256;Sector4_Fondo_Sur_Medio;1;4;Libre
1257;Sector4_Fondo_Sur_Medio;1;5;Libre
1258;Sector4_Fondo_Sur_Medio;1;6;Libre
1259;Sector4_Fondo_Sur_Medio;1;7;Libre
1260;Sector4_Fondo_Sur_Medio;1;8;Libre
1261;Sector4_Fondo_Sur_Medio;1;9;Libre
1262;Sector4_Fondo_Sur_Medio;1;10;Libre
1263;Sector4_Fondo_Sur_Medio;1;11;Libre
1264;Sector4_Fondo_Sur_Medio;1;12;Libre
1265;Sector4_Fondo_Sur_Medio;1;13;Libre
1266;Sector4_Fondo_Sur_Medio;1;14;Libre
1267;Sector4_Fondo_Sur_Medio;1;15;Libre
1268;Sector4_Fondo_Sur_Medio;1;16;Libre
1269;Sector4_Fondo_Sur_Medio;1;17;Libre
1270;Sector4_Fondo_Sur_Medio;1;18;Libre
1271;Sector4_Fondo_Sur_Medio;1;19;Libre
1272;Sector4_Fondo_Sur_Medio;1;20;Libre
1273;Sector5_Fondo_Sur_Medio;7;1;Libre
1274;Sector5_Fondo_Sur_Medio;7;2;Libre
1275;Sector5_Fondo_Sur_Medio;7;3;Libre
1276;Sector5_Fondo_Sur_Medio;7;4;Libre
1277;Sector5_Fondo_Sur_Medio;7;5;Libre
1278;Sector5_Fondo_Sur_Medio;7;6;Libre
1279;Sector5_Fondo_Sur_Medio;7;7;Libre
1280;Sector5_Fondo_Sur_Medio;7;8;Libre
1281;Sector5_Fondo_Sur_Medio;7;9;Libre
1282;Sector5_Fondo_Sur_Medio;7;10;Libre
1283;Sector5_Fondo_Sur_Medio;7;11;Libre
1284;Sector5_Fondo_Sur_Medio;7;12;Libre
1285;Sector5_Fondo_Sur_Medio;7;13;Libre
1286;Sector5_Fondo_Sur_Medio;7;14;Libre
1287;Sector5_Fondo_Sur_Medio;7;15;Libre
1288;Sector5_Fondo_Sur_Medio;7;16;Libre
1289;Sector5_Fondo_Sur_Medio;7;17;Libre
1290;Sector5_Fondo_Sur_Medio;7;18;Libre
1291;Sector5_Fondo_Sur_Medio;7;19;Libre
1292;Sector5_Fondo_Sur_Medio;7;20;Libre
1293;Sector5_Fondo_Sur_Medio;6;1;Libre
1294;Sector5_Fondo_Sur_Medio;6;2;Libre
1295;Sector5_Fondo_Sur_Medio;6;3;Libre
1296;Sector5_Fondo_Sur_Medio;6;4;Libre
1297;Sector5_Fondo_Sur_Medio;6;5;Libre
1298;Sector5_Fondo_Sur_Medio;6;6;Libre
1299;Sector5_Fondo_Sur_Medio;6;7;Libre
1300;Sector5_Fondo_Sur_Medio;6;8;Libre
1301;Sector5_Fondo_Sur_Medio;6;9;Libre
1302;Sector5_Fondo_Sur_Medio;6;10;Libre
1303;Sector5_Fondo_Sur_Medio;6;11;Libre
1304;Sector5_Fondo_Sur_Medio;6;12;Libre
1305;Sector5_Fondo_Sur_Medio;6;13;Libre
1306;Sector5_Fondo_Sur_Medio;6;14;Libre
1307;Sector5_Fondo_Sur_Medio;6;15;Libre
1308;Sector5_Fondo_Sur_Medio;6;16;Libre
1309;Sector5_Fondo_Sur_Medio;6;17;Libre
1310;Sector5_Fondo_Sur_Medio;6;18;Libre
1311;Sector5_Fondo_Sur_Medio;6;19;Libre
1312;Sector5_Fondo_Sur_Medio;6;20;Libre
1313;Sector5_Fondo_Sur_Medio;5;1;Libre
1314;Sector5_Fondo_Sur_Medio;5;2;Libre
1315;Sector5_Fondo_Sur_Medio;5;3;Libre
1316;Sector5_Fondo_Sur_Medio;5;4;Libre
1317;Sector5_Fondo_Sur_Medio;5;5;Libre
1318;Sector5_Fondo_Sur_Medio;5;6;Libre
1319;Sector5_Fondo_Sur_Medio;5;7;Libre
1320;Sector5_Fondo_Sur_Medio;5;8;Libre
1321;Sector5_Fondo_Sur_Medio;5;9;Libre
1322;Sector5_Fondo_Sur_Medio;5;10;Libre
1323;Sector5_Fondo_Sur_Medio;5;11;Libre
1324;Sector5_Fondo_Sur_Medio;5;12;Libre
1325;Sector5_Fondo_Sur_Medio;5;13;Libre
1326;Sector5_Fondo_Sur_Medio;5;14;Libre
1327;Sector5_Fondo_Sur_Medio;5;15;Libre
1328;Sector5_Fondo_Sur_Medio;5;16;Libre
1329;Sector5_Fondo_Sur_Medio;5;17;Libre
1330;Sector5_Fondo_Sur_Medio;5;18;Libre
1331;Sector5_Fondo_Sur_Medio;5;19;Libre
1332;Sector5_Fondo_Sur_Medio;5;20;Libre
1333;Sector5_Fondo_Sur_Medio;4;1;Libre
1334;Sector5_Fondo_Sur_Medio;4;2;Libre
1335;Sector5_Fondo_Sur_Medio;4;3;Libre
1336;Sector5_Fondo_Sur_Medio;4;4;Libre
1337;Sector5_Fondo_Sur_Medio;4;5;Libre
1338;Sector5_Fondo_Sur_Medio;4;6;Libre
1339;Sector5_Fondo_Sur_Medio;4;7;Libre
1340;Sector5_Fondo_Sur_Medio;4;8;Libre
1341;Sector5_Fondo_Sur_Medio;4;9;Libre
1342;Sector5_Fondo_Sur_Medio;4;10;Libre
1343;Sector5_Fondo_Sur_Medio;4;11;Libre
1344;Sector5_Fondo_Sur_Medio;4;12;Libre
1345;Sector5_Fondo_Sur_Medio;4;13;Libre
1346;Sector5_Fondo_Sur_Medio;4;14;Libre
1347;Sector5_Fondo_Sur_Medio;4;15;Libre
1348;Sector5_Fondo_Sur_Medio;4;16;Libre
1349;Sector5_Fondo_Sur_Medio;4;17;Libre
1350;Sector5_Fondo_Sur_Medio;4;18;Libre
1351;Sector5_Fondo_Sur_Medio;4;19;Libre
1352;Sector5_Fondo_Sur_Medio;4;20;Libre
1353;Sector5_Fondo_Sur_Medio;3;1;Libre
1354;Sector5_Fondo_Sur_Medio;3;2;Libre
1355;Sector5_Fondo_Sur_Medio;3;3;Libre
1356;Sector5_Fondo_Sur_Medio;3;4;Libre
1357;Sector5_Fondo_Sur_Medio;3;5;Libre
1358;Sector5_Fondo_Sur_Medio;3;6;Libre
1359;Sector5_Fondo_Sur_Medio;3;7;Libre
1360;Sector5_Fondo_Sur_Medio;3;8;Libre
1361;Sector5_Fondo_Sur_Medio;3;9;Libre
1362;Sector5_Fondo_Sur_Medio;3;10;Libre
1363;Sector5_Fondo_Sur_Medio;3;11;Libre
1364;Sector5_Fondo_Sur_Medio;3;12;Libre
1365;Sector5_Fondo_Sur_Medio;3;13;Libre
1366;Sector5_Fondo_Sur_Medio;3;14;Libre
1367;Sector5_Fondo_Sur_Medio;3;15;Libre
1368;Sector5_Fondo_Sur_Medio;3;16;Libre
1369;Sector5_Fondo_Sur_Medio;3;17;Libre
1370;Sector5_Fondo_Sur_Medio;3;18;Libre
1371;Sector5_Fondo_Sur_Medio;3;19;Libre
1372;Sector5_Fondo_Sur_Medio;3;20;Libre
1373;Sector5_Fondo_Sur_Medio;2;1;Libre
1374;Sector5_Fondo_Sur_Medio;2;2;Libre
1375;Sector5_Fondo_Sur_Medio;2;3;Libre
1376;Sector5_Fondo_Sur_Medio;2;4;Libre
1377;Sector5_Fondo_Sur_Medio;2;5;Libre
1378;Sector5_Fondo_Sur_Medio;2;6;Libre
1379;Sector5_Fondo_Sur_Medio;2;7;Libre
1380;Sector5_Fondo_Sur_Medio;2;8;Libre
1381;Sector5_Fondo_Sur_Medio;2;9;Libre
1382;Sector5_Fondo_Sur_Medio;2;10;Libre
1383;Sector5_Fondo_Sur_Medio;2;11;Libre
1384;Sector5_Fondo_Sur_Medio;2;12;Libre
1385;Sector5_Fondo_Sur_Medio;2;13;Libre
1386;Sector5_Fondo_Sur_Medio;2;14;Libre
1387;Sector5_Fondo_Sur_Medio;2;15;Libre
1388;Sector5_Fondo_Sur_Medio;2;16;Libre
1389;Sector5_Fondo_Sur_Medio;2;17;Libre
1390;Sector5_Fondo_Sur_Medio;2;18;Libre
1391;Sector5_Fondo_Sur_Medio;2;19;Libre
1392;Sector5_Fondo_Sur_Medio;2;20;Libre
1393;Sector5_Fondo_Sur_Medio;1;1;Libre
1394;Sector5_Fondo_Sur_Medio;1;2;Libre
1395;Sector5_Fondo_Sur_Medio;1;3;Libre
1396;Sector5_Fondo_Sur_Medio;1;4;Libre
1397;Sector5_Fondo_Sur_Medio;1;5;Libre
1398;Sector5_Fondo_Sur_Medio;1;6;Libre
1399;Sector5_Fondo_Sur_Medio;1;7;Libre
1400;Sector5_Fondo_Sur_Medio;1;8;Libre
1401;Sector5_Fondo_Sur_Medio;1;9;Libre
1402;Sector5_Fondo_Sur_Medio;1;10;Libre
1403;Sector5_Fondo_Sur_Medio;1;11;Libre
1404;Sector5_Fondo_Sur_Medio;1;12;Libre
1405;Sector5_Fondo_Sur_Medio;1;13;Libre
1406;Sector5_Fondo_Sur_Medio;1;14;Libre
1407;Sector5_Fondo_Sur_Medio;1;15;Libre
1408;Sector5_Fondo_Sur_Medio;1;16;Libre
1409;Sector5_Fondo_Sur_Medio;1;17;Libre
1410;Sector5_Fondo_Sur_Medio;1;18;Libre
1411;Sector5_Fondo_Sur_Medio;1;19;Libre
1412;Sector5_Fondo_Sur_Medio;1;20;Libre
