8163;Sector1_Fondo_Norte_Medio;7;1;Libre
8164;Sector1_Fondo_Norte_Medio;7;2;Libre
8165;Sector1_Fondo_Norte_Medio;7;3;Libre
8166;Sector1_Fondo_Norte_Medio;7;4;Libre
8167;Sector1_Fondo_Norte_Medio;7;5;Libre
8168;Sector1_Fondo_Norte_Medio;7;6;Libre
8169;Sector1_Fondo_Norte_Medio;7;7;Libre
8170;Sector1_Fondo_Norte_Medio;7;8;Libre
8171;Sector1_Fondo_Norte_Medio;7;9;Libre
8172;Sector1_Fondo_Norte_Medio;7;10;Libre
8173;Sector1_Fondo_Norte_Medio;7;11;Libre
8174;Sector1_Fondo_Norte_Medio;7;12;Libre
8175;Sector1_Fondo_Norte_Medio;7;13;Libre
8176;Sector1_Fondo_Norte_Medio;7;14;Libre
8177;Sector1_Fondo_Norte_Medio;7;15;Libre
8178;Sector1_Fondo_Norte_Medio;7;16;Libre
8179;Sector1_Fondo_Norte_Medio;7;17;Libre
8180;Sector1_Fondo_Norte_Medio;7;18;Libre
8181;Sector1_Fondo_Norte_Medio;7;19;Libre
8182;Sector1_Fondo_Norte_Medio;7;20;Libre
8183;Sector1_Fondo_Norte_Medio;6;1;Libre
8184;Sector1_Fondo_Norte_Medio;6;2;Libre
8185;Sector1_Fondo_Norte_Medio;6;3;Libre
8186;Sector1_Fondo_Norte_Medio;6;4;Libre
8187;Sector1_Fondo_Norte_Medio;6;5;Libre
8188;Sector1_Fondo_Norte_Medio;6;6;Libre
8189;Sector1_Fondo_Norte_Medio;6;7;Libre
8190;Sector1_Fondo_Norte_Medio;6;8;Libre
8191;Sector1_Fondo_Norte_Medio;6;9;Libre
8192;Sector1_Fondo_Norte_Medio;6;10;Libre
8193;Sector1_Fondo_Norte_Medio;6;11;Libre
8194;Sector1_Fondo_Norte_Medio;6;12;Libre
8195;Sector1_Fondo_Norte_Medio;6;13;Libre
8196;Sector1_Fondo_Norte_Medio;6;14;Libre
8197;Sector1_Fondo_Norte_Medio;6;15;Libre
8198;Sector1_Fondo_Norte_Medio;6;16;Libre
8199;Sector1_Fondo_Norte_Medio;6;17;Libre
8200;Sector1_Fondo_Norte_Medio;6;18;Libre
8201;Sector1_Fondo_Norte_Medio;6;19;Libre
8202;Sector1_Fondo_Norte_Medio;6;20;Libre
8203;Sector1_Fondo_Norte_Medio;5;1;Libre
8204;Sector1_Fondo_Norte_Medio;5;2;Libre
8205;Sector1_Fondo_Norte_Medio;5;3;Libre
8206;Sector1_Fondo_Norte_Medio;5;4;Libre
8207;Sector1_Fondo_Norte_Medio;5;5;Libre
8208;Sector1_Fondo_Norte_Medio;5;6;Libre
8209;Sector1_Fondo_Norte_Medio;5;7;Libre
8210;Sector1_Fondo_Norte_Medio;5;8;Libre
8211;Sector1_Fondo_Norte_Medio;5;9;Libre
8212;Sector1_Fondo_Norte_Medio;5;10;Libre
8213;Sector1_Fondo_Norte_Medio;5;11;Libre
8214;Sector1_Fondo_Norte_Medio;5;12;Libre
8215;Sector1_Fondo_Norte_Medio;5;13;Libre
8216;Sector1_Fondo_Norte_Medio;5;14;Libre
8217;Sector1_Fondo_Norte_Medio;5;15;Libre
8218;Sector1_Fondo_Norte_Medio;5;16;Libre
8219;Sector1_Fondo_Norte_Medio;5;17;Libre
8220;Sector1_Fondo_Norte_Medio;5;18;Libre
8221;Sector1_Fondo_Norte_Medio;5;19;Libre
8222;Sector1_Fondo_Norte_Medio;5;20;Libre
8223;Sector1_Fondo_Norte_Medio;4;1;Libre
8224;Sector1_Fondo_Norte_Medio;4;2;Libre
8225;Sector1_Fondo_Norte_Medio;4;3;Libre
8226;Sector1_Fondo_Norte_Medio;4;4;Libre
8227;Sector1_Fondo_Norte_Medio;4;5;Libre
8228;Sector1_Fondo_Norte_Medio;4;6;Libre
8229;Sector1_Fondo_Norte_Medio;4;7;Libre
8230;Sector1_Fondo_Norte_Medio;4;8;Libre
8231;Sector1_Fondo_Norte_Medio;4;9;Libre
8232;Sector1_Fondo_Norte_Medio;4;10;Libre
8233;Sector1_Fondo_Norte_Medio;4;11;Libre
8234;Sector1_Fondo_Norte_Medio;4;12;Libre
8235;Sector1_Fondo_Norte_Medio;4;13;Libre
8236;Sector1_Fondo_Norte_Medio;4;14;Libre
8237;Sector1_Fondo_Norte_Medio;4;15;Libre
8238;Sector1_Fondo_Norte_Medio;4;16;Libre
8239;Sector1_Fondo_Norte_Medio;4;17;Libre
8240;Sector1_Fondo_Norte_Medio;4;18;Libre
8241;Sector1_Fondo_Norte_Medio;4;19;Libre
8242;Sector1_Fondo_Norte_Medio;4;20;Libre
8243;Sector1_Fondo_Norte_Medio;3;1;Libre
8244;Sector1_Fondo_Norte_Medio;3;2;Libre
8245;Sector1_Fondo_Norte_Medio;3;3;Libre
8246;Sector1_Fondo_Norte_Medio;3;4;Libre
8247;Sector1_Fondo_Norte_Medio;3;5;Libre
8248;Sector1_Fondo_Norte_Medio;3;6;Libre
8249;Sector1_Fondo_Norte_Medio;3;7;Libre
8250;Sector1_Fondo_Norte_Medio;3;8;Libre
8251;Sector1_Fondo_Norte_Medio;3;9;Libre
8252;Sector1_Fondo_Norte_Medio;3;10;Libre
8253;Sector1_Fondo_Norte_Medio;3;11;Libre
8254;Sector1_Fondo_Norte_Medio;3;12;Libre
8255;Sector1_Fondo_Norte_Medio;3;13;Libre
8256;Sector1_Fondo_Norte_Medio;3;14;Libre
8257;Sector1_Fondo_Norte_Medio;3;15;Libre
8258;Sector1_Fondo_Norte_Medio;3;16;Libre
8259;Sector1_Fondo_Norte_Medio;3;17;Libre
8260;Sector1_Fondo_Norte_Medio;3;18;Libre
8261;Sector1_Fondo_Norte_Medio;3;19;Libre
8262;Sector1_Fondo_Norte_Medio;3;20;Libre
8263;Sector1_Fondo_Norte_Medio;2;1;Libre
8264;Sector1_Fondo_Norte_Medio;2;2;Libre
8265;Sector1_Fondo_Norte_Medio;2;3;Libre
8266;Sector1_Fondo_Norte_Medio;2;4;Libre
8267;Sector1_Fondo_Norte_Medio;2;5;Libre
8268;Sector1_Fondo_Norte_Medio;2;6;Libre
8269;Sector1_Fondo_Norte_Medio;2;7;Libre
8270;Sector1_Fondo_Norte_Medio;2;8;Libre
8271;Sector1_Fondo_Norte_Medio;2;9;Libre
8272;Sector1_Fondo_Norte_Medio;2;10;Libre
8273;Sector1_Fondo_Norte_Medio;2;11;Libre
8274;Sector1_Fondo_Norte_Medio;2;12;Libre
8275;Sector1_Fondo_Norte_Medio;2;13;Libre
8276;Sector1_Fondo_Norte_Medio;2;14;Libre
8277;Sector1_Fondo_Norte_Medio;2;15;Libre
8278;Sector1_Fondo_Norte_Medio;2;16;Libre
8279;Sector1_Fondo_Norte_Medio;2;17;Libre
8280;Sector1_Fondo_Norte_Medio;2;18;Libre
8281;Sector1_Fondo_Norte_Medio;2;19;Libre
8282;Sector1_Fondo_Norte_Medio;2;20;Libre
8283;Sector1_Fondo_Norte_Medio;1;1;Libre
8284;Sector1_Fondo_Norte_Medio;1;2;Libre
8285;Sector1_Fondo_Norte_Medio;1;3;Libre
8286;Sector1_Fondo_Norte_Medio;1;4;Libre
8287;Sector1_Fondo_Norte_Medio;1;5;Libre
8288;Sector1_Fondo_Norte_Medio;1;6;Libre
8289;Sector1_Fondo_Norte_Medio;1;7;Libre
8290;Sector1_Fondo_Norte_Medio;1;8;Libre
8291;Sector1_Fondo_Norte_Medio;1;9;Libre
8292;Sector1_Fondo_Norte_Medio;1;10;Libre
8293;Sector1_Fondo_Norte_Medio;1;11;Libre
8294;Sector1_Fondo_Norte_Medio;1;12;Libre
8295;Sector1_Fondo_Norte_Medio;1;13;Libre
8296;Sector1_Fondo_Norte_Medio;1;14;Libre
8297;Sector1_Fondo_Norte_Medio;1;15;Libre
8298;Sector1_Fondo_Norte_Medio;1;16;Libre
8299;Sector1_Fondo_Norte_Medio;1;17;Libre
8300;Sector1_Fondo_Norte_Medio;1;18;Libre
8301;Sector1_Fondo_Norte_Medio;1;19;Libre
8302;Sector1_Fondo_Norte_Medio;1;20;Libre
8303;Sector2_Fondo_Norte_Medio;7;1;Libre
8304;Sector2_Fondo_Norte_Medio;7;2;Libre
8305;Sector2_Fondo_Norte_Medio;7;3;Libre
8306;Sector2_Fondo_Norte_Medio;7;4;Libre
8307;Sector2_Fondo_Norte_Medio;7;5;Libre
8308;Sector2_Fondo_Norte_Medio;7;6;Libre
8309;Sector2_Fondo_Norte_Medio;7;7;Libre
8310;Sector2_Fondo_Norte_Medio;7;8;Libre
8311;Sector2_Fondo_Norte_Medio;7;9;Libre
8312;Sector2_Fondo_Norte_Medio;7;10;Libre
8313;Sector2_Fondo_Norte_Medio;7;11;Libre
8314;Sector2_Fondo_Norte_Medio;7;12;Libre
8315;Sector2_Fondo_Norte_Medio;7;13;Libre
8316;Sector2_Fondo_Norte_Medio;7;14;Libre
8317;Sector2_Fondo_Norte_Medio;7;15;Libre
8318;Sector2_Fondo_Norte_Medio;7;16;Libre
8319;Sector2_Fondo_Norte_Medio;7;17;Libre
8320;Sector2_Fondo_Norte_Medio;7;18;Libre
8321;Sector2_Fondo_Norte_Medio;7;19;Libre
8322;Sector2_Fondo_Norte_Medio;7;20;Libre
8323;Sector2_Fondo_Norte_Medio;6;1;Libre
8324;Sector2_Fondo_Norte_Medio;6;2;Libre
8325;Sector2_Fondo_Norte_Medio;6;3;Libre
8326;Sector2_Fondo_Norte_Medio;6;4;Libre
8327;Sector2_Fondo_Norte_Medio;6;5;Libre
8328;Sector2_Fondo_Norte_Medio;6;6;Libre
8329;Sector2_Fondo_Norte_Medio;6;7;Libre
8330;Sector2_Fondo_Norte_Medio;6;8;Libre
8331;Sector2_Fondo_Norte_Medio;6;9;Libre
8332;Sector2_Fondo_Norte_Medio;6;10;Libre
8333;Sector2_Fondo_Norte_Medio;6;11;Libre
8334;Sector2_Fondo_Norte_Medio;6;12;Libre
8335;Sector2_Fondo_Norte_Medio;6;13;Libre
8336;Sector2_Fondo_Norte_Medio;6;14;Libre
8337;Sector2_Fondo_Norte_Medio;6;15;Libre
8338;Sector2_Fondo_Norte_Medio;6;16;Libre
8339;Sector2_Fondo_Norte_Medio;6;17;Libre
8340;Sector2_Fondo_Norte_Medio;6;18;Libre
8341;Sector2_Fondo_Norte_Medio;6;19;Libre
8342;Sector2_Fondo_Norte_Medio;6;20;Libre
8343;Sector2_Fondo_Norte_Medio;5;1;Libre
8344;Sector2_Fondo_Norte_Medio;5;2;Libre
8345;Sector2_Fondo_Norte_Medio;5;3;Libre
8346;Sector2_Fondo_Norte_Medio;5;4;Libre
8347;Sector2_Fondo_Norte_Medio;5;5;Libre
8348;Sector2_Fondo_Norte_Medio;5;6;Libre
8349;Sector2_Fondo_Norte_Medio;5;7;Libre
8350;Sector2_Fondo_Norte_Medio;5;8;Libre
8351;Sector2_Fondo_Norte_Medio;5;9;Libre
8352;Sector2_Fondo_Norte_Medio;5;10;Libre
8353;Sector2_Fondo_Norte_Medio;5;11;Libre
8354;Sector2_Fondo_Norte_Medio;5;12;Libre
8355;Sector2_Fondo_Norte_Medio;5;13;Libre
8356;Sector2_Fondo_Norte_Medio;5;14;Libre
8357;Sector2_Fondo_Norte_Medio;5;15;Libre
8358;Sector2_Fondo_Norte_Medio;5;16;Libre
8359;Sector2_Fondo_Norte_Medio;5;17;Libre
8360;Sector2_Fondo_Norte_Medio;5;18;Libre
8361;Sector2_Fondo_Norte_Medio;5;19;Libre
8362;Sector2_Fondo_Norte_Medio;5;20;Libre
8363;Sector2_Fondo_Norte_Medio;4;1;Libre
8364;Sector2_Fondo_Norte_Medio;4;2;Libre
8365;Sector2_Fondo_Norte_Medio;4;3;Libre
8366;Sector2_Fondo_Norte_Medio;4;4;Libre
8367;Sector2_Fondo_Norte_Medio;4;5;Libre
8368;Sector2_Fondo_Norte_Medio;4;6;Libre
8369;Sector2_Fondo_Norte_Medio;4;7;Libre
8370;Sector2_Fondo_Norte_Medio;4;8;Libre
8371;Sector2_Fondo_Norte_Medio;4;9;Libre
8372;Sector2_Fondo_Norte_Medio;4;10;Libre
8373;Sector2_Fondo_Norte_Medio;4;11;Libre
8374;Sector2_Fondo_Norte_Medio;4;12;Libre
8375;Sector2_Fondo_Norte_Medio;4;13;Libre
8376;Sector2_Fondo_Norte_Medio;4;14;Libre
8377;Sector2_Fondo_Norte_Medio;4;15;Libre
8378;Sector2_Fondo_Norte_Medio;4;16;Libre
8379;Sector2_Fondo_Norte_Medio;4;17;Libre
8380;Sector2_Fondo_Norte_Medio;4;18;Libre
8381;Sector2_Fondo_Norte_Medio;4;19;Libre
8382;Sector2_Fondo_Norte_Medio;4;20;Libre
8383;Sector2_Fondo_Norte_Medio;3;1;Libre
8384;Sector2_Fondo_Norte_Medio;3;2;Libre
8385;Sector2_Fondo_Norte_Medio;3;3;Libre
8386;Sector2_Fondo_Norte_Medio;3;4;Libre
8387;Sector2_Fondo_Norte_Medio;3;5;Libre
8388;Sector2_Fondo_Norte_Medio;3;6;Libre
8389;Sector2_Fondo_Norte_Medio;3;7;Libre
8390;Sector2_Fondo_Norte_Medio;3;8;Libre
8391;Sector2_Fondo_Norte_Medio;3;9;Libre
8392;Sector2_Fondo_Norte_Medio;3;10;Libre
8393;Sector2_Fondo_Norte_Medio;3;11;Libre
8394;Sector2_Fondo_Norte_Medio;3;12;Libre
8395;Sector2_Fondo_Norte_Medio;3;13;Libre
8396;Sector2_Fondo_Norte_Medio;3;14;Libre
8397;Sector2_Fondo_Norte_Medio;3;15;Libre
8398;Sector2_Fondo_Norte_Medio;3;16;Libre
8399;Sector2_Fondo_Norte_Medio;3;17;Libre
8400;Sector2_Fondo_Norte_Medio;3;18;Libre
8401;Sector2_Fondo_Norte_Medio;3;19;Libre
8402;Sector2_Fondo_Norte_Medio;3;20;Libre
8403;Sector2_Fondo_Norte_Medio;2;1;Libre
8404;Sector2_Fondo_Norte_Medio;2;2;Libre
8405;Sector2_Fondo_Norte_Medio;2;3;Libre
8406;Sector2_Fondo_Norte_Medio;2;4;Libre
8407;Sector2_Fondo_Norte_Medio;2;5;Libre
8408;Sector2_Fondo_Norte_Medio;2;6;Libre
8409;Sector2_Fondo_Norte_Medio;2;7;Libre
8410;Sector2_Fondo_Norte_Medio;2;8;Libre
8411;Sector2_Fondo_Norte_Medio;2;9;Libre
8412;Sector2_Fondo_Norte_Medio;2;10;Libre
8413;Sector2_Fondo_Norte_Medio;2;11;Libre
8414;Sector2_Fondo_Norte_Medio;2;12;Libre
8415;Sector2_Fondo_Norte_Medio;2;13;Libre
8416;Sector2_Fondo_Norte_Medio;2;14;Libre
8417;Sector2_Fondo_Norte_Medio;2;15;Libre
8418;Sector2_Fondo_Norte_Medio;2;16;Libre
8419;Sector2_Fondo_Norte_Medio;2;17;Libre
8420;Sector2_Fondo_Norte_Medio;2;18;Libre
8421;Sector2_Fondo_Norte_Medio;2;19;Libre
8422;Sector2_Fondo_Norte_Medio;2;20;Libre
8423;Sector2_Fondo_Norte_Medio;1;1;Libre
8424;Sector2_Fondo_Norte_Medio;1;2;Libre
8425;Sector2_Fondo_Norte_Medio;1;3;Libre
8426;Sector2_Fondo_Norte_Medio;1;4;Libre
8427;Sector2_Fondo_Norte_Medio;1;5;Libre
8428;Sector2_Fondo_Norte_Medio;1;6;Libre
8429;Sector2_Fondo_Norte_Medio;1;7;Libre
8430;Sector2_Fondo_Norte_Medio;1;8;Libre
8431;Sector2_Fondo_Norte_Medio;1;9;Libre
8432;Sector2_Fondo_Norte_Medio;1;10;Libre
8433;Sector2_Fondo_Norte_Medio;1;11;Libre
8434;Sector2_Fondo_Norte_Medio;1;12;Libre
8435;Sector2_Fondo_Norte_Medio;1;13;Libre
8436;Sector2_Fondo_Norte_Medio;1;14;Libre
8437;Sector2_Fondo_Norte_Medio;1;15;Libre
8438;Sector2_Fondo_Norte_Medio;1;16;Libre
8439;Sector2_Fondo_Norte_Medio;1;17;Libre
8440;Sector2_Fondo_Norte_Medio;1;18;Libre
8441;Sector2_Fondo_Norte_Medio;1;19;Libre
8442;Sector2_Fondo_Norte_Medio;1;20;Libre
8443;Sector3_Fondo_Norte_Medio;7;1;Libre
8444;Sector3_Fondo_Norte_Medio;7;2;Libre
8445;Sector3_Fondo_Norte_Medio;7;3;Libre
8446;Sector3_Fondo_Norte_Medio;7;4;Libre
8447;Sector3_Fondo_Norte_Medio;7;5;Libre
8448;Sector3_Fondo_Norte_Medio;7;6;Libre
8449;Sector3_Fondo_Norte_Medio;7;7;Libre
8450;Sector3_Fondo_Norte_Medio;7;8;Libre
8451;Sector3_Fondo_Norte_Medio;7;9;Libre
8452;Sector3_Fondo_Norte_Medio;7;10;Libre
8453;Sector3_Fondo_Norte_Medio;7;11;Libre
8454;Sector3_Fondo_Norte_Medio;7;12;Libre
8455;Sector3_Fondo_Norte_Medio;7;13;Libre
8456;Sector3_Fondo_Norte_Medio;7;14;Libre
8457;Sector3_Fondo_Norte_Medio;7;15;Libre
8458;Sector3_Fondo_Norte_Medio;7;16;Libre
8459;Sector3_Fondo_Norte_Medio;7;17;Libre
8460;Sector3_Fondo_Norte_Medio;7;18;Libre
8461;Sector3_Fondo_Norte_Medio;7;19;Libre
8462;Sector3_Fondo_Norte_Medio;7;20;Libre
8463;Sector3_Fondo_Norte_Medio;6;1;Libre
8464;Sector3_Fondo_Norte_Medio;6;2;Libre
8465;Sector3_Fondo_Norte_Medio;6;3;Libre
8466;Sector3_Fondo_Norte_Medio;6;4;Libre
8467;Sector3_Fondo_Norte_Medio;6;5;Libre
8468;Sector3_Fondo_Norte_Medio;6;6;Libre
8469;Sector3_Fondo_Norte_Medio;6;7;Libre
8470;Sector3_Fondo_Norte_Medio;6;8;Libre
8471;Sector3_Fondo_Norte_Medio;6;9;Libre
8472;Sector3_Fondo_Norte_Medio;6;10;Libre
8473;Sector3_Fondo_Norte_Medio;6;11;Libre
8474;Sector3_Fondo_Norte_Medio;6;12;Libre
8475;Sector3_Fondo_Norte_Medio;6;13;Libre
8476;Sector3_Fondo_Norte_Medio;6;14;Libre
8477;Sector3_Fondo_Norte_Medio;6;15;Libre
8478;Sector3_Fondo_Norte_Medio;6;16;Libre
8479;Sector3_Fondo_Norte_Medio;6;17;Libre
8480;Sector3_Fondo_Norte_Medio;6;18;Libre
8481;Sector3_Fondo_Norte_Medio;6;19;Libre
8482;Sector3_Fondo_Norte_Medio;6;20;Libre
8483;Sector3_Fondo_Norte_Medio;5;1;Libre
8484;Sector3_Fondo_Norte_Medio;5;2;Libre
8485;Sector3_Fondo_Norte_Medio;5;3;Libre
8486;Sector3_Fondo_Norte_Medio;5;4;Libre
8487;Sector3_Fondo_Norte_Medio;5;5;Libre
8488;Sector3_Fondo_Norte_Medio;5;6;Libre
8489;Sector3_Fondo_Norte_Medio;5;7;Libre
8490;Sector3_Fondo_Norte_Medio;5;8;Libre
8491;Sector3_Fondo_Norte_Medio;5;9;Libre
8492;Sector3_Fondo_Norte_Medio;5;10;Libre
8493;Sector3_Fondo_Norte_Medio;5;11;Libre
8494;Sector3_Fondo_Norte_Medio;5;12;Libre
8495;Sector3_Fondo_Norte_Medio;5;13;Libre
8496;Sector3_Fondo_Norte_Medio;5;14;Libre
8497;Sector3_Fondo_Norte_Medio;5;15;Libre
8498;Sector3_Fondo_Norte_Medio;5;16;Libre
8499;Sector3_Fondo_Norte_Medio;5;17;Libre
8500;Sector3_Fondo_Norte_Medio;5;18;Libre
8501;Sector3_Fondo_Norte_Medio;5;19;Libre
8502;Sector3_Fondo_Norte_Medio;5;20;Libre
8503;Sector3_Fondo_Norte_Medio;4;1;Libre
8504;Sector3_Fondo_Norte_Medio;4;2;Libre
8505;Sector3_Fondo_Norte_Medio;4;3;Libre
8506;Sector3_Fondo_Norte_Medio;4;4;Libre
8507;Sector3_Fondo_Norte_Medio;4;5;Libre
8508;Sector3_Fondo_Norte_Medio;4;6;Libre
8509;Sector3_Fondo_Norte_Medio;4;7;Libre
8510;Sector3_Fondo_Norte_Medio;4;8;Libre
8511;Sector3_Fondo_Norte_Medio;4;9;Libre
8512;Sector3_Fondo_Norte_Medio;4;10;Libre
8513;Sector3_Fondo_Norte_Medio;4;11;Libre
8514;Sector3_Fondo_Norte_Medio;4;12;Libre
8515;Sector3_Fondo_Norte_Medio;4;13;Libre
8516;Sector3_Fondo_Norte_Medio;4;14;Libre
8517;Sector3_Fondo_Norte_Medio;4;15;Libre
8518;Sector3_Fondo_Norte_Medio;4;16;Libre
8519;Sector3_Fondo_Norte_Medio;4;17;Libre
8520;Sector3_Fondo_Norte_Medio;4;18;Libre
8521;Sector3_Fondo_Norte_Medio;4;19;Libre
8522;Sector3_Fondo_Norte_Medio;4;20;Libre
8523;Sector3_Fondo_Norte_Medio;3;1;Libre
8524;Sector3_Fondo_Norte_Medio;3;2;Libre
8525;Sector3_Fondo_Norte_Medio;3;3;Libre
8526;Sector3_Fondo_Norte_Medio;3;4;Libre
8527;Sector3_Fondo_Norte_Medio;3;5;Libre
8528;Sector3_Fondo_Norte_Medio;3;6;Libre
8529;Sector3_Fondo_Norte_Medio;3;7;Libre
8530;Sector3_Fondo_Norte_Medio;3;8;Libre
8531;Sector3_Fondo_Norte_Medio;3;9;Libre
8532;Sector3_Fondo_Norte_Medio;3;10;Libre
8533;Sector3_Fondo_Norte_Medio;3;11;Libre
8534;Sector3_Fondo_Norte_Medio;3;12;Libre
8535;Sector3_Fondo_Norte_Medio;3;13;Libre
8536;Sector3_Fondo_Norte_Medio;3;14;Libre
8537;Sector3_Fondo_Norte_Medio;3;15;Libre
8538;Sector3_Fondo_Norte_Medio;3;16;Libre
8539;Sector3_Fondo_Norte_Medio;3;17;Libre
8540;Sector3_Fondo_Norte_Medio;3;18;Libre
8541;Sector3_Fondo_Norte_Medio;3;19;Libre
8542;Sector3_Fondo_Norte_Medio;3;20;Libre
8543;Sector3_Fondo_Norte_Medio;2;1;Libre
8544;Sector3_Fondo_Norte_Medio;2;2;Libre
8545;Sector3_Fondo_Norte_Medio;2;3;Libre
8546;Sector3_Fondo_Norte_Medio;2;4;Libre
8547;Sector3_Fondo_Norte_Medio;2;5;Libre
8548;Sector3_Fondo_Norte_Medio;2;6;Libre
8549;Sector3_Fondo_Norte_Medio;2;7;Libre
8550;Sector3_Fondo_Norte_Medio;2;8;Libre
8551;Sector3_Fondo_Norte_Medio;2;9;Libre
8552;Sector3_Fondo_Norte_Medio;2;10;Libre
8553;Sector3_Fondo_Norte_Medio;2;11;Libre
8554;Sector3_Fondo_Norte_Medio;2;12;Libre
8555;Sector3_Fondo_Norte_Medio;2;13;Libre
8556;Sector3_Fondo_Norte_Medio;2;14;Libre
8557;Sector3_Fondo_Norte_Medio;2;15;Libre
8558;Sector3_Fondo_Norte_Medio;2;16;Libre
8559;Sector3_Fondo_Norte_Medio;2;17;Libre
8560;Sector3_Fondo_Norte_Medio;2;18;Libre
8561;Sector3_Fondo_Norte_Medio;2;19;Libre
8562;Sector3_Fondo_Norte_Medio;2;20;Libre
8563;Sector3_Fondo_Norte_Medio;1;1;Libre
8564;Sector3_Fondo_Norte_Medio;1;2;Libre
8565;Sector3_Fondo_Norte_Medio;1;3;Libre
8566;Sector3_Fondo_Norte_Medio;1;4;Libre
8567;Sector3_Fondo_Norte_Medio;1;5;Libre
8568;Sector3_Fondo_Norte_Medio;1;6;Libre
8569;Sector3_Fondo_Norte_Medio;1;7;Libre
8570;Sector3_Fondo_Norte_Medio;1;8;Libre
8571;Sector3_Fondo_Norte_Medio;1;9;Libre
8572;Sector3_Fondo_Norte_Medio;1;10;Libre
8573;Sector3_Fondo_Norte_Medio;1;11;Libre
8574;Sector3_Fondo_Norte_Medio;1;12;Libre
8575;Sector3_Fondo_Norte_Medio;1;13;Libre
8576;Sector3_Fondo_Norte_Medio;1;14;Libre
8577;Sector3_Fondo_Norte_Medio;1;15;Libre
8578;Sector3_Fondo_Norte_Medio;1;16;Libre
8579;Sector3_Fondo_Norte_Medio;1;17;Libre
8580;Sector3_Fondo_Norte_Medio;1;18;Libre
8581;Sector3_Fondo_Norte_Medio;1;19;Libre
8582;Sector3_Fondo_Norte_Medio;1;20;Libre
8583;Sector4_Fondo_Norte_Medio;7;1;Libre
8584;Sector4_Fondo_Norte_Medio;7;2;Libre
8585;Sector4_Fondo_Norte_Medio;7;3;Libre
8586;Sector4_Fondo_Norte_Medio;7;4;Libre
8587;Sector4_Fondo_Norte_Medio;7;5;Libre
8588;Sector4_Fondo_Norte_Medio;7;6;Libre
8589;Sector4_Fondo_Norte_Medio;7;7;Libre
8590;Sector4_Fondo_Norte_Medio;7;8;Libre
8591;Sector4_Fondo_Norte_Medio;7;9;Libre
8592;Sector4_Fondo_Norte_Medio;7;10;Libre
8593;Sector4_Fondo_Norte_Medio;7;11;Libre
8594;Sector4_Fondo_Norte_Medio;7;12;Libre
8595;Sector4_Fondo_Norte_Medio;7;13;Libre
8596;Sector4_Fondo_Norte_Medio;7;14;Libre
8597;Sector4_Fondo_Norte_Medio;7;15;Libre
8598;Sector4_Fondo_Norte_Medio;7;16;Libre
8599;Sector4_Fondo_Norte_Medio;7;17;Libre
8600;Sector4_Fondo_Norte_Medio;7;18;Libre
8601;Sector4_Fondo_Norte_Medio;7;19;Libre
8602;Sector4_Fondo_Norte_Medio;7;20;Libre
8603;Sector4_Fondo_Norte_Medio;6;1;Libre
8604;Sector4_Fondo_Norte_Medio;6;2;Libre
8605;Sector4_Fondo_Norte_Medio;6;3;Libre
8606;Sector4_Fondo_Norte_Medio;6;4;Libre
8607;Sector4_Fondo_Norte_Medio;6;5;Libre
8608;Sector4_Fondo_Norte_Medio;6;6;Libre
8609;Sector4_Fondo_Norte_Medio;6;7;Libre
8610;Sector4_Fondo_Norte_Medio;6;8;Libre
8611;Sector4_Fondo_Norte_Medio;6;9;Libre
8612;Sector4_Fondo_Norte_Medio;6;10;Libre
8613;Sector4_Fondo_Norte_Medio;6;11;Libre
8614;Sector4_Fondo_Norte_Medio;6;12;Libre
8615;Sector4_Fondo_Norte_Medio;6;13;Libre
8616;Sector4_Fondo_Norte_Medio;6;14;Libre
8617;Sector4_Fondo_Norte_Medio;6;15;Libre
8618;Sector4_Fondo_Norte_Medio;6;16;Libre
8619;Sector4_Fondo_Norte_Medio;6;17;Libre
8620;Sector4_Fondo_Norte_Medio;6;18;Libre
8621;Sector4_Fondo_Norte_Medio;6;19;Libre
8622;Sector4_Fondo_Norte_Medio;6;20;Libre
8623;Sector4_Fondo_Norte_Medio;5;1;Libre
8624;Sector4_Fondo_Norte_Medio;5;2;Libre
8625;Sector4_Fondo_Norte_Medio;5;3;Libre
8626;Sector4_Fondo_Norte_Medio;5;4;Libre
8627;Sector4_Fondo_Norte_Medio;5;5;Libre
8628;Sector4_Fondo_Norte_Medio;5;6;Libre
8629;Sector4_Fondo_Norte_Medio;5;7;Libre
8630;Sector4_Fondo_Norte_Medio;5;8;Libre
8631;Sector4_Fondo_Norte_Medio;5;9;Libre
8632;Sector4_Fondo_Norte_Medio;5;10;Libre
8633;Sector4_Fondo_Norte_Medio;5;11;Libre
8634;Sector4_Fondo_Norte_Medio;5;12;Libre
8635;Sector4_Fondo_Norte_Medio;5;13;Libre
8636;Sector4_Fondo_Norte_Medio;5;14;Libre
8637;Sector4_Fondo_Norte_Medio;5;15;Libre
8638;Sector4_Fondo_Norte_Medio;5;16;Libre
8639;Sector4_Fondo_Norte_Medio;5;17;Libre
8640;Sector4_Fondo_Norte_Medio;5;18;Libre
8641;Sector4_Fondo_Norte_Medio;5;19;Libre
8642;Sector4_Fondo_Norte_Medio;5;20;Libre
8643;Sector4_Fondo_Norte_Medio;4;1;Libre
8644;Sector4_Fondo_Norte_Medio;4;2;Libre
8645;Sector4_Fondo_Norte_Medio;4;3;Libre
8646;Sector4_Fondo_Norte_Medio;4;4;Libre
8647;Sector4_Fondo_Norte_Medio;4;5;Libre
8648;Sector4_Fondo_Norte_Medio;4;6;Libre
8649;Sector4_Fondo_Norte_Medio;4;7;Libre
8650;Sector4_Fondo_Norte_Medio;4;8;Libre
8651;Sector4_Fondo_Norte_Medio;4;9;Libre
8652;Sector4_Fondo_Norte_Medio;4;10;Libre
8653;Sector4_Fondo_Norte_Medio;4;11;Libre
8654;Sector4_Fondo_Norte_Medio;4;12;Libre
8655;Sector4_Fondo_Norte_Medio;4;13;Libre
8656;Sector4_Fondo_Norte_Medio;4;14;Libre
8657;Sector4_Fondo_Norte_Medio;4;15;Libre
8658;Sector4_Fondo_Norte_Medio;4;16;Libre
8659;Sector4_Fondo_Norte_Medio;4;17;Libre
8660;Sector4_Fondo_Norte_Medio;4;18;Libre
8661;Sector4_Fondo_Norte_Medio;4;19;Libre
8662;Sector4_Fondo_Norte_Medio;4;20;Libre
8663;Sector4_Fondo_Norte_Medio;3;1;Libre
8664;Sector4_Fondo_Norte_Medio;3;2;Libre
8665;Sector4_Fondo_Norte_Medio;3;3;Libre
8666;Sector4_Fondo_Norte_Medio;3;4;Libre
8667;Sector4_Fondo_Norte_Medio;3;5;Libre
8668;Sector4_Fondo_Norte_Medio;3;6;Libre
8669;Sector4_Fondo_Norte_Medio;3;7;Libre
8670;Sector4_Fondo_Norte_Medio;3;8;Libre
8671;Sector4_Fondo_Norte_Medio;3;9;Libre
8672;Sector4_Fondo_Norte_Medio;3;10;Libre
8673;Sector4_Fondo_Norte_Medio;3;11;Libre
8674;Sector4_Fondo_Norte_Medio;3;12;Libre
8675;Sector4_Fondo_Norte_Medio;3;13;Libre
8676;Sector4_Fondo_Norte_Medio;3;14;Libre
8677;Sector4_Fondo_Norte_Medio;3;15;Libre
8678;Sector4_Fondo_Norte_Medio;3;16;Libre
8679;Sector4_Fondo_Norte_Medio;3;17;Libre
8680;Sector4_Fondo_Norte_Medio;3;18;Libre
8681;Sector4_Fondo_Norte_Medio;3;19;Libre
8682;Sector4_Fondo_Norte_Medio;3;20;Libre
8683;Sector4_Fondo_Norte_Medio;2;1;Libre
8684;Sector4_Fondo_Norte_Medio;2;2;Libre
8685;Sector4_Fondo_Norte_Medio;2;3;Libre
8686;Sector4_Fondo_Norte_Medio;2;4;Libre
8687;Sector4_Fondo_Norte_Medio;2;5;Libre
8688;Sector4_Fondo_Norte_Medio;2;6;Libre
8689;Sector4_Fondo_Norte_Medio;2;7;Libre
8690;Sector4_Fondo_Norte_Medio;2;8;Libre
8691;Sector4_Fondo_Norte_Medio;2;9;Libre
8692;Sector4_Fondo_Norte_Medio;2;10;Libre
8693;Sector4_Fondo_Norte_Medio;2;11;Libre
8694;Sector4_Fondo_Norte_Medio;2;12;Libre
8695;Sector4_Fondo_Norte_Medio;2;13;Libre
8696;Sector4_Fondo_Norte_Medio;2;14;Libre
8697;Sector4_Fondo_Norte_Medio;2;15;Libre
8698;Sector4_Fondo_Norte_Medio;2;16;Libre
8699;Sector4_Fondo_Norte_Medio;2;17;Libre
8700;Sector4_Fondo_Norte_Medio;2;18;Libre
8701;Sector4_Fondo_Norte_Medio;2;19;Libre
8702;Sector4_Fondo_Norte_Medio;2;20;Libre
8703;Sector4_Fondo_Norte_Medio;1;1;Libre
8704;Sector4_Fondo_Norte_Medio;1;2;Libre
8705;Sector4_Fondo_Norte_Medio;1;3;Libre
8706;Sector4_Fondo_Norte_Medio;1;4;Libre
8707;Sector4_Fondo_Norte_Medio;1;5;Libre
8708;Sector4_Fondo_Norte_Medio;1;6;Libre
8709;Sector4_Fondo_Norte_Medio;1;7;Libre
8710;Sector4_Fondo_Norte_Medio;1;8;Libre
8711;Sector4_Fondo_Norte_Medio;1;9;Libre
8712;Sector4_Fondo_Norte_Medio;1;10;Libre
8713;Sector4_Fondo_Norte_Medio;1;11;Libre
8714;Sector4_Fondo_Norte_Medio;1;12;Libre
8715;Sector4_Fondo_Norte_Medio;1;13;Libre
8716;Sector4_Fondo_Norte_Medio;1;14;Libre
8717;Sector4_Fondo_Norte_Medio;1;15;Libre
8718;Sector4_Fondo_Norte_Medio;1;16;Libre
8719;Sector4_Fondo_Norte_Medio;1;17;Libre
8720;Sector4_Fondo_Norte_Medio;1;18;Libre
8721;Sector4_Fondo_Norte_Medio;1;19;Libre
8722;Sector4_Fondo_Norte_Medio;1;20;Libre
8723;Sector5_Fondo_Norte_Medio;7;1;Libre
8724;Sector5_Fondo_Norte_Medio;7;2;Libre
8725;Sector5_Fondo_Norte_Medio;7;3;Libre
8726;Sector5_Fondo_Norte_Medio;7;4;Libre
8727;Sector5_Fondo_Norte_Medio;7;5;Libre
8728;Sector5_Fondo_Norte_Medio;7;6;Libre
8729;Sector5_Fondo_Norte_Medio;7;7;Libre
8730;Sector5_Fondo_Norte_Medio;7;8;Libre
8731;Sector5_Fondo_Norte_Medio;7;9;Libre
8732;Sector5_Fondo_Norte_Medio;7;10;Libre
8733;Sector5_Fondo_Norte_Medio;7;11;Libre
8734;Sector5_Fondo_Norte_Medio;7;12;Libre
8735;Sector5_Fondo_Norte_Medio;7;13;Libre
8736;Sector5_Fondo_Norte_Medio;7;14;Libre
8737;Sector5_Fondo_Norte_Medio;7;15;Libre
8738;Sector5_Fondo_Norte_Medio;7;16;Libre
8739;Sector5_Fondo_Norte_Medio;7;17;Libre
8740;Sector5_Fondo_Norte_Medio;7;18;Libre
8741;Sector5_Fondo_Norte_Medio;7;19;Libre
8742;Sector5_Fondo_Norte_Medio;7;20;Libre
8743;Sector5_Fondo_Norte_Medio;6;1;Libre
8744;Sector5_Fondo_Norte_Medio;6;2;Libre
8745;Sector5_Fondo_Norte_Medio;6;3;Libre
8746;Sector5_Fondo_Norte_Medio;6;4;Libre
8747;Sector5_Fondo_Norte_Medio;6;5;Libre
8748;Sector5_Fondo_Norte_Medio;6;6;Libre
8749;Sector5_Fondo_Norte_Medio;6;7;Libre
8750;Sector5_Fondo_Norte_Medio;6;8;Libre
8751;Sector5_Fondo_Norte_Medio;6;9;Libre
8752;Sector5_Fondo_Norte_Medio;6;10;Libre
8753;Sector5_Fondo_Norte_Medio;6;11;Libre
8754;Sector5_Fondo_Norte_Medio;6;12;Libre
8755;Sector5_Fondo_Norte_Medio;6;13;Libre
8756;Sector5_Fondo_Norte_Medio;6;14;Libre
8757;Sector5_Fondo_Norte_Medio;6;15;Libre
8758;Sector5_Fondo_Norte_Medio;6;16;Libre
8759;Sector5_Fondo_Norte_Medio;6;17;Libre
8760;Sector5_Fondo_Norte_Medio;6;18;Libre
8761;Sector5_Fondo_Norte_Medio;6;19;Libre
8762;Sector5_Fondo_Norte_Medio;6;20;Libre
8763;Sector5_Fondo_Norte_Medio;5;1;Libre
8764;Sector5_Fondo_Norte_Medio;5;2;Libre
8765;Sector5_Fondo_Norte_Medio;5;3;Libre
8766;Sector5_Fondo_Norte_Medio;5;4;Libre
8767;Sector5_Fondo_Norte_Medio;5;5;Libre
8768;Sector5_Fondo_Norte_Medio;5;6;Libre
8769;Sector5_Fondo_Norte_Medio;5;7;Libre
8770;Sector5_Fondo_Norte_Medio;5;8;Libre
8771;Sector5_Fondo_Norte_Medio;5;9;Libre
8772;Sector5_Fondo_Norte_Medio;5;10;Libre
8773;Sector5_Fondo_Norte_Medio;5;11;Libre
8774;Sector5_Fondo_Norte_Medio;5;12;Libre
8775;Sector5_Fondo_Norte_Medio;5;13;Libre
8776;Sector5_Fondo_Norte_Medio;5;14;Libre
8777;Sector5_Fondo_Norte_Medio;5;15;Libre
8778;Sector5_Fondo_Norte_Medio;5;16;Libre
8779;Sector5_Fondo_Norte_Medio;5;17;Libre
8780;Sector5_Fondo_Norte_Medio;5;18;Libre
8781;Sector5_Fondo_Norte_Medio;5;19;Libre
8782;Sector5_Fondo_Norte_Medio;5;20;Libre
8783;Sector5_Fondo_Norte_Medio;4;1;Libre
8784;Sector5_Fondo_Norte_Medio;4;2;Libre
8785;Sector5_Fondo_Norte_Medio;4;3;Libre
8786;Sector5_Fondo_Norte_Medio;4;4;Libre
8787;Sector5_Fondo_Norte_Medio;4;5;Libre
8788;Sector5_Fondo_Norte_Medio;4;6;Libre
8789;Sector5_Fondo_Norte_Medio;4;7;Libre
8790;Sector5_Fondo_Norte_Medio;4;8;Libre
8791;Sector5_Fondo_Norte_Medio;4;9;Libre
8792;Sector5_Fondo_Norte_Medio;4;10;Libre
8793;Sector5_Fondo_Norte_Medio;4;11;Libre
8794;Sector5_Fondo_Norte_Medio;4;12;Libre
8795;Sector5_Fondo_Norte_Medio;4;13;Libre
8796;Sector5_Fondo_Norte_Medio;4;14;Libre
8797;Sector5_Fondo_Norte_Medio;4;15;Libre
8798;Sector5_Fondo_Norte_Medio;4;16;Libre
8799;Sector5_Fondo_Norte_Medio;4;17;Libre
8800;Sector5_Fondo_Norte_Medio;4;18;Libre
8801;Sector5_Fondo_Norte_Medio;4;19;Libre
8802;Sector5_Fondo_Norte_Medio;4;20;Libre
8803;Sector5_Fondo_Norte_Medio;3;1;Libre
8804;Sector5_Fondo_Norte_Medio;3;2;Libre
8805;Sector5_Fondo_Norte_Medio;3;3;Libre
8806;Sector5_Fondo_Norte_Medio;3;4;Libre
8807;Sector5_Fondo_Norte_Medio;3;5;Libre
8808;Sector5_Fondo_Norte_Medio;3;6;Libre
8809;Sector5_Fondo_Norte_Medio;3;7;Libre
8810;Sector5_Fondo_Norte_Medio;3;8;Libre
8811;Sector5_Fondo_Norte_Medio;3;9;Libre
8812;Sector5_Fondo_Norte_Medio;3;10;Libre
8813;Sector5_Fondo_Norte_Medio;3;11;Libre
8814;Sector5_Fondo_Norte_Medio;3;12;Libre
8815;Sector5_Fondo_Norte_Medio;3;13;Libre
8816;Sector5_Fondo_Norte_Medio;3;14;Libre
8817;Sector5_Fondo_Norte_Medio;3;15;Libre
8818;Sector5_Fondo_Norte_Medio;3;16;Libre
8819;Sector5_Fondo_Norte_Medio;3;17;Libre
8820;Sector5_Fondo_Norte_Medio;3;18;Libre
8821;Sector5_Fondo_Norte_Medio;3;19;Libre
8822;Sector5_Fondo_Norte_Medio;3;20;Libre
8823;Sector5_Fondo_Norte_Medio;2;1;Libre
8824;Sector5_Fondo_Norte_Medio;2;2;Libre
8825;Sector5_Fondo_Norte_Medio;2;3;Libre
8826;Sector5_Fondo_Norte_Medio;2;4;Libre
8827;Sector5_Fondo_Norte_Medio;2;5;Libre
8828;Sector5_Fondo_Norte_Medio;2;6;Libre
8829;Sector5_Fondo_Norte_Medio;2;7;Libre
8830;Sector5_Fondo_Norte_Medio;2;8;Libre
8831;Sector5_Fondo_Norte_Medio;2;9;Libre
8832;Sector5_Fondo_Norte_Medio;2;10;Libre
8833;Sector5_Fondo_Norte_Medio;2;11;Libre
8834;Sector5_Fondo_Norte_Medio;2;12;Libre
8835;Sector5_Fondo_Norte_Medio;2;13;Libre
8836;Sector5_Fondo_Norte_Medio;2;14;Libre
8837;Sector5_Fondo_Norte_Medio;2;15;Libre
8838;Sector5_Fondo_Norte_Medio;2;16;Libre
8839;Sector5_Fondo_Norte_Medio;2;17;Libre
8840;Sector5_Fondo_Norte_Medio;2;18;Libre
8841;Sector5_Fondo_Norte_Medio;2;19;Libre
8842;Sector5_Fondo_Norte_Medio;2;20;Libre
8843;Sector5_Fondo_Norte_Medio;1;1;Libre
8844;Sector5_Fondo_Norte_Medio;1;2;Libre
8845;Sector5_Fondo_Norte_Medio;1;3;Libre
8846;Sector5_Fondo_Norte_Medio;1;4;Libre
8847;Sector5_Fondo_Norte_Medio;1;5;Libre
8848;Sector5_Fondo_Norte_Medio;1;6;Libre
8849;Sector5_Fondo_Norte_Medio;1;7;Libre
8850;Sector5_Fondo_Norte_Medio;1;8;Libre
8851;Sector5_Fondo_Norte_Medio;1;9;Libre
8852;Sector5_Fondo_Norte_Medio;1;10;Libre
8853;Sector5_Fondo_Norte_Medio;1;11;Libre
8854;Sector5_Fondo_Norte_Medio;1;12;Libre
8855;Sector5_Fondo_Norte_Medio;1;13;Libre
8856;Sector5_Fondo_Norte_Medio;1;14;Libre
8857;Sector5_Fondo_Norte_Medio;1;15;Libre
8858;Sector5_Fondo_Norte_Medio;1;16;Libre
8859;Sector5_Fondo_Norte_Medio;1;17;Libre
8860;Sector5_Fondo_Norte_Medio;1;18;Libre
8861;Sector5_Fondo_Norte_Medio;1;19;Libre
8862;Sector5_Fondo_Norte_Medio;1;20;Libre
