1413;Sector1_Fondo_Sur_Bajo;8;1;Libre
1414;Sector1_Fondo_Sur_Bajo;8;2;Libre
1415;Sector1_Fondo_Sur_Bajo;8;3;Libre
1416;Sector1_Fondo_Sur_Bajo;8;4;Libre
1417;Sector1_Fondo_Sur_Bajo;8;5;Libre
1418;Sector1_Fondo_Sur_Bajo;8;6;Libre
1419;Sector1_Fondo_Sur_Bajo;8;7;Libre
1420;Sector1_Fondo_Sur_Bajo;8;8;Libre
1421;Sector1_Fondo_Sur_Bajo;8;9;Libre
1422;Sector1_Fondo_Sur_Bajo;8;10;Libre
1423;Sector1_Fondo_Sur_Bajo;8;11;Libre
1424;Sector1_Fondo_Sur_Bajo;8;12;Libre
1425;Sector1_Fondo_Sur_Bajo;8;13;Libre
1426;Sector1_Fondo_Sur_Bajo;8;14;Libre
1427;Sector1_Fondo_Sur_Bajo;8;15;Libre
1428;Sector1_Fondo_Sur_Bajo;8;16;Libre
1429;Sector1_Fondo_Sur_Bajo;8;17;Libre
1430;Sector1_Fondo_Sur_Bajo;8;18;Libre
1431;Sector1_Fondo_Sur_Bajo;8;19;Libre
1432;Sector1_Fondo_Sur_Bajo;8;20;Libre
1433;Sector1_Fondo_Sur_Bajo;7;1;Libre
1434;Sector1_Fondo_Sur_Bajo;7;2;Libre
1435;Sector1_Fondo_Sur_Bajo;7;3;Libre
1436;Sector1_Fondo_Sur_Bajo;7;4;Libre
1437;Sector1_Fondo_Sur_Bajo;7;5;Libre
1438;Sector1_Fondo_Sur_Bajo;7;6;Libre
1439;Sector1_Fondo_Sur_Bajo;7;7;Libre
1440;Sector1_Fondo_Sur_Bajo;7;8;Libre
1441;Sector1_Fondo_Sur_Bajo;7;9;Libre
1442;Sector1_Fondo_Sur_Bajo;7;10;Libre
1443;Sector1_Fondo_Sur_Bajo;7;11;Libre
1444;Sector1_Fondo_Sur_Bajo;7;12;Libre
1445;Sector1_Fondo_Sur_Bajo;7;13;Libre
1446;Sector1_Fondo_Sur_Bajo;7;14;Libre
1447;Sector1_Fondo_Sur_Bajo;7;15;Libre
1448;Sector1_Fondo_Sur_Bajo;7;16;Libre
1449;Sector1_Fondo_Sur_Bajo;7;17;Libre
1450;Sector1_Fondo_Sur_Bajo;7;18;Libre
1451;Sector1_Fondo_Sur_Bajo;7;19;Libre
1452;Sector1_Fondo_Sur_Bajo;7;20;Libre
1453;Sector1_Fondo_Sur_Bajo;6;1;Libre
1454;Sector1_Fondo_Sur_Bajo;6;2;Libre
1455;Sector1_Fondo_Sur_Bajo;6;3;Libre
1456;Sector1_Fondo_Sur_Bajo;6;4;Libre
1457;Sector1_Fondo_Sur_Bajo;6;5;Libre
1458;Sector1_Fondo_Sur_Bajo;6;6;Libre
1459;Sector1_Fondo_Sur_Bajo;6;7;Libre
1460;Sector1_Fondo_Sur_Bajo;6;8;Libre
1461;Sector1_Fondo_Sur_Bajo;6;9;Libre
1462;Sector1_Fondo_Sur_Bajo;6;10;Libre
1463;Sector1_Fondo_Sur_Bajo;6;11;Libre
1464;Sector1_Fondo_Sur_Bajo;6;12;Libre
1465;Sector1_Fondo_Sur_Bajo;6;13;Libre
1466;Sector1_Fondo_Sur_Bajo;6;14;Libre
1467;Sector1_Fondo_Sur_Bajo;6;15;Libre
1468;Sector1_Fondo_Sur_Bajo;6;16;Libre
1469;Sector1_Fondo_Sur_Bajo;6;17;Libre
1470;Sector1_Fondo_Sur_Bajo;6;18;Libre
1471;Sector1_Fondo_Sur_Bajo;6;19;Libre
1472;Sector1_Fondo_Sur_Bajo;6;20;Libre
1473;Sector1_Fondo_Sur_Bajo;5;1;Libre
1474;Sector1_Fondo_Sur_Bajo;5;2;Libre
1475;Sector1_Fondo_Sur_Bajo;5;3;Libre
1476;Sector1_Fondo_Sur_Bajo;5;4;Libre
1477;Sector1_Fondo_Sur_Bajo;5;5;Libre
1478;Sector1_Fondo_Sur_Bajo;5;6;Libre
1479;Sector1_Fondo_Sur_Bajo;5;7;Libre
1480;Sector1_Fondo_Sur_Bajo;5;8;Libre
1481;Sector1_Fondo_Sur_Bajo;5;9;Libre
1482;Sector1_Fondo_Sur_Bajo;5;10;Libre
1483;Sector1_Fondo_Sur_Bajo;5;11;Libre
1484;Sector1_Fondo_Sur_Bajo;5;12;Libre
1485;Sector1_Fondo_Sur_Bajo;5;13;Libre
1486;Sector1_Fondo_Sur_Bajo;5;14;Libre
1487;Sector1_Fondo_Sur_Bajo;5;15;Libre
1488;Sector1_Fondo_Sur_Bajo;5;16;Libre
1489;Sector1_Fondo_Sur_Bajo;5;17;Libre
1490;Sector1_Fondo_Sur_Bajo;5;18;Libre
1491;Sector1_Fondo_Sur_Bajo;5;19;Libre
1492;Sector1_Fondo_Sur_Bajo;5;20;Libre
1493;Sector1_Fondo_Sur_Bajo;4;1;Libre
1494;Sector1_Fondo_Sur_Bajo;4;2;Libre
1495;Sector1_Fondo_Sur_Bajo;4;3;Libre
1496;Sector1_Fondo_Sur_Bajo;4;4;Libre
1497;Sector1_Fondo_Sur_Bajo;4;5;Libre
1498;Sector1_Fondo_Sur_Bajo;4;6;Libre
1499;Sector1_Fondo_Sur_Bajo;4;7;Libre
1500;Sector1_Fondo_Sur_Bajo;4;8;Libre
1501;Sector1_Fondo_Sur_Bajo;4;9;Libre
1502;Sector1_Fondo_Sur_Bajo;4;10;Libre
1503;Sector1_Fondo_Sur_Bajo;4;11;Libre
1504;Sector1_Fondo_Sur_Bajo;4;12;Libre
1505;Sector1_Fondo_Sur_Bajo;4;13;Libre
1506;Sector1_Fondo_Sur_Bajo;4;14;Libre
1507;Sector1_Fondo_Sur_Bajo;4;15;Libre
1508;Sector1_Fondo_Sur_Bajo;4;16;Libre
1509;Sector1_Fondo_Sur_Bajo;4;17;Libre
1510;Sector1_Fondo_Sur_Bajo;4;18;Libre
1511;Sector1_Fondo_Sur_Bajo;4;19;Libre
1512;Sector1_Fondo_Sur_Bajo;4;20;Libre
1513;Sector1_Fondo_Sur_Bajo;3;1;Libre
1514;Sector1_Fondo_Sur_Bajo;3;2;Libre
1515;Sector1_Fondo_Sur_Bajo;3;3;Libre
1516;Sector1_Fondo_Sur_Bajo;3;4;Libre
1517;Sector1_Fondo_Sur_Bajo;3;5;Libre
1518;Sector1_Fondo_Sur_Bajo;3;6;Libre
1519;Sector1_Fondo_Sur_Bajo;3;7;Libre
1520;Sector1_Fondo_Sur_Bajo;3;8;Libre
1521;Sector1_Fondo_Sur_Bajo;3;9;Libre
1522;Sector1_Fondo_Sur_Bajo;3;10;Libre
1523;Sector1_Fondo_Sur_Bajo;3;11;Libre
1524;Sector1_Fondo_Sur_Bajo;3;12;Libre
1525;Sector1_Fondo_Sur_Bajo;3;13;Libre
1526;Sector1_Fondo_Sur_Bajo;3;14;Libre
1527;Sector1_Fondo_Sur_Bajo;3;15;Libre
1528;Sector1_Fondo_Sur_Bajo;3;16;Libre
1529;Sector1_Fondo_Sur_Bajo;3;17;Libre
1530;Sector1_Fondo_Sur_Bajo;3;18;Libre
1531;Sector1_Fondo_Sur_Bajo;3;19;Libre
1532;Sector1_Fondo_Sur_Bajo;3;20;Libre
1533;Sector1_Fondo_Sur_Bajo;2;1;Libre
1534;Sector1_Fondo_Sur_Bajo;2;2;Libre
1535;Sector1_Fondo_Sur_Bajo;2;3;Libre
1536;Sector1_Fondo_Sur_Bajo;2;4;Libre
1537;Sector1_Fondo_Sur_Bajo;2;5;Libre
1538;Sector1_Fondo_Sur_Bajo;2;6;Libre
1539;Sector1_Fondo_Sur_Bajo;2;7;Libre
1540;Sector1_Fondo_Sur_Bajo;2;8;Libre
1541;Sector1_Fondo_Sur_Bajo;2;9;Libre
1542;Sector1_Fondo_Sur_Bajo;2;10;Libre
1543;Sector1_Fondo_Sur_Bajo;2;11;Libre
1544;Sector1_Fondo_Sur_Bajo;2;12;Libre
1545;Sector1_Fondo_Sur_Bajo;2;13;Libre
1546;Sector1_Fondo_Sur_Bajo;2;14;Libre
1547;Sector1_Fondo_Sur_Bajo;2;15;Libre
1548;Sector1_Fondo_Sur_Bajo;2;16;Libre
1549;Sector1_Fondo_Sur_Bajo;2;17;Libre
1550;Sector1_Fondo_Sur_Bajo;2;18;Libre
1551;Sector1_Fondo_Sur_Bajo;2;19;Libre
1552;Sector1_Fondo_Sur_Bajo;2;20;Libre
1553;Sector1_Fondo_Sur_Bajo;1;1;Libre
1554;Sector1_Fondo_Sur_Bajo;1;2;Libre
1555;Sector1_Fondo_Sur_Bajo;1;3;Libre
1556;Sector1_Fondo_Sur_Bajo;1;4;Libre
1557;Sector1_Fondo_Sur_Bajo;1;5;Libre
1558;Sector1_Fondo_Sur_Bajo;1;6;Libre
1559;Sector1_Fondo_Sur_Bajo;1;7;Libre
1560;Sector1_Fondo_Sur_Bajo;1;8;Libre
1561;Sector1_Fondo_Sur_Bajo;1;9;Libre
1562;Sector1_Fondo_Sur_Bajo;1;10;Libre
1563;Sector1_Fondo_Sur_Bajo;1;11;Libre
1564;Sector1_Fondo_Sur_Bajo;1;12;Libre
1565;Sector1_Fondo_Sur_Bajo;1;13;Libre
1566;Sector1_Fondo_Sur_Bajo;1;14;Libre
1567;Sector1_Fondo_Sur_Bajo;1;15;Libre
1568;Sector1_Fondo_Sur_Bajo;1;16;Libre
1569;Sector1_Fondo_Sur_Bajo;1;17;Libre
1570;Sector1_Fondo_Sur_Bajo;1;18;Libre
1571;Sector1_Fondo_Sur_Bajo;1;19;Libre
1572;Sector1_Fondo_Sur_Bajo;1;20;Libre
1573;Sector2_Fondo_Sur_Bajo;8;1;Libre
1574;Sector2_Fondo_Sur_Bajo;8;2;Libre
1575;Sector2_Fondo_Sur_Bajo;8;3;Libre
1576;Sector2_Fondo_Sur_Bajo;8;4;Libre
1577;Sector2_Fondo_Sur_Bajo;8;5;Libre
1578;Sector2_Fondo_Sur_Bajo;8;6;Libre
1579;Sector2_Fondo_Sur_Bajo;8;7;Libre
1580;Sector2_Fondo_Sur_Bajo;8;8;Libre
1581;Sector2_Fondo_Sur_Bajo;8;9;Libre
1582;Sector2_Fondo_Sur_Bajo;8;10;Libre
1583;Sector2_Fondo_Sur_Bajo;8;11;Libre
1584;Sector2_Fondo_Sur_Bajo;8;12;Libre
1585;Sector2_Fondo_Sur_Bajo;8;13;Libre
1586;Sector2_Fondo_Sur_Bajo;8;14;Libre
1587;Sector2_Fondo_Sur_Bajo;8;15;Libre
1588;Sector2_Fondo_Sur_Bajo;8;16;Libre
1589;Sector2_Fondo_Sur_Bajo;8;17;Libre
1590;Sector2_Fondo_Sur_Bajo;8;18;Libre
1591;Sector2_Fondo_Sur_Bajo;8;19;Libre
1592;Sector2_Fondo_Sur_Bajo;8;20;Libre
1593;Sector2_Fondo_Sur_Bajo;7;1;Libre
1594;Sector2_Fondo_Sur_Bajo;7;2;Libre
1595;Sector2_Fondo_Sur_Bajo;7;3;Libre
1596;Sector2_Fondo_Sur_Bajo;7;4;Libre
1597;Sector2_Fondo_Sur_Bajo;7;5;Libre
1598;Sector2_Fondo_Sur_Bajo;7;6;Libre
1599;Sector2_Fondo_Sur_Bajo;7;7;Libre
1600;Sector2_Fondo_Sur_Bajo;7;8;Libre
1601;Sector2_Fondo_Sur_Bajo;7;9;Libre
1602;Sector2_Fondo_Sur_Bajo;7;10;Libre
1603;Sector2_Fondo_Sur_Bajo;7;11;Libre
1604;Sector2_Fondo_Sur_Bajo;7;12;Libre
1605;Sector2_Fondo_Sur_Bajo;7;13;Libre
1606;Sector2_Fondo_Sur_Bajo;7;14;Libre
1607;Sector2_Fondo_Sur_Bajo;7;15;Libre
1608;Sector2_Fondo_Sur_Bajo;7;16;Libre
1609;Sector2_Fondo_Sur_Bajo;7;17;Libre
1610;Sector2_Fondo_Sur_Bajo;7;18;Libre
1611;Sector2_Fondo_Sur_Bajo;7;19;Libre
1612;Sector2_Fondo_Sur_Bajo;7;20;Libre
1613;Sector2_Fondo_Sur_Bajo;6;1;Libre
1614;Sector2_Fondo_Sur_Bajo;6;2;Libre
1615;Sector2_Fondo_Sur_Bajo;6;3;Libre
1616;Sector2_Fondo_Sur_Bajo;6;4;Libre
1617;Sector2_Fondo_Sur_Bajo;6;5;Libre
1618;Sector2_Fondo_Sur_Bajo;6;6;Libre
1619;Sector2_Fondo_Sur_Bajo;6;7;Libre
1620;Sector2_Fondo_Sur_Bajo;6;8;Libre
1621;Sector2_Fondo_Sur_Bajo;6;9;Libre
1622;Sector2_Fondo_Sur_Bajo;6;10;Libre
1623;Sector2_Fondo_Sur_Bajo;6;11;Libre
1624;Sector2_Fondo_Sur_Bajo;6;12;Libre
1625;Sector2_Fondo_Sur_Bajo;6;13;Libre
1626;Sector2_Fondo_Sur_Bajo;6;14;Libre
1627;Sector2_Fondo_Sur_Bajo;6;15;Libre
1628;Sector2_Fondo_Sur_Bajo;6;16;Libre
1629;Sector2_Fondo_Sur_Bajo;6;17;Libre
1630;Sector2_Fondo_Sur_Bajo;6;18;Libre
1631;Sector2_Fondo_Sur_Bajo;6;19;Libre
1632;Sector2_Fondo_Sur_Bajo;6;20;Libre
1633;Sector2_Fondo_Sur_Bajo;5;1;Libre
1634;Sector2_Fondo_Sur_Bajo;5;2;Libre
1635;Sector2_Fondo_Sur_Bajo;5;3;Libre
1636;Sector2_Fondo_Sur_Bajo;5;4;Libre
1637;Sector2_Fondo_Sur_Bajo;5;5;Libre
1638;Sector2_Fondo_Sur_Bajo;5;6;Libre
1639;Sector2_Fondo_Sur_Bajo;5;7;Libre
1640;Sector2_Fondo_Sur_Bajo;5;8;Libre
1641;Sector2_Fondo_Sur_Bajo;5;9;Libre
1642;Sector2_Fondo_Sur_Bajo;5;10;Libre
1643;Sector2_Fondo_Sur_Bajo;5;11;Libre
1644;Sector2_Fondo_Sur_Bajo;5;12;Libre
1645;Sector2_Fondo_Sur_Bajo;5;13;Libre
1646;Sector2_Fondo_Sur_Bajo;5;14;Libre
1647;Sector2_Fondo_Sur_Bajo;5;15;Libre
1648;Sector2_Fondo_Sur_Bajo;5;16;Libre
1649;Sector2_Fondo_Sur_Bajo;5;17;Libre
1650;Sector2_Fondo_Sur_Bajo;5;18;Libre
1651;Sector2_Fondo_Sur_Bajo;5;19;Libre
1652;Sector2_Fondo_Sur_Bajo;5;20;Libre
1653;Sector2_Fondo_Sur_Bajo;4;1;Libre
1654;Sector2_Fondo_Sur_Bajo;4;2;Libre
1655;Sector2_Fondo_Sur_Bajo;4;3;Libre
1656;Sector2_Fondo_Sur_Bajo;4;4;Libre
1657;Sector2_Fondo_Sur_Bajo;4;5;Libre
1658;Sector2_Fondo_Sur_Bajo;4;6;Libre
1659;Sector2_Fondo_Sur_Bajo;4;7;Libre
1660;Sector2_Fondo_Sur_Bajo;4;8;Libre
1661;Sector2_Fondo_Sur_Bajo;4;9;Libre
1662;Sector2_Fondo_Sur_Bajo;4;10;Libre
1663;Sector2_Fondo_Sur_Bajo;4;11;Libre
1664;Sector2_Fondo_Sur_Bajo;4;12;Libre
1665;Sector2_Fondo_Sur_Bajo;4;13;Libre
1666;Sector2_Fondo_Sur_Bajo;4;14;Libre
1667;Sector2_Fondo_Sur_Bajo;4;15;Libre
1668;Sector2_Fondo_Sur_Bajo;4;16;Libre
1669;Sector2_Fondo_Sur_Bajo;4;17;Libre
1670;Sector2_Fondo_Sur_Bajo;4;18;Libre
1671;Sector2_Fondo_Sur_Bajo;4;19;Libre
1672;Sector2_Fondo_Sur_Bajo;4;20;Libre
1673;Sector2_Fondo_Sur_Bajo;3;1;Libre
1674;Sector2_Fondo_Sur_Bajo;3;2;Libre
1675;Sector2_Fondo_Sur_Bajo;3;3;Libre
1676;Sector2_Fondo_Sur_Bajo;3;4;Libre
1677;Sector2_Fondo_Sur_Bajo;3;5;Libre
1678;Sector2_Fondo_Sur_Bajo;3;6;Libre
1679;Sector2_Fondo_Sur_Bajo;3;7;Libre
1680;Sector2_Fondo_Sur_Bajo;3;8;Libre
1681;Sector2_Fondo_Sur_Bajo;3;9;Libre
1682;Sector2_Fondo_Sur_Bajo;3;10;Libre
1683;Sector2_Fondo_Sur_Bajo;3;11;Libre
1684;Sector2_Fondo_Sur_Bajo;3;12;Libre
1685;Sector2_Fondo_Sur_Bajo;3;13;Libre
1686;Sector2_Fondo_Sur_Bajo;3;14;Libre
1687;Sector2_Fondo_Sur_Bajo;3;15;Libre
1688;Sector2_Fondo_Sur_Bajo;3;16;Libre
1689;Sector2_Fondo_Sur_Bajo;3;17;Libre
1690;Sector2_Fondo_Sur_Bajo;3;18;Libre
1691;Sector2_Fondo_Sur_Bajo;3;19;Libre
1692;Sector2_Fondo_Sur_Bajo;3;20;Libre
1693;Sector2_Fondo_Sur_Bajo;2;1;Libre
1694;Sector2_Fondo_Sur_Bajo;2;2;Libre
1695;Sector2_Fondo_Sur_Bajo;2;3;Libre
1696;Sector2_Fondo_Sur_Bajo;2;4;Libre
1697;Sector2_Fondo_Sur_Bajo;2;5;Libre
1698;Sector2_Fondo_Sur_Bajo;2;6;Libre
1699;Sector2_Fondo_Sur_Bajo;2;7;Libre
1700;Sector2_Fondo_Sur_Bajo;2;8;Libre
1701;Sector2_Fondo_Sur_Bajo;2;9;Libre
1702;Sector2_Fondo_Sur_Bajo;2;10;Libre
1703;Sector2_Fondo_Sur_Bajo;2;11;Libre
1704;Sector2_Fondo_Sur_Bajo;2;12;Libre
1705;Sector2_Fondo_Sur_Bajo;2;13;Libre
1706;Sector2_Fondo_Sur_Bajo;2;14;Libre
1707;Sector2_Fondo_Sur_Bajo;2;15;Libre
1708;Sector2_Fondo_Sur_Bajo;2;16;Libre
1709;Sector2_Fondo_Sur_Bajo;2;17;Libre
1710;Sector2_Fondo_Sur_Bajo;2;18;Libre
1711;Sector2_Fondo_Sur_Bajo;2;19;Libre
1712;Sector2_Fondo_Sur_Bajo;2;20;Libre
1713;Sector2_Fondo_Sur_Bajo;1;1;Libre
1714;Sector2_Fondo_Sur_Bajo;1;2;Libre
1715;Sector2_Fondo_Sur_Bajo;1;3;Libre
1716;Sector2_Fondo_Sur_Bajo;1;4;Libre
1717;Sector2_Fondo_Sur_Bajo;1;5;Libre
1718;Sector2_Fondo_Sur_Bajo;1;6;Libre
1719;Sector2_Fondo_Sur_Bajo;1;7;Libre
1720;Sector2_Fondo_Sur_Bajo;1;8;Libre
1721;Sector2_Fondo_Sur_Bajo;1;9;Libre
1722;Sector2_Fondo_Sur_Bajo;1;10;Libre
1723;Sector2_Fondo_Sur_Bajo;1;11;Libre
1724;Sector2_Fondo_Sur_Bajo;1;12;Libre
1725;Sector2_Fondo_Sur_Bajo;1;13;Libre
1726;Sector2_Fondo_Sur_Bajo;1;14;Libre
1727;Sector2_Fondo_Sur_Bajo;1;15;Libre
1728;Sector2_Fondo_Sur_Bajo;1;16;Libre
1729;Sector2_Fondo_Sur_Bajo;1;17;Libre
1730;Sector2_Fondo_Sur_Bajo;1;18;Libre
1731;Sector2_Fondo_Sur_Bajo;1;19;Libre
1732;Sector2_Fondo_Sur_Bajo;1;20;Libre
1733;Sector3_Fondo_Sur_Bajo;8;1;Libre
1734;Sector3_Fondo_Sur_Bajo;8;2;Libre
1735;Sector3_Fondo_Sur_Bajo;8;3;Libre
1736;Sector3_Fondo_Sur_Bajo;8;4;Libre
1737;Sector3_Fondo_Sur_Bajo;8;5;Libre
1738;Sector3_Fondo_Sur_Bajo;8;6;Libre
1739;Sector3_Fondo_Sur_Bajo;8;7;Libre
1740;Sector3_Fondo_Sur_Bajo;8;8;Libre
1741;Sector3_Fondo_Sur_Bajo;8;9;Libre
1742;Sector3_Fondo_Sur_Bajo;8;10;Libre
1743;Sector3_Fondo_Sur_Bajo;8;11;Libre
1744;Sector3_Fondo_Sur_Bajo;8;12;Libre
1745;Sector3_Fondo_Sur_Bajo;8;13;Libre
1746;Sector3_Fondo_Sur_Bajo;8;14;Libre
1747;Sector3_Fondo_Sur_Bajo;8;15;Libre
1748;Sector3_Fondo_Sur_Bajo;8;16;Libre
1749;Sector3_Fondo_Sur_Bajo;8;17;Libre
1750;Sector3_Fondo_Sur_Bajo;8;18;Libre
1751;Sector3_Fondo_Sur_Bajo;8;19;Libre
1752;Sector3_Fondo_Sur_Bajo;8;20;Libre
1753;Sector3_Fondo_Sur_Bajo;7;1;Libre
1754;Sector3_Fondo_Sur_Bajo;7;2;Libre
1755;Sector3_Fondo_Sur_Bajo;7;3;Libre
1756;Sector3_Fondo_Sur_Bajo;7;4;Libre
1757;Sector3_Fondo_Sur_Bajo;7;5;Libre
1758;Sector3_Fondo_Sur_Bajo;7;6;Libre
1759;Sector3_Fondo_Sur_Bajo;7;7;Libre
1760;Sector3_Fondo_Sur_Bajo;7;8;Libre
1761;Sector3_Fondo_Sur_Bajo;7;9;Libre
1762;Sector3_Fondo_Sur_Bajo;7;10;Libre
1763;Sector3_Fondo_Sur_Bajo;7;11;Libre
1764;Sector3_Fondo_Sur_Bajo;7;12;Libre
1765;Sector3_Fondo_Sur_Bajo;7;13;Libre
1766;Sector3_Fondo_Sur_Bajo;7;14;Libre
1767;Sector3_Fondo_Sur_Bajo;7;15;Libre
1768;Sector3_Fondo_Sur_Bajo;7;16;Libre
1769;Sector3_Fondo_Sur_Bajo;7;17;Libre
1770;Sector3_Fondo_Sur_Bajo;7;18;Libre
1771;Sector3_Fondo_Sur_Bajo;7;19;Libre
1772;Sector3_Fondo_Sur_Bajo;7;20;Libre
1773;Sector3_Fondo_Sur_Bajo;6;1;Libre
1774;Sector3_Fondo_Sur_Bajo;6;2;Libre
1775;Sector3_Fondo_Sur_Bajo;6;3;Libre
1776;Sector3_Fondo_Sur_Bajo;6;4;Libre
1777;Sector3_Fondo_Sur_Bajo;6;5;Libre
1778;Sector3_Fondo_Sur_Bajo;6;6;Libre
1779;Sector3_Fondo_Sur_Bajo;6;7;Libre
1780;Sector3_Fondo_Sur_Bajo;6;8;Libre
1781;Sector3_Fondo_Sur_Bajo;6;9;Libre
1782;Sector3_Fondo_Sur_Bajo;6;10;Libre
1783;Sector3_Fondo_Sur_Bajo;6;11;Libre
1784;Sector3_Fondo_Sur_Bajo;6;12;Libre
1785;Sector3_Fondo_Sur_Bajo;6;13;Libre
1786;Sector3_Fondo_Sur_Bajo;6;14;Libre
1787;Sector3_Fondo_Sur_Bajo;6;15;Libre
1788;Sector3_Fondo_Sur_Bajo;6;16;Libre
1789;Sector3_Fondo_Sur_Bajo;6;17;Libre
1790;Sector3_Fondo_Sur_Bajo;6;18;Libre
1791;Sector3_Fondo_Sur_Bajo;6;19;Libre
1792;Sector3_Fondo_Sur_Bajo;6;20;Libre
1793;Sector3_Fondo_Sur_Bajo;5;1;Libre
1794;Sector3_Fondo_Sur_Bajo;5;2;Libre
1795;Sector3_Fondo_Sur_Bajo;5;3;Libre
1796;Sector3_Fondo_Sur_Bajo;5;4;Libre
1797;Sector3_Fondo_Sur_Bajo;5;5;Libre
1798;Sector3_Fondo_Sur_Bajo;5;6;Libre
1799;Sector3_Fondo_Sur_Bajo;5;7;Libre
1800;Sector3_Fondo_Sur_Bajo;5;8;Libre
1801;Sector3_Fondo_Sur_Bajo;5;9;Libre
1802;Sector3_Fondo_Sur_Bajo;5;10;Libre
1803;Sector3_Fondo_Sur_Bajo;5;11;Libre
1804;Sector3_Fondo_Sur_Bajo;5;12;Libre
1805;Sector3_Fondo_Sur_Bajo;5;13;Libre
1806;Sector3_Fondo_Sur_Bajo;5;14;Libre
1807;Sector3_Fondo_Sur_Bajo;5;15;Libre
1808;Sector3_Fondo_Sur_Bajo;5;16;Libre
1809;Sector3_Fondo_Sur_Bajo;5;17;Libre
1810;Sector3_Fondo_Sur_Bajo;5;18;Libre
1811;Sector3_Fondo_Sur_Bajo;5;19;Libre
1812;Sector3_Fondo_Sur_Bajo;5;20;Libre
1813;Sector3_Fondo_Sur_Bajo;4;1;Libre
1814;Sector3_Fondo_Sur_Bajo;4;2;Libre
1815;Sector3_Fondo_Sur_Bajo;4;3;Libre
1816;Sector3_Fondo_Sur_Bajo;4;4;Libre
1817;Sector3_Fondo_Sur_Bajo;4;5;Libre
1818;Sector3_Fondo_Sur_Bajo;4;6;Libre
1819;Sector3_Fondo_Sur_Bajo;4;7;Libre
1820;Sector3_Fondo_Sur_Bajo;4;8;Libre
1821;Sector3_Fondo_Sur_Bajo;4;9;Libre
1822;Sector3_Fondo_Sur_Bajo;4;10;Libre
1823;Sector3_Fondo_Sur_Bajo;4;11;Libre
1824;Sector3_Fondo_Sur_Bajo;4;12;Libre
1825;Sector3_Fondo_Sur_Bajo;4;13;Libre
1826;Sector3_Fondo_Sur_Bajo;4;14;Libre
1827;Sector3_Fondo_Sur_Bajo;4;15;Libre
1828;Sector3_Fondo_Sur_Bajo;4;16;Libre
1829;Sector3_Fondo_Sur_Bajo;4;17;Libre
1830;Sector3_Fondo_Sur_Bajo;4;18;Libre
1831;Sector3_Fondo_Sur_Bajo;4;19;Libre
1832;Sector3_Fondo_Sur_Bajo;4;20;Libre
1833;Sector3_Fondo_Sur_Bajo;3;1;Libre
1834;Sector3_Fondo_Sur_Bajo;3;2;Libre
1835;Sector3_Fondo_Sur_Bajo;3;3;Libre
1836;Sector3_Fondo_Sur_Bajo;3;4;Libre
1837;Sector3_Fondo_Sur_Bajo;3;5;Libre
1838;Sector3_Fondo_Sur_Bajo;3;6;Libre
1839;Sector3_Fondo_Sur_Bajo;3;7;Libre
1840;Sector3_Fondo_Sur_Bajo;3;8;Libre
1841;Sector3_Fondo_Sur_Bajo;3;9;Libre
1842;Sector3_Fondo_Sur_Bajo;3;10;Libre
1843;Sector3_Fondo_Sur_Bajo;3;11;Libre
1844;Sector3_Fondo_Sur_Bajo;3;12;Libre
1845;Sector3_Fondo_Sur_Bajo;3;13;Libre
1846;Sector3_Fondo_Sur_Bajo;3;14;Libre
1847;Sector3_Fondo_Sur_Bajo;3;15;Libre
1848;Sector3_Fondo_Sur_Bajo;3;16;Libre
1849;Sector3_Fondo_Sur_Bajo;3;17;Libre
1850;Sector3_Fondo_Sur_Bajo;3;18;Libre
1851;Sector3_Fondo_Sur_Bajo;3;19;Libre
1852;Sector3_Fondo_Sur_Bajo;3;20;Libre
1853;Sector3_Fondo_Sur_Bajo;2;1;Libre
1854;Sector3_Fondo_Sur_Bajo;2;2;Libre
1855;Sector3_Fondo_Sur_Bajo;2;3;Libre
1856;Sector3_Fondo_Sur_Bajo;2;4;Libre
1857;Sector3_Fondo_Sur_Bajo;2;5;Libre
1858;Sector3_Fondo_Sur_Bajo;2;6;Libre
1859;Sector3_Fondo_Sur_Bajo;2;7;Libre
1860;Sector3_Fondo_Sur_Bajo;2;8;Libre
1861;Sector3_Fondo_Sur_Bajo;2;9;Libre
1862;Sector3_Fondo_Sur_Bajo;2;10;Libre
1863;Sector3_Fondo_Sur_Bajo;2;11;Libre
1864;Sector3_Fondo_Sur_Bajo;2;12;Libre
1865;Sector3_Fondo_Sur_Bajo;2;13;Libre
1866;Sector3_Fondo_Sur_Bajo;2;14;Libre
1867;Sector3_Fondo_Sur_Bajo;2;15;Libre
1868;Sector3_Fondo_Sur_Bajo;2;16;Libre
1869;Sector3_Fondo_Sur_Bajo;2;17;Libre
1870;Sector3_Fondo_Sur_Bajo;2;18;Libre
1871;Sector3_Fondo_Sur_Bajo;2;19;Libre
1872;Sector3_Fondo_Sur_Bajo;2;20;Libre
1873;Sector3_Fondo_Sur_Bajo;1;1;Libre
1874;Sector3_Fondo_Sur_Bajo;1;2;Libre
1875;Sector3_Fondo_Sur_Bajo;1;3;Libre
1876;Sector3_Fondo_Sur_Bajo;1;4;Libre
1877;Sector3_Fondo_Sur_Bajo;1;5;Libre
1878;Sector3_Fondo_Sur_Bajo;1;6;Libre
1879;Sector3_Fondo_Sur_Bajo;1;7;Libre
1880;Sector3_Fondo_Sur_Bajo;1;8;Libre
1881;Sector3_Fondo_Sur_Bajo;1;9;Libre
1882;Sector3_Fondo_Sur_Bajo;1;10;Libre
1883;Sector3_Fondo_Sur_Bajo;1;11;Libre
1884;Sector3_Fondo_Sur_Bajo;1;12;Libre
1885;Sector3_Fondo_Sur_Bajo;1;13;Libre
1886;Sector3_Fondo_Sur_Bajo;1;14;Libre
1887;Sector3_Fondo_Sur_Bajo;1;15;Libre
1888;Sector3_Fondo_Sur_Bajo;1;16;Libre
1889;Sector3_Fondo_Sur_Bajo;1;17;Libre
1890;Sector3_Fondo_Sur_Bajo;1;18;Libre
1891;Sector3_Fondo_Sur_Bajo;1;19;Libre
1892;Sector3_Fondo_Sur_Bajo;1;20;Libre
1893;Sector4_Fondo_Sur_Bajo;8;1;Libre
1894;Sector4_Fondo_Sur_Bajo;8;2;Libre
1895;Sector4_Fondo_Sur_Bajo;8;3;Libre
1896;Sector4_Fondo_Sur_Bajo;8;4;Libre
1897;Sector4_Fondo_Sur_Bajo;8;5;Libre
1898;Sector4_Fondo_Sur_Bajo;8;6;Libre
1899;Sector4_Fondo_Sur_Bajo;8;7;Libre
1900;Sector4_Fondo_Sur_Bajo;8;8;Libre
1901;Sector4_Fondo_Sur_Bajo;8;9;Libre
1902;Sector4_Fondo_Sur_Bajo;8;10;Libre
1903;Sector4_Fondo_Sur_Bajo;8;11;Libre
1904;Sector4_Fondo_Sur_Bajo;8;12;Libre
1905;Sector4_Fondo_Sur_Bajo;8;13;Libre
1906;Sector4_Fondo_Sur_Bajo;8;14;Libre
1907;Sector4_Fondo_Sur_Bajo;8;15;Libre
1908;Sector4_Fondo_Sur_Bajo;8;16;Libre
1909;Sector4_Fondo_Sur_Bajo;8;17;Libre
1910;Sector4_Fondo_Sur_Bajo;8;18;Libre
1911;Sector4_Fondo_Sur_Bajo;8;19;Libre
1912;Sector4_Fondo_Sur_Bajo;8;20;Libre
1913;Sector4_Fondo_Sur_Bajo;7;1;Libre
1914;Sector4_Fondo_Sur_Bajo;7;2;Libre
1915;Sector4_Fondo_Sur_Bajo;7;3;Libre
1916;Sector4_Fondo_Sur_Bajo;7;4;Libre
1917;Sector4_Fondo_Sur_Bajo;7;5;Libre
1918;Sector4_Fondo_Sur_Bajo;7;6;Libre
1919;Sector4_Fondo_Sur_Bajo;7;7;Libre
1920;Sector4_Fondo_Sur_Bajo;7;8;Libre
1921;Sector4_Fondo_Sur_Bajo;7;9;Libre
1922;Sector4_Fondo_Sur_Bajo;7;10;Libre
1923;Sector4_Fondo_Sur_Bajo;7;11;Libre
1924;Sector4_Fondo_Sur_Bajo;7;12;Libre
1925;Sector4_Fondo_Sur_Bajo;7;13;Libre
1926;Sector4_Fondo_Sur_Bajo;7;14;Libre
1927;Sector4_Fondo_Sur_Bajo;7;15;Libre
1928;Sector4_Fondo_Sur_Bajo;7;16;Libre
1929;Sector4_Fondo_Sur_Bajo;7;17;Libre
1930;Sector4_Fondo_Sur_Bajo;7;18;Libre
1931;Sector4_Fondo_Sur_Bajo;7;19;Libre
1932;Sector4_Fondo_Sur_Bajo;7;20;Libre
1933;Sector4_Fondo_Sur_Bajo;6;1;Libre
1934;Sector4_Fondo_Sur_Bajo;6;2;Libre
1935;Sector4_Fondo_Sur_Bajo;6;3;Libre
1936;Sector4_Fondo_Sur_Bajo;6;4;Libre
1937;Sector4_Fondo_Sur_Bajo;6;5;Libre
1938;Sector4_Fondo_Sur_Bajo;6;6;Libre
1939;Sector4_Fondo_Sur_Bajo;6;7;Libre
1940;Sector4_Fondo_Sur_Bajo;6;8;Libre
1941;Sector4_Fondo_Sur_Bajo;6;9;Libre
1942;Sector4_Fondo_Sur_Bajo;6;10;Libre
1943;Sector4_Fondo_Sur_Bajo;6;11;Libre
1944;Sector4_Fondo_Sur_Bajo;6;12;Libre
1945;Sector4_Fondo_Sur_Bajo;6;13;Libre
1946;Sector4_Fondo_Sur_Bajo;6;14;Libre
1947;Sector4_Fondo_Sur_Bajo;6;15;Libre
1948;Sector4_Fondo_Sur_Bajo;6;16;Libre
1949;Sector4_Fondo_Sur_Bajo;6;17;Libre
1950;Sector4_Fondo_Sur_Bajo;6;18;Libre
1951;Sector4_Fondo_Sur_Bajo;6;19;Libre
1952;Sector4_Fondo_Sur_Bajo;6;20;Libre
1953;Sector4_Fondo_Sur_Bajo;5;1;Libre
1954;Sector4_Fondo_Sur_Bajo;5;2;Libre
1955;Sector4_Fondo_Sur_Bajo;5;3;Libre
1956;Sector4_Fondo_Sur_Bajo;5;4;Libre
1957;Sector4_Fondo_Sur_Bajo;5;5;Libre
1958;Sector4_Fondo_Sur_Bajo;5;6;Libre
1959;Sector4_Fondo_Sur_Bajo;5;7;Libre
1960;Sector4_Fondo_Sur_Bajo;5;8;Libre
1961;Sector4_Fondo_Sur_Bajo;5;9;Libre
1962;Sector4_Fondo_Sur_Bajo;5;10;Libre
1963;Sector4_Fondo_Sur_Bajo;5;11;Libre
1964;Sector4_Fondo_Sur_Bajo;5;12;Libre
1965;Sector4_Fondo_Sur_Bajo;5;13;Libre
1966;Sector4_Fondo_Sur_Bajo;5;14;Libre
1967;Sector4_Fondo_Sur_Bajo;5;15;Libre
1968;Sector4_Fondo_Sur_Bajo;5;16;Libre
1969;Sector4_Fondo_Sur_Bajo;5;17;Libre
1970;Sector4_Fondo_Sur_Bajo;5;18;Libre
1971;Sector4_Fondo_Sur_Bajo;5;19;Libre
1972;Sector4_Fondo_Sur_Bajo;5;20;Libre
1973;Sector4_Fondo_Sur_Bajo;4;1;Libre
1974;Sector4_Fondo_Sur_Bajo;4;2;Libre
1975;Sector4_Fondo_Sur_Bajo;4;3;Libre
1976;Sector4_Fondo_Sur_Bajo;4;4;Libre
1977;Sector4_Fondo_Sur_Bajo;4;5;Libre
1978;Sector4_Fondo_Sur_Bajo;4;6;Libre
1979;Sector4_Fondo_Sur_Bajo;4;7;Libre
1980;Sector4_Fondo_Sur_Bajo;4;8;Libre
1981;Sector4_Fondo_Sur_Bajo;4;9;Libre
1982;Sector4_Fondo_Sur_Bajo;4;10;Libre
1983;Sector4_Fondo_Sur_Bajo;4;11;Libre
1984;Sector4_Fondo_Sur_Bajo;4;12;Libre
1985;Sector4_Fondo_Sur_Bajo;4;13;Libre
1986;Sector4_Fondo_Sur_Bajo;4;14;Libre
1987;Sector4_Fondo_Sur_Bajo;4;15;Libre
1988;Sector4_Fondo_Sur_Bajo;4;16;Libre
1989;Sector4_Fondo_Sur_Bajo;4;17;Libre
1990;Sector4_Fondo_Sur_Bajo;4;18;Libre
1991;Sector4_Fondo_Sur_Bajo;4;19;Libre
1992;Sector4_Fondo_Sur_Bajo;4;20;Libre
1993;Sector4_Fondo_Sur_Bajo;3;1;Libre
1994;Sector4_Fondo_Sur_Bajo;3;2;Libre
1995;Sector4_Fondo_Sur_Bajo;3;3;Libre
1996;Sector4_Fondo_Sur_Bajo;3;4;Libre
1997;Sector4_Fondo_Sur_Bajo;3;5;Libre
1998;Sector4_Fondo_Sur_Bajo;3;6;Libre
1999;Sector4_Fondo_Sur_Bajo;3;7;Libre
2000;Sector4_Fondo_Sur_Bajo;3;8;Libre
2001;Sector4_Fondo_Sur_Bajo;3;9;Libre
2002;Sector4_Fondo_Sur_Bajo;3;10;Libre
2003;Sector4_Fondo_Sur_Bajo;3;11;Libre
2004;Sector4_Fondo_Sur_Bajo;3;12;Libre
2005;Sector4_Fondo_Sur_Bajo;3;13;Libre
2006;Sector4_Fondo_Sur_Bajo;3;14;Libre
2007;Sector4_Fondo_Sur_Bajo;3;15;Libre
2008;Sector4_Fondo_Sur_Bajo;3;16;Libre
2009;Sector4_Fondo_Sur_Bajo;3;17;Libre
2010;Sector4_Fondo_Sur_Bajo;3;18;Libre
2011;Sector4_Fondo_Sur_Bajo;3;19;Libre
2012;Sector4_Fondo_Sur_Bajo;3;20;Libre
2013;Sector4_Fondo_Sur_Bajo;2;1;Libre
2014;Sector4_Fondo_Sur_Bajo;2;2;Libre
2015;Sector4_Fondo_Sur_Bajo;2;3;Libre
2016;Sector4_Fondo_Sur_Bajo;2;4;Libre
2017;Sector4_Fondo_Sur_Bajo;2;5;Libre
2018;Sector4_Fondo_Sur_Bajo;2;6;Libre
2019;Sector4_Fondo_Sur_Bajo;2;7;Libre
2020;Sector4_Fondo_Sur_Bajo;2;8;Libre
2021;Sector4_Fondo_Sur_Bajo;2;9;Libre
2022;Sector4_Fondo_Sur_Bajo;2;10;Libre
2023;Sector4_Fondo_Sur_Bajo;2;11;Libre
2024;Sector4_Fondo_Sur_Bajo;2;12;Libre
2025;Sector4_Fondo_Sur_Bajo;2;13;Libre
2026;Sector4_Fondo_Sur_Bajo;2;14;Libre
2027;Sector4_Fondo_Sur_Bajo;2;15;Libre
2028;Sector4_Fondo_Sur_Bajo;2;16;Libre
2029;Sector4_Fondo_Sur_Bajo;2;17;Libre
2030;Sector4_Fondo_Sur_Bajo;2;18;Libre
2031;Sector4_Fondo_Sur_Bajo;2;19;Libre
2032;Sector4_Fondo_Sur_Bajo;2;20;Libre
2033;Sector4_Fondo_Sur_Bajo;1;1;Libre
2034;Sector4_Fondo_Sur_Bajo;1;2;Libre
2035;Sector4_Fondo_Sur_Bajo;1;3;Libre
2036;Sector4_Fondo_Sur_Bajo;1;4;Libre
2037;Sector4_Fondo_Sur_Bajo;1;5;Libre
2038;Sector4_Fondo_Sur_Bajo;1;6;Libre
2039;Sector4_Fondo_Sur_Bajo;1;7;Libre
2040;Sector4_Fondo_Sur_Bajo;1;8;Libre
2041;Sector4_Fondo_Sur_Bajo;1;9;Libre
2042;Sector4_Fondo_Sur_Bajo;1;10;Libre
2043;Sector4_Fondo_Sur_Bajo;1;11;Libre
2044;Sector4_Fondo_Sur_Bajo;1;12;Libre
2045;Sector4_Fondo_Sur_Bajo;1;13;Libre
2046;Sector4_Fondo_Sur_Bajo;1;14;Libre
2047;Sector4_Fondo_Sur_Bajo;1;15;Libre
2048;Sector4_Fondo_Sur_Bajo;1;16;Libre
2049;Sector4_Fondo_Sur_Bajo;1;17;Libre
2050;Sector4_Fondo_Sur_Bajo;1;18;Libre
2051;Sector4_Fondo_Sur_Bajo;1;19;Libre
2052;Sector4_Fondo_Sur_Bajo;1;20;Libre
2053;Sector5_Fondo_Sur_Bajo;8;1;Libre
2054;Sector5_Fondo_Sur_Bajo;8;2;Libre
2055;Sector5_Fondo_Sur_Bajo;8;3;Libre
2056;Sector5_Fondo_Sur_Bajo;8;4;Libre
2057;Sector5_Fondo_Sur_Bajo;8;5;Libre
2058;Sector5_Fondo_Sur_Bajo;8;6;Libre
2059;Sector5_Fondo_Sur_Bajo;8;7;Libre
2060;Sector5_Fondo_Sur_Bajo;8;8;Libre
2061;Sector5_Fondo_Sur_Bajo;8;9;Libre
2062;Sector5_Fondo_Sur_Bajo;8;10;Libre
2063;Sector5_Fondo_Sur_Bajo;8;11;Libre
2064;Sector5_Fondo_Sur_Bajo;8;12;Libre
2065;Sector5_Fondo_Sur_Bajo;8;13;Libre
2066;Sector5_Fondo_Sur_Bajo;8;14;Libre
2067;Sector5_Fondo_Sur_Bajo;8;15;Libre
2068;Sector5_Fondo_Sur_Bajo;8;16;Libre
2069;Sector5_Fondo_Sur_Bajo;8;17;Libre
2070;Sector5_Fondo_Sur_Bajo;8;18;Libre
2071;Sector5_Fondo_Sur_Bajo;8;19;Libre
2072;Sector5_Fondo_Sur_Bajo;8;20;Libre
2073;Sector5_Fondo_Sur_Bajo;7;1;Libre
2074;Sector5_Fondo_Sur_Bajo;7;2;Libre
2075;Sector5_Fondo_Sur_Bajo;7;3;Libre
2076;Sector5_Fondo_Sur_Bajo;7;4;Libre
2077;Sector5_Fondo_Sur_Bajo;7;5;Libre
2078;Sector5_Fondo_Sur_Bajo;7;6;Libre
2079;Sector5_Fondo_Sur_Bajo;7;7;Libre
2080;Sector5_Fondo_Sur_Bajo;7;8;Libre
2081;Sector5_Fondo_Sur_Bajo;7;9;Libre
2082;Sector5_Fondo_Sur_Bajo;7;10;Libre
2083;Sector5_Fondo_Sur_Bajo;7;11;Libre
2084;Sector5_Fondo_Sur_Bajo;7;12;Libre
2085;Sector5_Fondo_Sur_Bajo;7;13;Libre
2086;Sector5_Fondo_Sur_Bajo;7;14;Libre
2087;Sector5_Fondo_Sur_Bajo;7;15;Libre
2088;Sector5_Fondo_Sur_Bajo;7;16;Libre
2089;Sector5_Fondo_Sur_Bajo;7;17;Libre
2090;Sector5_Fondo_Sur_Bajo;7;18;Libre
2091;Sector5_Fondo_Sur_Bajo;7;19;Libre
2092;Sector5_Fondo_Sur_Bajo;7;20;Libre
2093;Sector5_Fondo_Sur_Bajo;6;1;Libre
2094;Sector5_Fondo_Sur_Bajo;6;2;Libre
2095;Sector5_Fondo_Sur_Bajo;6;3;Libre
2096;Sector5_Fondo_Sur_Bajo;6;4;Libre
2097;Sector5_Fondo_Sur_Bajo;6;5;Libre
2098;Sector5_Fondo_Sur_Bajo;6;6;Libre
2099;Sector5_Fondo_Sur_Bajo;6;7;Libre
2100;Sector5_Fondo_Sur_Bajo;6;8;Libre
2101;Sector5_Fondo_Sur_Bajo;6;9;Libre
2102;Sector5_Fondo_Sur_Bajo;6;10;Libre
2103;Sector5_Fondo_Sur_Bajo;6;11;Libre
2104;Sector5_Fondo_Sur_Bajo;6;12;Libre
2105;Sector5_Fondo_Sur_Bajo;6;13;Libre
2106;Sector5_Fondo_Sur_Bajo;6;14;Libre
2107;Sector5_Fondo_Sur_Bajo;6;15;Libre
2108;Sector5_Fondo_Sur_Bajo;6;16;Libre
2109;Sector5_Fondo_Sur_Bajo;6;17;Libre
2110;Sector5_Fondo_Sur_Bajo;6;18;Libre
2111;Sector5_Fondo_Sur_Bajo;6;19;Libre
2112;Sector5_Fondo_Sur_Bajo;6;20;Libre
2113;Sector5_Fondo_Sur_Bajo;5;1;Libre
2114;Sector5_Fondo_Sur_Bajo;5;2;Libre
2115;Sector5_Fondo_Sur_Bajo;5;3;Libre
2116;Sector5_Fondo_Sur_Bajo;5;4;Libre
2117;Sector5_Fondo_Sur_Bajo;5;5;Libre
2118;Sector5_Fondo_Sur_Bajo;5;6;Libre
2119;Sector5_Fondo_Sur_Bajo;5;7;Libre
2120;Sector5_Fondo_Sur_Bajo;5;8;Libre
2121;Sector5_Fondo_Sur_Bajo;5;9;Libre
2122;Sector5_Fondo_Sur_Bajo;5;10;Libre
2123;Sector5_Fondo_Sur_Bajo;5;11;Libre
2124;Sector5_Fondo_Sur_Bajo;5;12;Libre
2125;Sector5_Fondo_Sur_Bajo;5;13;Libre
2126;Sector5_Fondo_Sur_Bajo;5;14;Libre
2127;Sector5_Fondo_Sur_Bajo;5;15;Libre
2128;Sector5_Fondo_Sur_Bajo;5;16;Libre
2129;Sector5_Fondo_Sur_Bajo;5;17;Libre
2130;Sector5_Fondo_Sur_Bajo;5;18;Libre
2131;Sector5_Fondo_Sur_Bajo;5;19;Libre
2132;Sector5_Fondo_Sur_Bajo;5;20;Libre
2133;Sector5_Fondo_Sur_Bajo;4;1;Libre
2134;Sector5_Fondo_Sur_Bajo;4;2;Libre
2135;Sector5_Fondo_Sur_Bajo;4;3;Libre
2136;Sector5_Fondo_Sur_Bajo;4;4;Libre
2137;Sector5_Fondo_Sur_Bajo;4;5;Libre
2138;Sector5_Fondo_Sur_Bajo;4;6;Libre
2139;Sector5_Fondo_Sur_Bajo;4;7;Libre
2140;Sector5_Fondo_Sur_Bajo;4;8;Libre
2141;Sector5_Fondo_Sur_Bajo;4;9;Libre
2142;Sector5_Fondo_Sur_Bajo;4;10;Libre
2143;Sector5_Fondo_Sur_Bajo;4;11;Libre
2144;Sector5_Fondo_Sur_Bajo;4;12;Libre
2145;Sector5_Fondo_Sur_Bajo;4;13;Libre
2146;Sector5_Fondo_Sur_Bajo;4;14;Libre
2147;Sector5_Fondo_Sur_Bajo;4;15;Libre
2148;Sector5_Fondo_Sur_Bajo;4;16;Libre
2149;Sector5_Fondo_Sur_Bajo;4;17;Libre
2150;Sector5_Fondo_Sur_Bajo;4;18;Libre
2151;Sector5_Fondo_Sur_Bajo;4;19;Libre
2152;Sector5_Fondo_Sur_Bajo;4;20;Libre
2153;Sector5_Fondo_Sur_Bajo;3;1;Libre
2154;Sector5_Fondo_Sur_Bajo;3;2;Libre
2155;Sector5_Fondo_Sur_Bajo;3;3;Libre
2156;Sector5_Fondo_Sur_Bajo;3;4;Libre
2157;Sector5_Fondo_Sur_Bajo;3;5;Libre
2158;Sector5_Fondo_Sur_Bajo;3;6;Libre
2159;Sector5_Fondo_Sur_Bajo;3;7;Libre
2160;Sector5_Fondo_Sur_Bajo;3;8;Libre
2161;Sector5_Fondo_Sur_Bajo;3;9;Libre
2162;Sector5_Fondo_Sur_Bajo;3;10;Libre
2163;Sector5_Fondo_Sur_Bajo;3;11;Libre
2164;Sector5_Fondo_Sur_Bajo;3;12;Libre
2165;Sector5_Fondo_Sur_Bajo;3;13;Libre
2166;Sector5_Fondo_Sur_Bajo;3;14;Libre
2167;Sector5_Fondo_Sur_Bajo;3;15;Libre
2168;Sector5_Fondo_Sur_Bajo;3;16;Libre
2169;Sector5_Fondo_Sur_Bajo;3;17;Libre
2170;Sector5_Fondo_Sur_Bajo;3;18;Libre
2171;Sector5_Fondo_Sur_Bajo;3;19;Libre
2172;Sector5_Fondo_Sur_Bajo;3;20;Libre
2173;Sector5_Fondo_Sur_Bajo;2;1;Libre
2174;Sector5_Fondo_Sur_Bajo;2;2;Libre
2175;Sector5_Fondo_Sur_Bajo;2;3;Libre
2176;Sector5_Fondo_Sur_Bajo;2;4;Libre
2177;Sector5_Fondo_Sur_Bajo;2;5;Libre
2178;Sector5_Fondo_Sur_Bajo;2;6;Libre
2179;Sector5_Fondo_Sur_Bajo;2;7;Libre
2180;Sector5_Fondo_Sur_Bajo;2;8;Libre
2181;Sector5_Fondo_Sur_Bajo;2;9;Libre
2182;Sector5_Fondo_Sur_Bajo;2;10;Libre
2183;Sector5_Fondo_Sur_Bajo;2;11;Libre
2184;Sector5_Fondo_Sur_Bajo;2;12;Libre
2185;Sector5_Fondo_Sur_Bajo;2;13;Libre
2186;Sector5_Fondo_Sur_Bajo;2;14;Libre
2187;Sector5_Fondo_Sur_Bajo;2;15;Libre
2188;Sector5_Fondo_Sur_Bajo;2;16;Libre
2189;Sector5_Fondo_Sur_Bajo;2;17;Libre
2190;Sector5_Fondo_Sur_Bajo;2;18;Libre
2191;Sector5_Fondo_Sur_Bajo;2;19;Libre
2192;Sector5_Fondo_Sur_Bajo;2;20;Libre
2193;Sector5_Fondo_Sur_Bajo;1;1;Libre
2194;Sector5_Fondo_Sur_Bajo;1;2;Libre
2195;Sector5_Fondo_Sur_Bajo;1;3;Libre
2196;Sector5_Fondo_Sur_Bajo;1;4;Libre
2197;Sector5_Fondo_Sur_Bajo;1;5;Libre
2198;Sector5_Fondo_Sur_Bajo;1;6;Libre
2199;Sector5_Fondo_Sur_Bajo;1;7;Libre
2200;Sector5_Fondo_Sur_Bajo;1;8;Libre
2201;Sector5_Fondo_Sur_Bajo;1;9;Libre
2202;Sector5_Fondo_Sur_Bajo;1;10;Libre
2203;Sector5_Fondo_Sur_Bajo;1;11;Libre
2204;Sector5_Fondo_Sur_Bajo;1;12;Libre
2205;Sector5_Fondo_Sur_Bajo;1;13;Libre
2206;Sector5_Fondo_Sur_Bajo;1;14;Libre
2207;Sector5_Fondo_Sur_Bajo;1;15;Libre
2208;Sector5_Fondo_Sur_Bajo;1;16;Libre
2209;Sector5_Fondo_Sur_Bajo;1;17;Libre
2210;Sector5_Fondo_Sur_Bajo;1;18;Libre
2211;Sector5_Fondo_Sur_Bajo;1;19;Libre
2212;Sector5_Fondo_Sur_Bajo;1;20;Libre
2213;Sector6_Fondo_Sur_Bajo;8;1;Libre
2214;Sector6_Fondo_Sur_Bajo;8;2;Libre
2215;Sector6_Fondo_Sur_Bajo;8;3;Libre
2216;Sector6_Fondo_Sur_Bajo;8;4;Libre
2217;Sector6_Fondo_Sur_Bajo;8;5;Libre
2218;Sector6_Fondo_Sur_Bajo;8;6;Libre
2219;Sector6_Fondo_Sur_Bajo;8;7;Libre
2220;Sector6_Fondo_Sur_Bajo;8;8;Libre
2221;Sector6_Fondo_Sur_Bajo;8;9;Libre
2222;Sector6_Fondo_Sur_Bajo;8;10;Libre
2223;Sector6_Fondo_Sur_Bajo;8;11;Libre
2224;Sector6_Fondo_Sur_Bajo;8;12;Libre
2225;Sector6_Fondo_Sur_Bajo;8;13;Libre
2226;Sector6_Fondo_Sur_Bajo;8;14;Libre
2227;Sector6_Fondo_Sur_Bajo;8;15;Libre
2228;Sector6_Fondo_Sur_Bajo;8;16;Libre
2229;Sector6_Fondo_Sur_Bajo;8;17;Libre
2230;Sector6_Fondo_Sur_Bajo;8;18;Libre
2231;Sector6_Fondo_Sur_Bajo;8;19;Libre
2232;Sector6_Fondo_Sur_Bajo;8;20;Libre
2233;Sector6_Fondo_Sur_Bajo;7;1;Libre
2234;Sector6_Fondo_Sur_Bajo;7;2;Libre
2235;Sector6_Fondo_Sur_Bajo;7;3;Libre
2236;Sector6_Fondo_Sur_Bajo;7;4;Libre
2237;Sector6_Fondo_Sur_Bajo;7;5;Libre
2238;Sector6_Fondo_Sur_Bajo;7;6;Libre
2239;Sector6_Fondo_Sur_Bajo;7;7;Libre
2240;Sector6_Fondo_Sur_Bajo;7;8;Libre
2241;Sector6_Fondo_Sur_Bajo;7;9;Libre
2242;Sector6_Fondo_Sur_Bajo;7;10;Libre
2243;Sector6_Fondo_Sur_Bajo;7;11;Libre
2244;Sector6_Fondo_Sur_Bajo;7;12;Libre
2245;Sector6_Fondo_Sur_Bajo;7;13;Libre
2246;Sector6_Fondo_Sur_Bajo;7;14;Libre
2247;Sector6_Fondo_Sur_Bajo;7;15;Libre
2248;Sector6_Fondo_Sur_Bajo;7;16;Libre
2249;Sector6_Fondo_Sur_Bajo;7;17;Libre
2250;Sector6_Fondo_Sur_Bajo;7;18;Libre
2251;Sector6_Fondo_Sur_Bajo;7;19;Libre
2252;Sector6_Fondo_Sur_Bajo;7;20;Libre
2253;Sector6_Fondo_Sur_Bajo;6;1;Libre
2254;Sector6_Fondo_Sur_Bajo;6;2;Libre
2255;Sector6_Fondo_Sur_Bajo;6;3;Libre
2256;Sector6_Fondo_Sur_Bajo;6;4;Libre
2257;Sector6_Fondo_Sur_Bajo;6;5;Libre
2258;Sector6_Fondo_Sur_Bajo;6;6;Libre
2259;Sector6_Fondo_Sur_Bajo;6;7;Libre
2260;Sector6_Fondo_Sur_Bajo;6;8;Libre
2261;Sector6_Fondo_Sur_Bajo;6;9;Libre
2262;Sector6_Fondo_Sur_Bajo;6;10;Libre
2263;Sector6_Fondo_Sur_Bajo;6;11;Libre
2264;Sector6_Fondo_Sur_Bajo;6;12;Libre
2265;Sector6_Fondo_Sur_Bajo;6;13;Libre
2266;Sector6_Fondo_Sur_Bajo;6;14;Libre
2267;Sector6_Fondo_Sur_Bajo;6;15;Libre
2268;Sector6_Fondo_Sur_Bajo;6;16;Libre
2269;Sector6_Fondo_Sur_Bajo;6;17;Libre
2270;Sector6_Fondo_Sur_Bajo;6;18;Libre
2271;Sector6_Fondo_Sur_Bajo;6;19;Libre
2272;Sector6_Fondo_Sur_Bajo;6;20;Libre
2273;Sector6_Fondo_Sur_Bajo;5;1;Libre
2274;Sector6_Fondo_Sur_Bajo;5;2;Libre
2275;Sector6_Fondo_Sur_Bajo;5;3;Libre
2276;Sector6_Fondo_Sur_Bajo;5;4;Libre
2277;Sector6_Fondo_Sur_Bajo;5;5;Libre
2278;Sector6_Fondo_Sur_Bajo;5;6;Libre
2279;Sector6_Fondo_Sur_Bajo;5;7;Libre
2280;Sector6_Fondo_Sur_Bajo;5;8;Libre
2281;Sector6_Fondo_Sur_Bajo;5;9;Libre
2282;Sector6_Fondo_Sur_Bajo;5;10;Libre
2283;Sector6_Fondo_Sur_Bajo;5;11;Libre
2284;Sector6_Fondo_Sur_Bajo;5;12;Libre
2285;Sector6_Fondo_Sur_Bajo;5;13;Libre
2286;Sector6_Fondo_Sur_Bajo;5;14;Libre
2287;Sector6_Fondo_Sur_Bajo;5;15;Libre
2288;Sector6_Fondo_Sur_Bajo;5;16;Libre
2289;Sector6_Fondo_Sur_Bajo;5;17;Libre
2290;Sector6_Fondo_Sur_Bajo;5;18;Libre
2291;Sector6_Fondo_Sur_Bajo;5;19;Libre
2292;Sector6_Fondo_Sur_Bajo;5;20;Libre
2293;Sector6_Fondo_Sur_Bajo;4;1;Libre
2294;Sector6_Fondo_Sur_Bajo;4;2;Libre
2295;Sector6_Fondo_Sur_Bajo;4;3;Libre
2296;Sector6_Fondo_Sur_Bajo;4;4;Libre
2297;Sector6_Fondo_Sur_Bajo;4;5;Libre
2298;Sector6_Fondo_Sur_Bajo;4;6;Libre
2299;Sector6_Fondo_Sur_Bajo;4;7;Libre
2300;Sector6_Fondo_Sur_Bajo;4;8;Libre
2301;Sector6_Fondo_Sur_Bajo;4;9;Libre
2302;Sector6_Fondo_Sur_Bajo;4;10;Libre
2303;Sector6_Fondo_Sur_Bajo;4;11;Libre
2304;Sector6_Fondo_Sur_Bajo;4;12;Libre
2305;Sector6_Fondo_Sur_Bajo;4;13;Libre
2306;Sector6_Fondo_Sur_Bajo;4;14;Libre
2307;Sector6_Fondo_Sur_Bajo;4;15;Libre
2308;Sector6_Fondo_Sur_Bajo;4;16;Libre
2309;Sector6_Fondo_Sur_Bajo;4;17;Libre
2310;Sector6_Fondo_Sur_Bajo;4;18;Libre
2311;Sector6_Fondo_Sur_Bajo;4;19;Libre
2312;Sector6_Fondo_Sur_Bajo;4;20;Libre
2313;Sector6_Fondo_Sur_Bajo;3;1;Libre
2314;Sector6_Fondo_Sur_Bajo;3;2;Libre
2315;Sector6_Fondo_Sur_Bajo;3;3;Libre
2316;Sector6_Fondo_Sur_Bajo;3;4;Libre
2317;Sector6_Fondo_Sur_Bajo;3;5;Libre
2318;Sector6_Fondo_Sur_Bajo;3;6;Libre
2319;Sector6_Fondo_Sur_Bajo;3;7;Libre
2320;Sector6_Fondo_Sur_Bajo;3;8;Libre
2321;Sector6_Fondo_Sur_Bajo;3;9;Libre
2322;Sector6_Fondo_Sur_Bajo;3;10;Libre
2323;Sector6_Fondo_Sur_Bajo;3;11;Libre
2324;Sector6_Fondo_Sur_Bajo;3;12;Libre
2325;Sector6_Fondo_Sur_Bajo;3;13;Libre
2326;Sector6_Fondo_Sur_Bajo;3;14;Libre
2327;Sector6_Fondo_Sur_Bajo;3;15;Libre
2328;Sector6_Fondo_Sur_Bajo;3;16;Libre
2329;Sector6_Fondo_Sur_Bajo;3;17;Libre
2330;Sector6_Fondo_Sur_Bajo;3;18;Libre
2331;Sector6_Fondo_Sur_Bajo;3;19;Libre
2332;Sector6_Fondo_Sur_Bajo;3;20;Libre
2333;Sector6_Fondo_Sur_Bajo;2;1;Libre
2334;Sector6_Fondo_Sur_Bajo;2;2;Libre
2335;Sector6_Fondo_Sur_Bajo;2;3;Libre
2336;Sector6_Fondo_Sur_Bajo;2;4;Libre
2337;Sector6_Fondo_Sur_Bajo;2;5;Libre
2338;Sector6_Fondo_Sur_Bajo;2;6;Libre
2339;Sector6_Fondo_Sur_Bajo;2;7;Libre
2340;Sector6_Fondo_Sur_Bajo;2;8;Libre
2341;Sector6_Fondo_Sur_Bajo;2;9;Libre
2342;Sector6_Fondo_Sur_Bajo;2;10;Libre
2343;Sector6_Fondo_Sur_Bajo;2;11;Libre
2344;Sector6_Fondo_Sur_Bajo;2;12;Libre
2345;Sector6_Fondo_Sur_Bajo;2;13;Libre
2346;Sector6_Fondo_Sur_Bajo;2;14;Libre
2347;Sector6_Fondo_Sur_Bajo;2;15;Libre
2348;Sector6_Fondo_Sur_Bajo;2;16;Libre
2349;Sector6_Fondo_Sur_Bajo;2;17;Libre
2350;Sector6_Fondo_Sur_Bajo;2;18;Libre
2351;Sector6_Fondo_Sur_Bajo;2;19;Libre
2352;Sector6_Fondo_Sur_Bajo;2;20;Libre
2353;Sector6_Fondo_Sur_Bajo;1;1;Libre
2354;Sector6_Fondo_Sur_Bajo;1;2;Libre
2355;Sector6_Fondo_Sur_Bajo;1;3;Libre
2356;Sector6_Fondo_Sur_Bajo;1;4;Libre
2357;Sector6_Fondo_Sur_Bajo;1;5;Libre
2358;Sector6_Fondo_Sur_Bajo;1;6;Libre
2359;Sector6_Fondo_Sur_Bajo;1;7;Libre
2360;Sector6_Fondo_Sur_Bajo;1;8;Libre
2361;Sector6_Fondo_Sur_Bajo;1;9;Libre
2362;Sector6_Fondo_Sur_Bajo;1;10;Libre
2363;Sector6_Fondo_Sur_Bajo;1;11;Libre
2364;Sector6_Fondo_Sur_Bajo;1;12;Libre
2365;Sector6_Fondo_Sur_Bajo;1;13;Libre
2366;Sector6_Fondo_Sur_Bajo;1;14;Libre
2367;Sector6_Fondo_Sur_Bajo;1;15;Libre
2368;Sector6_Fondo_Sur_Bajo;1;16;Libre
2369;Sector6_Fondo_Sur_Bajo;1;17;Libre
2370;Sector6_Fondo_Sur_Bajo;1;18;Libre
2371;Sector6_Fondo_Sur_Bajo;1;19;Libre
2372;Sector6_Fondo_Sur_Bajo;1;20;Libre
2373;Sector7_Fondo_Sur_Bajo;8;1;Libre
2374;Sector7_Fondo_Sur_Bajo;8;2;Libre
2375;Sector7_Fondo_Sur_Bajo;8;3;Libre
2376;Sector7_Fondo_Sur_Bajo;8;4;Libre
2377;Sector7_Fondo_Sur_Bajo;8;5;Libre
2378;Sector7_Fondo_Sur_Bajo;8;6;Libre
2379;Sector7_Fondo_Sur_Bajo;8;7;Libre
2380;Sector7_Fondo_Sur_Bajo;8;8;Libre
2381;Sector7_Fondo_Sur_Bajo;8;9;Libre
2382;Sector7_Fondo_Sur_Bajo;8;10;Libre
2383;Sector7_Fondo_Sur_Bajo;8;11;Libre
2384;Sector7_Fondo_Sur_Bajo;8;12;Libre
2385;Sector7_Fondo_Sur_Bajo;8;13;Libre
2386;Sector7_Fondo_Sur_Bajo;8;14;Libre
2387;Sector7_Fondo_Sur_Bajo;8;15;Libre
2388;Sector7_Fondo_Sur_Bajo;8;16;Libre
2389;Sector7_Fondo_Sur_Bajo;8;17;Libre
2390;Sector7_Fondo_Sur_Bajo;8;18;Libre
2391;Sector7_Fondo_Sur_Bajo;8;19;Libre
2392;Sector7_Fondo_Sur_Bajo;8;20;Libre
2393;Sector7_Fondo_Sur_Bajo;7;1;Libre
2394;Sector7_Fondo_Sur_Bajo;7;2;Libre
2395;Sector7_Fondo_Sur_Bajo;7;3;Libre
2396;Sector7_Fondo_Sur_Bajo;7;4;Libre
2397;Sector7_Fondo_Sur_Bajo;7;5;Libre
2398;Sector7_Fondo_Sur_Bajo;7;6;Libre
2399;Sector7_Fondo_Sur_Bajo;7;7;Libre
2400;Sector7_Fondo_Sur_Bajo;7;8;Libre
2401;Sector7_Fondo_Sur_Bajo;7;9;Libre
2402;Sector7_Fondo_Sur_Bajo;7;10;Libre
2403;Sector7_Fondo_Sur_Bajo;7;11;Libre
2404;Sector7_Fondo_Sur_Bajo;7;12;Libre
2405;Sector7_Fondo_Sur_Bajo;7;13;Libre
2406;Sector7_Fondo_Sur_Bajo;7;14;Libre
2407;Sector7_Fondo_Sur_Bajo;7;15;Libre
2408;Sector7_Fondo_Sur_Bajo;7;16;Libre
2409;Sector7_Fondo_Sur_Bajo;7;17;Libre
2410;Sector7_Fondo_Sur_Bajo;7;18;Libre
2411;Sector7_Fondo_Sur_Bajo;7;19;Libre
2412;Sector7_Fondo_Sur_Bajo;7;20;Libre
2413;Sector7_Fondo_Sur_Bajo;6;1;Libre
2414;Sector7_Fondo_Sur_Bajo;6;2;Libre
2415;Sector7_Fondo_Sur_Bajo;6;3;Libre
2416;Sector7_Fondo_Sur_Bajo;6;4;Libre
2417;Sector7_Fondo_Sur_Bajo;6;5;Libre
2418;Sector7_Fondo_Sur_Bajo;6;6;Libre
2419;Sector7_Fondo_Sur_Bajo;6;7;Libre
2420;Sector7_Fondo_Sur_Bajo;6;8;Libre
2421;Sector7_Fondo_Sur_Bajo;6;9;Libre
2422;Sector7_Fondo_Sur_Bajo;6;10;Libre
2423;Sector7_Fondo_Sur_Bajo;6;11;Libre
2424;Sector7_Fondo_Sur_Bajo;6;12;Libre
2425;Sector7_Fondo_Sur_Bajo;6;13;Libre
2426;Sector7_Fondo_Sur_Bajo;6;14;Libre
2427;Sector7_Fondo_Sur_Bajo;6;15;Libre
2428;Sector7_Fondo_Sur_Bajo;6;16;Libre
2429;Sector7_Fondo_Sur_Bajo;6;17;Libre
2430;Sector7_Fondo_Sur_Bajo;6;18;Libre
2431;Sector7_Fondo_Sur_Bajo;6;19;Libre
2432;Sector7_Fondo_Sur_Bajo;6;20;Libre
2433;Sector7_Fondo_Sur_Bajo;5;1;Libre
2434;Sector7_Fondo_Sur_Bajo;5;2;Libre
2435;Sector7_Fondo_Sur_Bajo;5;3;Libre
2436;Sector7_Fondo_Sur_Bajo;5;4;Libre
2437;Sector7_Fondo_Sur_Bajo;5;5;Libre
2438;Sector7_Fondo_Sur_Bajo;5;6;Libre
2439;Sector7_Fondo_Sur_Bajo;5;7;Libre
2440;Sector7_Fondo_Sur_Bajo;5;8;Libre
2441;Sector7_Fondo_Sur_Bajo;5;9;Libre
2442;Sector7_Fondo_Sur_Bajo;5;10;Libre
2443;Sector7_Fondo_Sur_Bajo;5;11;Libre
2444;Sector7_Fondo_Sur_Bajo;5;12;Libre
2445;Sector7_Fondo_Sur_Bajo;5;13;Libre
2446;Sector7_Fondo_Sur_Bajo;5;14;Libre
2447;Sector7_Fondo_Sur_Bajo;5;15;Libre
2448;Sector7_Fondo_Sur_Bajo;5;16;Libre
2449;Sector7_Fondo_Sur_Bajo;5;17;Libre
2450;Sector7_Fondo_Sur_Bajo;5;18;Libre
2451;Sector7_Fondo_Sur_Bajo;5;19;Libre
2452;Sector7_Fondo_Sur_Bajo;5;20;Libre
2453;Sector7_Fondo_Sur_Bajo;4;1;Libre
2454;Sector7_Fondo_Sur_Bajo;4;2;Libre
2455;Sector7_Fondo_Sur_Bajo;4;3;Libre
2456;Sector7_Fondo_Sur_Bajo;4;4;Libre
2457;Sector7_Fondo_Sur_Bajo;4;5;Libre
2458;Sector7_Fondo_Sur_Bajo;4;6;Libre
2459;Sector7_Fondo_Sur_Bajo;4;7;Libre
2460;Sector7_Fondo_Sur_Bajo;4;8;Libre
2461;Sector7_Fondo_Sur_Bajo;4;9;Libre
2462;Sector7_Fondo_Sur_Bajo;4;10;Libre
2463;Sector7_Fondo_Sur_Bajo;4;11;Libre
2464;Sector7_Fondo_Sur_Bajo;4;12;Libre
2465;Sector7_Fondo_Sur_Bajo;4;13;Libre
2466;Sector7_Fondo_Sur_Bajo;4;14;Libre
2467;Sector7_Fondo_Sur_Bajo;4;15;Libre
2468;Sector7_Fondo_Sur_Bajo;4;16;Libre
2469;Sector7_Fondo_Sur_Bajo;4;17;Libre
2470;Sector7_Fondo_Sur_Bajo;4;18;Libre
2471;Sector7_Fondo_Sur_Bajo;4;19;Libre
2472;Sector7_Fondo_Sur_Bajo;4;20;Libre
2473;Sector7_Fondo_Sur_Bajo;3;1;Libre
2474;Sector7_Fondo_Sur_Bajo;3;2;Libre
2475;Sector7_Fondo_Sur_Bajo;3;3;Libre
2476;Sector7_Fondo_Sur_Bajo;3;4;Libre
2477;Sector7_Fondo_Sur_Bajo;3;5;Libre
2478;Sector7_Fondo_Sur_Bajo;3;6;Libre
2479;Sector7_Fondo_Sur_Bajo;3;7;Libre
2480;Sector7_Fondo_Sur_Bajo;3;8;Libre
2481;Sector7_Fondo_Sur_Bajo;3;9;Libre
2482;Sector7_Fondo_Sur_Bajo;3;10;Libre
2483;Sector7_Fondo_Sur_Bajo;3;11;Libre
2484;Sector7_Fondo_Sur_Bajo;3;12;Libre
2485;Sector7_Fondo_Sur_Bajo;3;13;Libre
2486;Sector7_Fondo_Sur_Bajo;3;14;Libre
2487;Sector7_Fondo_Sur_Bajo;3;15;Libre
2488;Sector7_Fondo_Sur_Bajo;3;16;Libre
2489;Sector7_Fondo_Sur_Bajo;3;17;Libre
2490;Sector7_Fondo_Sur_Bajo;3;18;Libre
2491;Sector7_Fondo_Sur_Bajo;3;19;Libre
2492;Sector7_Fondo_Sur_Bajo;3;20;Libre
2493;Sector7_Fondo_Sur_Bajo;2;1;Libre
2494;Sector7_Fondo_Sur_Bajo;2;2;Libre
2495;Sector7_Fondo_Sur_Bajo;2;3;Libre
2496;Sector7_Fondo_Sur_Bajo;2;4;Libre
2497;Sector7_Fondo_Sur_Bajo;2;5;Libre
2498;Sector7_Fondo_Sur_Bajo;2;6;Libre
2499;Sector7_Fondo_Sur_Bajo;2;7;Libre
2500;Sector7_Fondo_Sur_Bajo;2;8;Libre
2501;Sector7_Fondo_Sur_Bajo;2;9;Libre
2502;Sector7_Fondo_Sur_Bajo;2;10;Libre
2503;Sector7_Fondo_Sur_Bajo;2;11;Libre
2504;Sector7_Fondo_Sur_Bajo;2;12;Libre
2505;Sector7_Fondo_Sur_Bajo;2;13;Libre
2506;Sector7_Fondo_Sur_Bajo;2;14;Libre
2507;Sector7_Fondo_Sur_Bajo;2;15;Libre
2508;Sector7_Fondo_Sur_Bajo;2;16;Libre
2509;Sector7_Fondo_Sur_Bajo;2;17;Libre
2510;Sector7_Fondo_Sur_Bajo;2;18;Libre
2511;Sector7_Fondo_Sur_Bajo;2;19;Libre
2512;Sector7_Fondo_Sur_Bajo;2;20;Libre
2513;Sector7_Fondo_Sur_Bajo;1;1;Libre
2514;Sector7_Fondo_Sur_Bajo;1;2;Libre
2515;Sector7_Fondo_Sur_Bajo;1;3;Libre
2516;Sector7_Fondo_Sur_Bajo;1;4;Libre
2517;Sector7_Fondo_Sur_Bajo;1;5;Libre
2518;Sector7_Fondo_Sur_Bajo;1;6;Libre
2519;Sector7_Fondo_Sur_Bajo;1;7;Libre
2520;Sector7_Fondo_Sur_Bajo;1;8;Libre
2521;Sector7_Fondo_Sur_Bajo;1;9;Libre
2522;Sector7_Fondo_Sur_Bajo;1;10;Libre
2523;Sector7_Fondo_Sur_Bajo;1;11;Libre
2524;Sector7_Fondo_Sur_Bajo;1;12;Libre
2525;Sector7_Fondo_Sur_Bajo;1;13;Libre
2526;Sector7_Fondo_Sur_Bajo;1;14;Libre
2527;Sector7_Fondo_Sur_Bajo;1;15;Libre
2528;Sector7_Fondo_Sur_Bajo;1;16;Libre
2529;Sector7_Fondo_Sur_Bajo;1;17;Libre
2530;Sector7_Fondo_Sur_Bajo;1;18;Libre
2531;Sector7_Fondo_Sur_Bajo;1;19;Libre
2532;Sector7_Fondo_Sur_Bajo;1;20;Libre
