8863;Sector1_Fondo_Norte_Bajo;8;1;Libre
8864;Sector1_Fondo_Norte_Bajo;8;2;Libre
8865;Sector1_Fondo_Norte_Bajo;8;3;Libre
8866;Sector1_Fondo_Norte_Bajo;8;4;Libre
8867;Sector1_Fondo_Norte_Bajo;8;5;Libre
8868;Sector1_Fondo_Norte_Bajo;8;6;Libre
8869;Sector1_Fondo_Norte_Bajo;8;7;Libre
8870;Sector1_Fondo_Norte_Bajo;8;8;Libre
8871;Sector1_Fondo_Norte_Bajo;8;9;Libre
8872;Sector1_Fondo_Norte_Bajo;8;10;Libre
8873;Sector1_Fondo_Norte_Bajo;8;11;Libre
8874;Sector1_Fondo_Norte_Bajo;8;12;Libre
8875;Sector1_Fondo_Norte_Bajo;8;13;Libre
8876;Sector1_Fondo_Norte_Bajo;8;14;Libre
8877;Sector1_Fondo_Norte_Bajo;8;15;Libre
8878;Sector1_Fondo_Norte_Bajo;8;16;Libre
8879;Sector1_Fondo_Norte_Bajo;8;17;Libre
8880;Sector1_Fondo_Norte_Bajo;8;18;Libre
8881;Sector1_Fondo_Norte_Bajo;8;19;Libre
8882;Sector1_Fondo_Norte_Bajo;8;20;Libre
8883;Sector1_Fondo_Norte_Bajo;7;1;Libre
8884;Sector1_Fondo_Norte_Bajo;7;2;Libre
8885;Sector1_Fondo_Norte_Bajo;7;3;Libre
8886;Sector1_Fondo_Norte_Bajo;7;4;Libre
8887;Sector1_Fondo_Norte_Bajo;7;5;Libre
8888;Sector1_Fondo_Norte_Bajo;7;6;Libre
8889;Sector1_Fondo_Norte_Bajo;7;7;Libre
8890;Sector1_Fondo_Norte_Bajo;7;8;Libre
8891;Sector1_Fondo_Norte_Bajo;7;9;Libre
8892;Sector1_Fondo_Norte_Bajo;7;10;Libre
8893;Sector1_Fondo_Norte_Bajo;7;11;Libre
8894;Sector1_Fondo_Norte_Bajo;7;12;Libre
8895;Sector1_Fondo_Norte_Bajo;7;13;Libre
8896;Sector1_Fondo_Norte_Bajo;7;14;Libre
8897;Sector1_Fondo_Norte_Bajo;7;15;Libre
8898;Sector1_Fondo_Norte_Bajo;7;16;Libre
8899;Sector1_Fondo_Norte_Bajo;7;17;Libre
8900;Sector1_Fondo_Norte_Bajo;7;18;Libre
8901;Sector1_Fondo_Norte_Bajo;7;19;Libre
8902;Sector1_Fondo_Norte_Bajo;7;20;Libre
8903;Sector1_Fondo_Norte_Bajo;6;1;Libre
8904;Sector1_Fondo_Norte_Bajo;6;2;Libre
8905;Sector1_Fondo_Norte_Bajo;6;3;Libre
8906;Sector1_Fondo_Norte_Bajo;6;4;Libre
8907;Sector1_Fondo_Norte_Bajo;6;5;Libre
8908;Sector1_Fondo_Norte_Bajo;6;6;Libre
8909;Sector1_Fondo_Norte_Bajo;6;7;Libre
8910;Sector1_Fondo_Norte_Bajo;6;8;Libre
8911;Sector1_Fondo_Norte_Bajo;6;9;Libre
8912;Sector1_Fondo_Norte_Bajo;6;10;Libre
8913;Sector1_Fondo_Norte_Bajo;6;11;Libre
8914;Sector1_Fondo_Norte_Bajo;6;12;Libre
8915;Sector1_Fondo_Norte_Bajo;6;13;Libre
8916;Sector1_Fondo_Norte_Bajo;6;14;Libre
8917;Sector1_Fondo_Norte_Bajo;6;15;Libre
8918;Sector1_Fondo_Norte_Bajo;6;16;Libre
8919;Sector1_Fondo_Norte_Bajo;6;17;Libre
8920;Sector1_Fondo_Norte_Bajo;6;18;Libre
8921;Sector1_Fondo_Norte_Bajo;6;19;Libre
8922;Sector1_Fondo_Norte_Bajo;6;20;Libre
8923;Sector1_Fondo_Norte_Bajo;5;1;Libre
8924;Sector1_Fondo_Norte_Bajo;5;2;Libre
8925;Sector1_Fondo_Norte_Bajo;5;3;Libre
8926;Sector1_Fondo_Norte_Bajo;5;4;Libre
8927;Sector1_Fondo_Norte_Bajo;5;5;Libre
8928;Sector1_Fondo_Norte_Bajo;5;6;Libre
8929;Sector1_Fondo_Norte_Bajo;5;7;Libre
8930;Sector1_Fondo_Norte_Bajo;5;8;Libre
8931;Sector1_Fondo_Norte_Bajo;5;9;Libre
8932;Sector1_Fondo_Norte_Bajo;5;10;Libre
8933;Sector1_Fondo_Norte_Bajo;5;11;Libre
8934;Sector1_Fondo_Norte_Bajo;5;12;Libre
8935;Sector1_Fondo_Norte_Bajo;5;13;Libre
8936;Sector1_Fondo_Norte_Bajo;5;14;Libre
8937;Sector1_Fondo_Norte_Bajo;5;15;Libre
8938;Sector1_Fondo_Norte_Bajo;5;16;Libre
8939;Sector1_Fondo_Norte_Bajo;5;17;Libre
8940;Sector1_Fondo_Norte_Bajo;5;18;Libre
8941;Sector1_Fondo_Norte_Bajo;5;19;Libre
8942;Sector1_Fondo_Norte_Bajo;5;20;Libre
8943;Sector1_Fondo_Norte_Bajo;4;1;Libre
8944;Sector1_Fondo_Norte_Bajo;4;2;Libre
8945;Sector1_Fondo_Norte_Bajo;4;3;Libre
8946;Sector1_Fondo_Norte_Bajo;4;4;Libre
8947;Sector1_Fondo_Norte_Bajo;4;5;Libre
8948;Sector1_Fondo_Norte_Bajo;4;6;Libre
8949;Sector1_Fondo_Norte_Bajo;4;7;Libre
8950;Sector1_Fondo_Norte_Bajo;4;8;Libre
8951;Sector1_Fondo_Norte_Bajo;4;9;Libre
8952;Sector1_Fondo_Norte_Bajo;4;10;Libre
8953;Sector1_Fondo_Norte_Bajo;4;11;Libre
8954;Sector1_Fondo_Norte_Bajo;4;12;Libre
8955;Sector1_Fondo_Norte_Bajo;4;13;Libre
8956;Sector1_Fondo_Norte_Bajo;4;14;Libre
8957;Sector1_Fondo_Norte_Bajo;4;15;Libre
8958;Sector1_Fondo_Norte_Bajo;4;16;Libre
8959;Sector1_Fondo_Norte_Bajo;4;17;Libre
8960;Sector1_Fondo_Norte_Bajo;4;18;Libre
8961;Sector1_Fondo_Norte_Bajo;4;19;Libre
8962;Sector1_Fondo_Norte_Bajo;4;20;Libre
8963;Sector1_Fondo_Norte_Bajo;3;1;Libre
8964;Sector1_Fondo_Norte_Bajo;3;2;Libre
8965;Sector1_Fondo_Norte_Bajo;3;3;Libre
8966;Sector1_Fondo_Norte_Bajo;3;4;Libre
8967;Sector1_Fondo_Norte_Bajo;3;5;Libre
8968;Sector1_Fondo_Norte_Bajo;3;6;Libre
8969;Sector1_Fondo_Norte_Bajo;3;7;Libre
8970;Sector1_Fondo_Norte_Bajo;3;8;Libre
8971;Sector1_Fondo_Norte_Bajo;3;9;Libre
8972;Sector1_Fondo_Norte_Bajo;3;10;Libre
8973;Sector1_Fondo_Norte_Bajo;3;11;Libre
8974;Sector1_Fondo_Norte_Bajo;3;12;Libre
8975;Sector1_Fondo_Norte_Bajo;3;13;Libre
8976;Sector1_Fondo_Norte_Bajo;3;14;Libre
8977;Sector1_Fondo_Norte_Bajo;3;15;Libre
8978;Sector1_Fondo_Norte_Bajo;3;16;Libre
8979;Sector1_Fondo_Norte_Bajo;3;17;Libre
8980;Sector1_Fondo_Norte_Bajo;3;18;Libre
8981;Sector1_Fondo_Norte_Bajo;3;19;Libre
8982;Sector1_Fondo_Norte_Bajo;3;20;Libre
8983;Sector1_Fondo_Norte_Bajo;2;1;Libre
8984;Sector1_Fondo_Norte_Bajo;2;2;Libre
8985;Sector1_Fondo_Norte_Bajo;2;3;Libre
8986;Sector1_Fondo_Norte_Bajo;2;4;Libre
8987;Sector1_Fondo_Norte_Bajo;2;5;Libre
8988;Sector1_Fondo_Norte_Bajo;2;6;Libre
8989;Sector1_Fondo_Norte_Bajo;2;7;Libre
8990;Sector1_Fondo_Norte_Bajo;2;8;Libre
8991;Sector1_Fondo_Norte_Bajo;2;9;Libre
8992;Sector1_Fondo_Norte_Bajo;2;10;Libre
8993;Sector1_Fondo_Norte_Bajo;2;11;Libre
8994;Sector1_Fondo_Norte_Bajo;2;12;Libre
8995;Sector1_Fondo_Norte_Bajo;2;13;Libre
8996;Sector1_Fondo_Norte_Bajo;2;14;Libre
8997;Sector1_Fondo_Norte_Bajo;2;15;Libre
8998;Sector1_Fondo_Norte_Bajo;2;16;Libre
8999;Sector1_Fondo_Norte_Bajo;2;17;Libre
9000;Sector1_Fondo_Norte_Bajo;2;18;Libre
9001;Sector1_Fondo_Norte_Bajo;2;19;Libre
9002;Sector1_Fondo_Norte_Bajo;2;20;Libre
9003;Sector1_Fondo_Norte_Bajo;1;1;Libre
9004;Sector1_Fondo_Norte_Bajo;1;2;Libre
9005;Sector1_Fondo_Norte_Bajo;1;3;Libre
9006;Sector1_Fondo_Norte_Bajo;1;4;Libre
9007;Sector1_Fondo_Norte_Bajo;1;5;Libre
9008;Sector1_Fondo_Norte_Bajo;1;6;Libre
9009;Sector1_Fondo_Norte_Bajo;1;7;Libre
9010;Sector1_Fondo_Norte_Bajo;1;8;Libre
9011;Sector1_Fondo_Norte_Bajo;1;9;Libre
9012;Sector1_Fondo_Norte_Bajo;1;10;Libre
9013;Sector1_Fondo_Norte_Bajo;1;11;Libre
9014;Sector1_Fondo_Norte_Bajo;1;12;Libre
9015;Sector1_Fondo_Norte_Bajo;1;13;Libre
9016;Sector1_Fondo_Norte_Bajo;1;14;Libre
9017;Sector1_Fondo_Norte_Bajo;1;15;Libre
9018;Sector1_Fondo_Norte_Bajo;1;16;Libre
9019;Sector1_Fondo_Norte_Bajo;1;17;Libre
9020;Sector1_Fondo_Norte_Bajo;1;18;Libre
9021;Sector1_Fondo_Norte_Bajo;1;19;Libre
9022;Sector1_Fondo_Norte_Bajo;1;20;Libre
9023;Sector2_Fondo_Norte_Bajo;8;1;Libre
9024;Sector2_Fondo_Norte_Bajo;8;2;Libre
9025;Sector2_Fondo_Norte_Bajo;8;3;Libre
9026;Sector2_Fondo_Norte_Bajo;8;4;Libre
9027;Sector2_Fondo_Norte_Bajo;8;5;Libre
9028;Sector2_Fondo_Norte_Bajo;8;6;Libre
9029;Sector2_Fondo_Norte_Bajo;8;7;Libre
9030;Sector2_Fondo_Norte_Bajo;8;8;Libre
9031;Sector2_Fondo_Norte_Bajo;8;9;Libre
9032;Sector2_Fondo_Norte_Bajo;8;10;Libre
9033;Sector2_Fondo_Norte_Bajo;8;11;Libre
9034;Sector2_Fondo_Norte_Bajo;8;12;Libre
9035;Sector2_Fondo_Norte_Bajo;8;13;Libre
9036;Sector2_Fondo_Norte_Bajo;8;14;Libre
9037;Sector2_Fondo_Norte_Bajo;8;15;Libre
9038;Sector2_Fondo_Norte_Bajo;8;16;Libre
9039;Sector2_Fondo_Norte_Bajo;8;17;Libre
9040;Sector2_Fondo_Norte_Bajo;8;18;Libre
9041;Sector2_Fondo_Norte_Bajo;8;19;Libre
9042;Sector2_Fondo_Norte_Bajo;8;20;Libre
9043;Sector2_Fondo_Norte_Bajo;7;1;Libre
9044;Sector2_Fondo_Norte_Bajo;7;2;Libre
9045;Sector2_Fondo_Norte_Bajo;7;3;Libre
9046;Sector2_Fondo_Norte_Bajo;7;4;Libre
9047;Sector2_Fondo_Norte_Bajo;7;5;Libre
9048;Sector2_Fondo_Norte_Bajo;7;6;Libre
9049;Sector2_Fondo_Norte_Bajo;7;7;Libre
9050;Sector2_Fondo_Norte_Bajo;7;8;Libre
9051;Sector2_Fondo_Norte_Bajo;7;9;Libre
9052;Sector2_Fondo_Norte_Bajo;7;10;Libre
9053;Sector2_Fondo_Norte_Bajo;7;11;Libre
9054;Sector2_Fondo_Norte_Bajo;7;12;Libre
9055;Sector2_Fondo_Norte_Bajo;7;13;Libre
9056;Sector2_Fondo_Norte_Bajo;7;14;Libre
9057;Sector2_Fondo_Norte_Bajo;7;15;Libre
9058;Sector2_Fondo_Norte_Bajo;7;16;Libre
9059;Sector2_Fondo_Norte_Bajo;7;17;Libre
9060;Sector2_Fondo_Norte_Bajo;7;18;Libre
9061;Sector2_Fondo_Norte_Bajo;7;19;Libre
9062;Sector2_Fondo_Norte_Bajo;7;20;Libre
9063;Sector2_Fondo_Norte_Bajo;6;1;Libre
9064;Sector2_Fondo_Norte_Bajo;6;2;Libre
9065;Sector2_Fondo_Norte_Bajo;6;3;Libre
9066;Sector2_Fondo_Norte_Bajo;6;4;Libre
9067;Sector2_Fondo_Norte_Bajo;6;5;Libre
9068;Sector2_Fondo_Norte_Bajo;6;6;Libre
9069;Sector2_Fondo_Norte_Bajo;6;7;Libre
9070;Sector2_Fondo_Norte_Bajo;6;8;Libre
9071;Sector2_Fondo_Norte_Bajo;6;9;Libre
9072;Sector2_Fondo_Norte_Bajo;6;10;Libre
9073;Sector2_Fondo_Norte_Bajo;6;11;Libre
9074;Sector2_Fondo_Norte_Bajo;6;12;Libre
9075;Sector2_Fondo_Norte_Bajo;6;13;Libre
9076;Sector2_Fondo_Norte_Bajo;6;14;Libre
9077;Sector2_Fondo_Norte_Bajo;6;15;Libre
9078;Sector2_Fondo_Norte_Bajo;6;16;Libre
9079;Sector2_Fondo_Norte_Bajo;6;17;Libre
9080;Sector2_Fondo_Norte_Bajo;6;18;Libre
9081;Sector2_Fondo_Norte_Bajo;6;19;Libre
9082;Sector2_Fondo_Norte_Bajo;6;20;Libre
9083;Sector2_Fondo_Norte_Bajo;5;1;Libre
9084;Sector2_Fondo_Norte_Bajo;5;2;Libre
9085;Sector2_Fondo_Norte_Bajo;5;3;Libre
9086;Sector2_Fondo_Norte_Bajo;5;4;Libre
9087;Sector2_Fondo_Norte_Bajo;5;5;Libre
9088;Sector2_Fondo_Norte_Bajo;5;6;Libre
9089;Sector2_Fondo_Norte_Bajo;5;7;Libre
9090;Sector2_Fondo_Norte_Bajo;5;8;Libre
9091;Sector2_Fondo_Norte_Bajo;5;9;Libre
9092;Sector2_Fondo_Norte_Bajo;5;10;Libre
9093;Sector2_Fondo_Norte_Bajo;5;11;Libre
9094;Sector2_Fondo_Norte_Bajo;5;12;Libre
9095;Sector2_Fondo_Norte_Bajo;5;13;Libre
9096;Sector2_Fondo_Norte_Bajo;5;14;Libre
9097;Sector2_Fondo_Norte_Bajo;5;15;Libre
9098;Sector2_Fondo_Norte_Bajo;5;16;Libre
9099;Sector2_Fondo_Norte_Bajo;5;17;Libre
9100;Sector2_Fondo_Norte_Bajo;5;18;Libre
9101;Sector2_Fondo_Norte_Bajo;5;19;Libre
9102;Sector2_Fondo_Norte_Bajo;5;20;Libre
9103;Sector2_Fondo_Norte_Bajo;4;1;Libre
9104;Sector2_Fondo_Norte_Bajo;4;2;Libre
9105;Sector2_Fondo_Norte_Bajo;4;3;Libre
9106;Sector2_Fondo_Norte_Bajo;4;4;Libre
9107;Sector2_Fondo_Norte_Bajo;4;5;Libre
9108;Sector2_Fondo_Norte_Bajo;4;6;Libre
9109;Sector2_Fondo_Norte_Bajo;4;7;Libre
9110;Sector2_Fondo_Norte_Bajo;4;8;Libre
9111;Sector2_Fondo_Norte_Bajo;4;9;Libre
9112;Sector2_Fondo_Norte_Bajo;4;10;Libre
9113;Sector2_Fondo_Norte_Bajo;4;11;Libre
9114;Sector2_Fondo_Norte_Bajo;4;12;Libre
9115;Sector2_Fondo_Norte_Bajo;4;13;Libre
9116;Sector2_Fondo_Norte_Bajo;4;14;Libre
9117;Sector2_Fondo_Norte_Bajo;4;15;Libre
9118;Sector2_Fondo_Norte_Bajo;4;16;Libre
9119;Sector2_Fondo_Norte_Bajo;4;17;Libre
9120;Sector2_Fondo_Norte_Bajo;4;18;Libre
9121;Sector2_Fondo_Norte_Bajo;4;19;Libre
9122;Sector2_Fondo_Norte_Bajo;4;20;Libre
9123;Sector2_Fondo_Norte_Bajo;3;1;Libre
9124;Sector2_Fondo_Norte_Bajo;3;2;Libre
9125;Sector2_Fondo_Norte_Bajo;3;3;Libre
9126;Sector2_Fondo_Norte_Bajo;3;4;Libre
9127;Sector2_Fondo_Norte_Bajo;3;5;Libre
9128;Sector2_Fondo_Norte_Bajo;3;6;Libre
9129;Sector2_Fondo_Norte_Bajo;3;7;Libre
9130;Sector2_Fondo_Norte_Bajo;3;8;Libre
9131;Sector2_Fondo_Norte_Bajo;3;9;Libre
9132;Sector2_Fondo_Norte_Bajo;3;10;Libre
9133;Sector2_Fondo_Norte_Bajo;3;11;Libre
9134;Sector2_Fondo_Norte_Bajo;3;12;Libre
9135;Sector2_Fondo_Norte_Bajo;3;13;Libre
9136;Sector2_Fondo_Norte_Bajo;3;14;Libre
9137;Sector2_Fondo_Norte_Bajo;3;15;Libre
9138;Sector2_Fondo_Norte_Bajo;3;16;Libre
9139;Sector2_Fondo_Norte_Bajo;3;17;Libre
9140;Sector2_Fondo_Norte_Bajo;3;18;Libre
9141;Sector2_Fondo_Norte_Bajo;3;19;Libre
9142;Sector2_Fondo_Norte_Bajo;3;20;Libre
9143;Sector2_Fondo_Norte_Bajo;2;1;Libre
9144;Sector2_Fondo_Norte_Bajo;2;2;Libre
9145;Sector2_Fondo_Norte_Bajo;2;3;Libre
9146;Sector2_Fondo_Norte_Bajo;2;4;Libre
9147;Sector2_Fondo_Norte_Bajo;2;5;Libre
9148;Sector2_Fondo_Norte_Bajo;2;6;Libre
9149;Sector2_Fondo_Norte_Bajo;2;7;Libre
9150;Sector2_Fondo_Norte_Bajo;2;8;Libre
9151;Sector2_Fondo_Norte_Bajo;2;9;Libre
9152;Sector2_Fondo_Norte_Bajo;2;10;Libre
9153;Sector2_Fondo_Norte_Bajo;2;11;Libre
9154;Sector2_Fondo_Norte_Bajo;2;12;Libre
9155;Sector2_Fondo_Norte_Bajo;2;13;Libre
9156;Sector2_Fondo_Norte_Bajo;2;14;Libre
9157;Sector2_Fondo_Norte_Bajo;2;15;Libre
9158;Sector2_Fondo_Norte_Bajo;2;16;Libre
9159;Sector2_Fondo_Norte_Bajo;2;17;Libre
9160;Sector2_Fondo_Norte_Bajo;2;18;Libre
9161;Sector2_Fondo_Norte_Bajo;2;19;Libre
9162;Sector2_Fondo_Norte_Bajo;2;20;Libre
9163;Sector2_Fondo_Norte_Bajo;1;1;Libre
9164;Sector2_Fondo_Norte_Bajo;1;2;Libre
9165;Sector2_Fondo_Norte_Bajo;1;3;Libre
9166;Sector2_Fondo_Norte_Bajo;1;4;Libre
9167;Sector2_Fondo_Norte_Bajo;1;5;Libre
9168;Sector2_Fondo_Norte_Bajo;1;6;Libre
9169;Sector2_Fondo_Norte_Bajo;1;7;Libre
9170;Sector2_Fondo_Norte_Bajo;1;8;Libre
9171;Sector2_Fondo_Norte_Bajo;1;9;Libre
9172;Sector2_Fondo_Norte_Bajo;1;10;Libre
9173;Sector2_Fondo_Norte_Bajo;1;11;Libre
9174;Sector2_Fondo_Norte_Bajo;1;12;Libre
9175;Sector2_Fondo_Norte_Bajo;1;13;Libre
9176;Sector2_Fondo_Norte_Bajo;1;14;Libre
9177;Sector2_Fondo_Norte_Bajo;1;15;Libre
9178;Sector2_Fondo_Norte_Bajo;1;16;Libre
9179;Sector2_Fondo_Norte_Bajo;1;17;Libre
9180;Sector2_Fondo_Norte_Bajo;1;18;Libre
9181;Sector2_Fondo_Norte_Bajo;1;19;Libre
9182;Sector2_Fondo_Norte_Bajo;1;20;Libre
9183;Sector3_Fondo_Norte_Bajo;8;1;Libre
9184;Sector3_Fondo_Norte_Bajo;8;2;Libre
9185;Sector3_Fondo_Norte_Bajo;8;3;Libre
9186;Sector3_Fondo_Norte_Bajo;8;4;Libre
9187;Sector3_Fondo_Norte_Bajo;8;5;Libre
9188;Sector3_Fondo_Norte_Bajo;8;6;Libre
9189;Sector3_Fondo_Norte_Bajo;8;7;Libre
9190;Sector3_Fondo_Norte_Bajo;8;8;Libre
9191;Sector3_Fondo_Norte_Bajo;8;9;Libre
9192;Sector3_Fondo_Norte_Bajo;8;10;Libre
9193;Sector3_Fondo_Norte_Bajo;8;11;Libre
9194;Sector3_Fondo_Norte_Bajo;8;12;Libre
9195;Sector3_Fondo_Norte_Bajo;8;13;Libre
9196;Sector3_Fondo_Norte_Bajo;8;14;Libre
9197;Sector3_Fondo_Norte_Bajo;8;15;Libre
9198;Sector3_Fondo_Norte_Bajo;8;16;Libre
9199;Sector3_Fondo_Norte_Bajo;8;17;Libre
9200;Sector3_Fondo_Norte_Bajo;8;18;Libre
9201;Sector3_Fondo_Norte_Bajo;8;19;Libre
9202;Sector3_Fondo_Norte_Bajo;8;20;Libre
9203;Sector3_Fondo_Norte_Bajo;7;1;Libre
9204;Sector3_Fondo_Norte_Bajo;7;2;Libre
9205;Sector3_Fondo_Norte_Bajo;7;3;Libre
9206;Sector3_Fondo_Norte_Bajo;7;4;Libre
9207;Sector3_Fondo_Norte_Bajo;7;5;Libre
9208;Sector3_Fondo_Norte_Bajo;7;6;Libre
9209;Sector3_Fondo_Norte_Bajo;7;7;Libre
9210;Sector3_Fondo_Norte_Bajo;7;8;Libre
9211;Sector3_Fondo_Norte_Bajo;7;9;Libre
9212;Sector3_Fondo_Norte_Bajo;7;10;Libre
9213;Sector3_Fondo_Norte_Bajo;7;11;Libre
9214;Sector3_Fondo_Norte_Bajo;7;12;Libre
9215;Sector3_Fondo_Norte_Bajo;7;13;Libre
9216;Sector3_Fondo_Norte_Bajo;7;14;Libre
9217;Sector3_Fondo_Norte_Bajo;7;15;Libre
9218;Sector3_Fondo_Norte_Bajo;7;16;Libre
9219;Sector3_Fondo_Norte_Bajo;7;17;Libre
9220;Sector3_Fondo_Norte_Bajo;7;18;Libre
9221;Sector3_Fondo_Norte_Bajo;7;19;Libre
9222;Sector3_Fondo_Norte_Bajo;7;20;Libre
9223;Sector3_Fondo_Norte_Bajo;6;1;Libre
9224;Sector3_Fondo_Norte_Bajo;6;2;Libre
9225;Sector3_Fondo_Norte_Bajo;6;3;Libre
9226;Sector3_Fondo_Norte_Bajo;6;4;Libre
9227;Sector3_Fondo_Norte_Bajo;6;5;Libre
9228;Sector3_Fondo_Norte_Bajo;6;6;Libre
9229;Sector3_Fondo_Norte_Bajo;6;7;Libre
9230;Sector3_Fondo_Norte_Bajo;6;8;Libre
9231;Sector3_Fondo_Norte_Bajo;6;9;Libre
9232;Sector3_Fondo_Norte_Bajo;6;10;Libre
9233;Sector3_Fondo_Norte_Bajo;6;11;Libre
9234;Sector3_Fondo_Norte_Bajo;6;12;Libre
9235;Sector3_Fondo_Norte_Bajo;6;13;Libre
9236;Sector3_Fondo_Norte_Bajo;6;14;Libre
9237;Sector3_Fondo_Norte_Bajo;6;15;Libre
9238;Sector3_Fondo_Norte_Bajo;6;16;Libre
9239;Sector3_Fondo_Norte_Bajo;6;17;Libre
9240;Sector3_Fondo_Norte_Bajo;6;18;Libre
9241;Sector3_Fondo_Norte_Bajo;6;19;Libre
9242;Sector3_Fondo_Norte_Bajo;6;20;Libre
9243;Sector3_Fondo_Norte_Bajo;5;1;Libre
9244;Sector3_Fondo_Norte_Bajo;5;2;Libre
9245;Sector3_Fondo_Norte_Bajo;5;3;Libre
9246;Sector3_Fondo_Norte_Bajo;5;4;Libre
9247;Sector3_Fondo_Norte_Bajo;5;5;Libre
9248;Sector3_Fondo_Norte_Bajo;5;6;Libre
9249;Sector3_Fondo_Norte_Bajo;5;7;Libre
9250;Sector3_Fondo_Norte_Bajo;5;8;Libre
9251;Sector3_Fondo_Norte_Bajo;5;9;Libre
9252;Sector3_Fondo_Norte_Bajo;5;10;Libre
9253;Sector3_Fondo_Norte_Bajo;5;11;Libre
9254;Sector3_Fondo_Norte_Bajo;5;12;Libre
9255;Sector3_Fondo_Norte_Bajo;5;13;Libre
9256;Sector3_Fondo_Norte_Bajo;5;14;Libre
9257;Sector3_Fondo_Norte_Bajo;5;15;Libre
9258;Sector3_Fondo_Norte_Bajo;5;16;Libre
9259;Sector3_Fondo_Norte_Bajo;5;17;Libre
9260;Sector3_Fondo_Norte_Bajo;5;18;Libre
9261;Sector3_Fondo_Norte_Bajo;5;19;Libre
9262;Sector3_Fondo_Norte_Bajo;5;20;Libre
9263;Sector3_Fondo_Norte_Bajo;4;1;Libre
9264;Sector3_Fondo_Norte_Bajo;4;2;Libre
9265;Sector3_Fondo_Norte_Bajo;4;3;Libre
9266;Sector3_Fondo_Norte_Bajo;4;4;Libre
9267;Sector3_Fondo_Norte_Bajo;4;5;Libre
9268;Sector3_Fondo_Norte_Bajo;4;6;Libre
9269;Sector3_Fondo_Norte_Bajo;4;7;Libre
9270;Sector3_Fondo_Norte_Bajo;4;8;Libre
9271;Sector3_Fondo_Norte_Bajo;4;9;Libre
9272;Sector3_Fondo_Norte_Bajo;4;10;Libre
9273;Sector3_Fondo_Norte_Bajo;4;11;Libre
9274;Sector3_Fondo_Norte_Bajo;4;12;Libre
9275;Sector3_Fondo_Norte_Bajo;4;13;Libre
9276;Sector3_Fondo_Norte_Bajo;4;14;Libre
9277;Sector3_Fondo_Norte_Bajo;4;15;Libre
9278;Sector3_Fondo_Norte_Bajo;4;16;Libre
9279;Sector3_Fondo_Norte_Bajo;4;17;Libre
9280;Sector3_Fondo_Norte_Bajo;4;18;Libre
9281;Sector3_Fondo_Norte_Bajo;4;19;Libre
9282;Sector3_Fondo_Norte_Bajo;4;20;Libre
9283;Sector3_Fondo_Norte_Bajo;3;1;Libre
9284;Sector3_Fondo_Norte_Bajo;3;2;Libre
9285;Sector3_Fondo_Norte_Bajo;3;3;Libre
9286;Sector3_Fondo_Norte_Bajo;3;4;Libre
9287;Sector3_Fondo_Norte_Bajo;3;5;Libre
9288;Sector3_Fondo_Norte_Bajo;3;6;Libre
9289;Sector3_Fondo_Norte_Bajo;3;7;Libre
9290;Sector3_Fondo_Norte_Bajo;3;8;Libre
9291;Sector3_Fondo_Norte_Bajo;3;9;Libre
9292;Sector3_Fondo_Norte_Bajo;3;10;Libre
9293;Sector3_Fondo_Norte_Bajo;3;11;Libre
9294;Sector3_Fondo_Norte_Bajo;3;12;Libre
9295;Sector3_Fondo_Norte_Bajo;3;13;Libre
9296;Sector3_Fondo_Norte_Bajo;3;14;Libre
9297;Sector3_Fondo_Norte_Bajo;3;15;Libre
9298;Sector3_Fondo_Norte_Bajo;3;16;Libre
9299;Sector3_Fondo_Norte_Bajo;3;17;Libre
9300;Sector3_Fondo_Norte_Bajo;3;18;Libre
9301;Sector3_Fondo_Norte_Bajo;3;19;Libre
9302;Sector3_Fondo_Norte_Bajo;3;20;Libre
9303;Sector3_Fondo_Norte_Bajo;2;1;Libre
9304;Sector3_Fondo_Norte_Bajo;2;2;Libre
9305;Sector3_Fondo_Norte_Bajo;2;3;Libre
9306;Sector3_Fondo_Norte_Bajo;2;4;Libre
9307;Sector3_Fondo_Norte_Bajo;2;5;Libre
9308;Sector3_Fondo_Norte_Bajo;2;6;Libre
9309;Sector3_Fondo_Norte_Bajo;2;7;Libre
9310;Sector3_Fondo_Norte_Bajo;2;8;Libre
9311;Sector3_Fondo_Norte_Bajo;2;9;Libre
9312;Sector3_Fondo_Norte_Bajo;2;10;Libre
9313;Sector3_Fondo_Norte_Bajo;2;11;Libre
9314;Sector3_Fondo_Norte_Bajo;2;12;Libre
9315;Sector3_Fondo_Norte_Bajo;2;13;Libre
9316;Sector3_Fondo_Norte_Bajo;2;14;Libre
9317;Sector3_Fondo_Norte_Bajo;2;15;Libre
9318;Sector3_Fondo_Norte_Bajo;2;16;Libre
9319;Sector3_Fondo_Norte_Bajo;2;17;Libre
9320;Sector3_Fondo_Norte_Bajo;2;18;Libre
9321;Sector3_Fondo_Norte_Bajo;2;19;Libre
9322;Sector3_Fondo_Norte_Bajo;2;20;Libre
9323;Sector3_Fondo_Norte_Bajo;1;1;Libre
9324;Sector3_Fondo_Norte_Bajo;1;2;Libre
9325;Sector3_Fondo_Norte_Bajo;1;3;Libre
9326;Sector3_Fondo_Norte_Bajo;1;4;Libre
9327;Sector3_Fondo_Norte_Bajo;1;5;Libre
9328;Sector3_Fondo_Norte_Bajo;1;6;Libre
9329;Sector3_Fondo_Norte_Bajo;1;7;Libre
9330;Sector3_Fondo_Norte_Bajo;1;8;Libre
9331;Sector3_Fondo_Norte_Bajo;1;9;Libre
9332;Sector3_Fondo_Norte_Bajo;1;10;Libre
9333;Sector3_Fondo_Norte_Bajo;1;11;Libre
9334;Sector3_Fondo_Norte_Bajo;1;12;Libre
9335;Sector3_Fondo_Norte_Bajo;1;13;Libre
9336;Sector3_Fondo_Norte_Bajo;1;14;Libre
9337;Sector3_Fondo_Norte_Bajo;1;15;Libre
9338;Sector3_Fondo_Norte_Bajo;1;16;Libre
9339;Sector3_Fondo_Norte_Bajo;1;17;Libre
9340;Sector3_Fondo_Norte_Bajo;1;18;Libre
9341;Sector3_Fondo_Norte_Bajo;1;19;Libre
9342;Sector3_Fondo_Norte_Bajo;1;20;Libre
9343;Sector4_Fondo_Norte_Bajo;8;1;Libre
9344;Sector4_Fondo_Norte_Bajo;8;2;Libre
9345;Sector4_Fondo_Norte_Bajo;8;3;Libre
9346;Sector4_Fondo_Norte_Bajo;8;4;Libre
9347;Sector4_Fondo_Norte_Bajo;8;5;Libre
9348;Sector4_Fondo_Norte_Bajo;8;6;Libre
9349;Sector4_Fondo_Norte_Bajo;8;7;Libre
9350;Sector4_Fondo_Norte_Bajo;8;8;Libre
9351;Sector4_Fondo_Norte_Bajo;8;9;Libre
9352;Sector4_Fondo_Norte_Bajo;8;10;Libre
9353;Sector4_Fondo_Norte_Bajo;8;11;Libre
9354;Sector4_Fondo_Norte_Bajo;8;12;Libre
9355;Sector4_Fondo_Norte_Bajo;8;13;Libre
9356;Sector4_Fondo_Norte_Bajo;8;14;Libre
9357;Sector4_Fondo_Norte_Bajo;8;15;Libre
9358;Sector4_Fondo_Norte_Bajo;8;16;Libre
9359;Sector4_Fondo_Norte_Bajo;8;17;Libre
9360;Sector4_Fondo_Norte_Bajo;8;18;Libre
9361;Sector4_Fondo_Norte_Bajo;8;19;Libre
9362;Sector4_Fondo_Norte_Bajo;8;20;Libre
9363;Sector4_Fondo_Norte_Bajo;7;1;Libre
9364;Sector4_Fondo_Norte_Bajo;7;2;Libre
9365;Sector4_Fondo_Norte_Bajo;7;3;Libre
9366;Sector4_Fondo_Norte_Bajo;7;4;Libre
9367;Sector4_Fondo_Norte_Bajo;7;5;Libre
9368;Sector4_Fondo_Norte_Bajo;7;6;Libre
9369;Sector4_Fondo_Norte_Bajo;7;7;Libre
9370;Sector4_Fondo_Norte_Bajo;7;8;Libre
9371;Sector4_Fondo_Norte_Bajo;7;9;Libre
9372;Sector4_Fondo_Norte_Bajo;7;10;Libre
9373;Sector4_Fondo_Norte_Bajo;7;11;Libre
9374;Sector4_Fondo_Norte_Bajo;7;12;Libre
9375;Sector4_Fondo_Norte_Bajo;7;13;Libre
9376;Sector4_Fondo_Norte_Bajo;7;14;Libre
9377;Sector4_Fondo_Norte_Bajo;7;15;Libre
9378;Sector4_Fondo_Norte_Bajo;7;16;Libre
9379;Sector4_Fondo_Norte_Bajo;7;17;Libre
9380;Sector4_Fondo_Norte_Bajo;7;18;Libre
9381;Sector4_Fondo_Norte_Bajo;7;19;Libre
9382;Sector4_Fondo_Norte_Bajo;7;20;Libre
9383;Sector4_Fondo_Norte_Bajo;6;1;Libre
9384;Sector4_Fondo_Norte_Bajo;6;2;Libre
9385;Sector4_Fondo_Norte_Bajo;6;3;Libre
9386;Sector4_Fondo_Norte_Bajo;6;4;Libre
9387;Sector4_Fondo_Norte_Bajo;6;5;Libre
9388;Sector4_Fondo_Norte_Bajo;6;6;Libre
9389;Sector4_Fondo_Norte_Bajo;6;7;Libre
9390;Sector4_Fondo_Norte_Bajo;6;8;Libre
9391;Sector4_Fondo_Norte_Bajo;6;9;Libre
9392;Sector4_Fondo_Norte_Bajo;6;10;Libre
9393;Sector4_Fondo_Norte_Bajo;6;11;Libre
9394;Sector4_Fondo_Norte_Bajo;6;12;Libre
9395;Sector4_Fondo_Norte_Bajo;6;13;Libre
9396;Sector4_Fondo_Norte_Bajo;6;14;Libre
9397;Sector4_Fondo_Norte_Bajo;6;15;Libre
9398;Sector4_Fondo_Norte_Bajo;6;16;Libre
9399;Sector4_Fondo_Norte_Bajo;6;17;Libre
9400;Sector4_Fondo_Norte_Bajo;6;18;Libre
9401;Sector4_Fondo_Norte_Bajo;6;19;Libre
9402;Sector4_Fondo_Norte_Bajo;6;20;Libre
9403;Sector4_Fondo_Norte_Bajo;5;1;Libre
9404;Sector4_Fondo_Norte_Bajo;5;2;Libre
9405;Sector4_Fondo_Norte_Bajo;5;3;Libre
9406;Sector4_Fondo_Norte_Bajo;5;4;Libre
9407;Sector4_Fondo_Norte_Bajo;5;5;Libre
9408;Sector4_Fondo_Norte_Bajo;5;6;Libre
9409;Sector4_Fondo_Norte_Bajo;5;7;Libre
9410;Sector4_Fondo_Norte_Bajo;5;8;Libre
9411;Sector4_Fondo_Norte_Bajo;5;9;Libre
9412;Sector4_Fondo_Norte_Bajo;5;10;Libre
9413;Sector4_Fondo_Norte_Bajo;5;11;Libre
9414;Sector4_Fondo_Norte_Bajo;5;12;Libre
9415;Sector4_Fondo_Norte_Bajo;5;13;Libre
9416;Sector4_Fondo_Norte_Bajo;5;14;Libre
9417;Sector4_Fondo_Norte_Bajo;5;15;Libre
9418;Sector4_Fondo_Norte_Bajo;5;16;Libre
9419;Sector4_Fondo_Norte_Bajo;5;17;Libre
9420;Sector4_Fondo_Norte_Bajo;5;18;Libre
9421;Sector4_Fondo_Norte_Bajo;5;19;Libre
9422;Sector4_Fondo_Norte_Bajo;5;20;Libre
9423;Sector4_Fondo_Norte_Bajo;4;1;Libre
9424;Sector4_Fondo_Norte_Bajo;4;2;Libre
9425;Sector4_Fondo_Norte_Bajo;4;3;Libre
9426;Sector4_Fondo_Norte_Bajo;4;4;Libre
9427;Sector4_Fondo_Norte_Bajo;4;5;Libre
9428;Sector4_Fondo_Norte_Bajo;4;6;Libre
9429;Sector4_Fondo_Norte_Bajo;4;7;Libre
9430;Sector4_Fondo_Norte_Bajo;4;8;Libre
9431;Sector4_Fondo_Norte_Bajo;4;9;Libre
9432;Sector4_Fondo_Norte_Bajo;4;10;Libre
9433;Sector4_Fondo_Norte_Bajo;4;11;Libre
9434;Sector4_Fondo_Norte_Bajo;4;12;Libre
9435;Sector4_Fondo_Norte_Bajo;4;13;Libre
9436;Sector4_Fondo_Norte_Bajo;4;14;Libre
9437;Sector4_Fondo_Norte_Bajo;4;15;Libre
9438;Sector4_Fondo_Norte_Bajo;4;16;Libre
9439;Sector4_Fondo_Norte_Bajo;4;17;Libre
9440;Sector4_Fondo_Norte_Bajo;4;18;Libre
9441;Sector4_Fondo_Norte_Bajo;4;19;Libre
9442;Sector4_Fondo_Norte_Bajo;4;20;Libre
9443;Sector4_Fondo_Norte_Bajo;3;1;Libre
9444;Sector4_Fondo_Norte_Bajo;3;2;Libre
9445;Sector4_Fondo_Norte_Bajo;3;3;Libre
9446;Sector4_Fondo_Norte_Bajo;3;4;Libre
9447;Sector4_Fondo_Norte_Bajo;3;5;Libre
9448;Sector4_Fondo_Norte_Bajo;3;6;Libre
9449;Sector4_Fondo_Norte_Bajo;3;7;Libre
9450;Sector4_Fondo_Norte_Bajo;3;8;Libre
9451;Sector4_Fondo_Norte_Bajo;3;9;Libre
9452;Sector4_Fondo_Norte_Bajo;3;10;Libre
9453;Sector4_Fondo_Norte_Bajo;3;11;Libre
9454;Sector4_Fondo_Norte_Bajo;3;12;Libre
9455;Sector4_Fondo_Norte_Bajo;3;13;Libre
9456;Sector4_Fondo_Norte_Bajo;3;14;Libre
9457;Sector4_Fondo_Norte_Bajo;3;15;Libre
9458;Sector4_Fondo_Norte_Bajo;3;16;Libre
9459;Sector4_Fondo_Norte_Bajo;3;17;Libre
9460;Sector4_Fondo_Norte_Bajo;3;18;Libre
9461;Sector4_Fondo_Norte_Bajo;3;19;Libre
9462;Sector4_Fondo_Norte_Bajo;3;20;Libre
9463;Sector4_Fondo_Norte_Bajo;2;1;Libre
9464;Sector4_Fondo_Norte_Bajo;2;2;Libre
9465;Sector4_Fondo_Norte_Bajo;2;3;Libre
9466;Sector4_Fondo_Norte_Bajo;2;4;Libre
9467;Sector4_Fondo_Norte_Bajo;2;5;Libre
9468;Sector4_Fondo_Norte_Bajo;2;6;Libre
9469;Sector4_Fondo_Norte_Bajo;2;7;Libre
9470;Sector4_Fondo_Norte_Bajo;2;8;Libre
9471;Sector4_Fondo_Norte_Bajo;2;9;Libre
9472;Sector4_Fondo_Norte_Bajo;2;10;Libre
9473;Sector4_Fondo_Norte_Bajo;2;11;Libre
9474;Sector4_Fondo_Norte_Bajo;2;12;Libre
9475;Sector4_Fondo_Norte_Bajo;2;13;Libre
9476;Sector4_Fondo_Norte_Bajo;2;14;Libre
9477;Sector4_Fondo_Norte_Bajo;2;15;Libre
9478;Sector4_Fondo_Norte_Bajo;2;16;Libre
9479;Sector4_Fondo_Norte_Bajo;2;17;Libre
9480;Sector4_Fondo_Norte_Bajo;2;18;Libre
9481;Sector4_Fondo_Norte_Bajo;2;19;Libre
9482;Sector4_Fondo_Norte_Bajo;2;20;Libre
9483;Sector4_Fondo_Norte_Bajo;1;1;Libre
9484;Sector4_Fondo_Norte_Bajo;1;2;Libre
9485;Sector4_Fondo_Norte_Bajo;1;3;Libre
9486;Sector4_Fondo_Norte_Bajo;1;4;Libre
9487;Sector4_Fondo_Norte_Bajo;1;5;Libre
9488;Sector4_Fondo_Norte_Bajo;1;6;Libre
9489;Sector4_Fondo_Norte_Bajo;1;7;Libre
9490;Sector4_Fondo_Norte_Bajo;1;8;Libre
9491;Sector4_Fondo_Norte_Bajo;1;9;Libre
9492;Sector4_Fondo_Norte_Bajo;1;10;Libre
9493;Sector4_Fondo_Norte_Bajo;1;11;Libre
9494;Sector4_Fondo_Norte_Bajo;1;12;Libre
9495;Sector4_Fondo_Norte_Bajo;1;13;Libre
9496;Sector4_Fondo_Norte_Bajo;1;14;Libre
9497;Sector4_Fondo_Norte_Bajo;1;15;Libre
9498;Sector4_Fondo_Norte_Bajo;1;16;Libre
9499;Sector4_Fondo_Norte_Bajo;1;17;Libre
9500;Sector4_Fondo_Norte_Bajo;1;18;Libre
9501;Sector4_Fondo_Norte_Bajo;1;19;Libre
9502;Sector4_Fondo_Norte_Bajo;1;20;Libre
9503;Sector5_Fondo_Norte_Bajo;8;1;Libre
9504;Sector5_Fondo_Norte_Bajo;8;2;Libre
9505;Sector5_Fondo_Norte_Bajo;8;3;Libre
9506;Sector5_Fondo_Norte_Bajo;8;4;Libre
9507;Sector5_Fondo_Norte_Bajo;8;5;Libre
9508;Sector5_Fondo_Norte_Bajo;8;6;Libre
9509;Sector5_Fondo_Norte_Bajo;8;7;Libre
9510;Sector5_Fondo_Norte_Bajo;8;8;Libre
9511;Sector5_Fondo_Norte_Bajo;8;9;Libre
9512;Sector5_Fondo_Norte_Bajo;8;10;Libre
9513;Sector5_Fondo_Norte_Bajo;8;11;Libre
9514;Sector5_Fondo_Norte_Bajo;8;12;Libre
9515;Sector5_Fondo_Norte_Bajo;8;13;Libre
9516;Sector5_Fondo_Norte_Bajo;8;14;Libre
9517;Sector5_Fondo_Norte_Bajo;8;15;Libre
9518;Sector5_Fondo_Norte_Bajo;8;16;Libre
9519;Sector5_Fondo_Norte_Bajo;8;17;Libre
9520;Sector5_Fondo_Norte_Bajo;8;18;Libre
9521;Sector5_Fondo_Norte_Bajo;8;19;Libre
9522;Sector5_Fondo_Norte_Bajo;8;20;Libre
9523;Sector5_Fondo_Norte_Bajo;7;1;Libre
9524;Sector5_Fondo_Norte_Bajo;7;2;Libre
9525;Sector5_Fondo_Norte_Bajo;7;3;Libre
9526;Sector5_Fondo_Norte_Bajo;7;4;Libre
9527;Sector5_Fondo_Norte_Bajo;7;5;Libre
9528;Sector5_Fondo_Norte_Bajo;7;6;Libre
9529;Sector5_Fondo_Norte_Bajo;7;7;Libre
9530;Sector5_Fondo_Norte_Bajo;7;8;Libre
9531;Sector5_Fondo_Norte_Bajo;7;9;Libre
9532;Sector5_Fondo_Norte_Bajo;7;10;Libre
9533;Sector5_Fondo_Norte_Bajo;7;11;Libre
9534;Sector5_Fondo_Norte_Bajo;7;12;Libre
9535;Sector5_Fondo_Norte_Bajo;7;13;Libre
9536;Sector5_Fondo_Norte_Bajo;7;14;Libre
9537;Sector5_Fondo_Norte_Bajo;7;15;Libre
9538;Sector5_Fondo_Norte_Bajo;7;16;Libre
9539;Sector5_Fondo_Norte_Bajo;7;17;Libre
9540;Sector5_Fondo_Norte_Bajo;7;18;Libre
9541;Sector5_Fondo_Norte_Bajo;7;19;Libre
9542;Sector5_Fondo_Norte_Bajo;7;20;Libre
9543;Sector5_Fondo_Norte_Bajo;6;1;Libre
9544;Sector5_Fondo_Norte_Bajo;6;2;Libre
9545;Sector5_Fondo_Norte_Bajo;6;3;Libre
9546;Sector5_Fondo_Norte_Bajo;6;4;Libre
9547;Sector5_Fondo_Norte_Bajo;6;5;Libre
9548;Sector5_Fondo_Norte_Bajo;6;6;Libre
9549;Sector5_Fondo_Norte_Bajo;6;7;Libre
9550;Sector5_Fondo_Norte_Bajo;6;8;Libre
9551;Sector5_Fondo_Norte_Bajo;6;9;Libre
9552;Sector5_Fondo_Norte_Bajo;6;10;Libre
9553;Sector5_Fondo_Norte_Bajo;6;11;Libre
9554;Sector5_Fondo_Norte_Bajo;6;12;Libre
9555;Sector5_Fondo_Norte_Bajo;6;13;Libre
9556;Sector5_Fondo_Norte_Bajo;6;14;Libre
9557;Sector5_Fondo_Norte_Bajo;6;15;Libre
9558;Sector5_Fondo_Norte_Bajo;6;16;Libre
9559;Sector5_Fondo_Norte_Bajo;6;17;Libre
9560;Sector5_Fondo_Norte_Bajo;6;18;Libre
9561;Sector5_Fondo_Norte_Bajo;6;19;Libre
9562;Sector5_Fondo_Norte_Bajo;6;20;Libre
9563;Sector5_Fondo_Norte_Bajo;5;1;Libre
9564;Sector5_Fondo_Norte_Bajo;5;2;Libre
9565;Sector5_Fondo_Norte_Bajo;5;3;Libre
9566;Sector5_Fondo_Norte_Bajo;5;4;Libre
9567;Sector5_Fondo_Norte_Bajo;5;5;Libre
9568;Sector5_Fondo_Norte_Bajo;5;6;Libre
9569;Sector5_Fondo_Norte_Bajo;5;7;Libre
9570;Sector5_Fondo_Norte_Bajo;5;8;Libre
9571;Sector5_Fondo_Norte_Bajo;5;9;Libre
9572;Sector5_Fondo_Norte_Bajo;5;10;Libre
9573;Sector5_Fondo_Norte_Bajo;5;11;Libre
9574;Sector5_Fondo_Norte_Bajo;5;12;Libre
9575;Sector5_Fondo_Norte_Bajo;5;13;Libre
9576;Sector5_Fondo_Norte_Bajo;5;14;Libre
9577;Sector5_Fondo_Norte_Bajo;5;15;Libre
9578;Sector5_Fondo_Norte_Bajo;5;16;Libre
9579;Sector5_Fondo_Norte_Bajo;5;17;Libre
9580;Sector5_Fondo_Norte_Bajo;5;18;Libre
9581;Sector5_Fondo_Norte_Bajo;5;19;Libre
9582;Sector5_Fondo_Norte_Bajo;5;20;Libre
9583;Sector5_Fondo_Norte_Bajo;4;1;Libre
9584;Sector5_Fondo_Norte_Bajo;4;2;Libre
9585;Sector5_Fondo_Norte_Bajo;4;3;Libre
9586;Sector5_Fondo_Norte_Bajo;4;4;Libre
9587;Sector5_Fondo_Norte_Bajo;4;5;Libre
9588;Sector5_Fondo_Norte_Bajo;4;6;Libre
9589;Sector5_Fondo_Norte_Bajo;4;7;Libre
9590;Sector5_Fondo_Norte_Bajo;4;8;Libre
9591;Sector5_Fondo_Norte_Bajo;4;9;Libre
9592;Sector5_Fondo_Norte_Bajo;4;10;Libre
9593;Sector5_Fondo_Norte_Bajo;4;11;Libre
9594;Sector5_Fondo_Norte_Bajo;4;12;Libre
9595;Sector5_Fondo_Norte_Bajo;4;13;Libre
9596;Sector5_Fondo_Norte_Bajo;4;14;Libre
9597;Sector5_Fondo_Norte_Bajo;4;15;Libre
9598;Sector5_Fondo_Norte_Bajo;4;16;Libre
9599;Sector5_Fondo_Norte_Bajo;4;17;Libre
9600;Sector5_Fondo_Norte_Bajo;4;18;Libre
9601;Sector5_Fondo_Norte_Bajo;4;19;Libre
9602;Sector5_Fondo_Norte_Bajo;4;20;Libre
9603;Sector5_Fondo_Norte_Bajo;3;1;Libre
9604;Sector5_Fondo_Norte_Bajo;3;2;Libre
9605;Sector5_Fondo_Norte_Bajo;3;3;Libre
9606;Sector5_Fondo_Norte_Bajo;3;4;Libre
9607;Sector5_Fondo_Norte_Bajo;3;5;Libre
9608;Sector5_Fondo_Norte_Bajo;3;6;Libre
9609;Sector5_Fondo_Norte_Bajo;3;7;Libre
9610;Sector5_Fondo_Norte_Bajo;3;8;Libre
9611;Sector5_Fondo_Norte_Bajo;3;9;Libre
9612;Sector5_Fondo_Norte_Bajo;3;10;Libre
9613;Sector5_Fondo_Norte_Bajo;3;11;Libre
9614;Sector5_Fondo_Norte_Bajo;3;12;Libre
9615;Sector5_Fondo_Norte_Bajo;3;13;Libre
9616;Sector5_Fondo_Norte_Bajo;3;14;Libre
9617;Sector5_Fondo_Norte_Bajo;3;15;Libre
9618;Sector5_Fondo_Norte_Bajo;3;16;Libre
9619;Sector5_Fondo_Norte_Bajo;3;17;Libre
9620;Sector5_Fondo_Norte_Bajo;3;18;Libre
9621;Sector5_Fondo_Norte_Bajo;3;19;Libre
9622;Sector5_Fondo_Norte_Bajo;3;20;Libre
9623;Sector5_Fondo_Norte_Bajo;2;1;Libre
9624;Sector5_Fondo_Norte_Bajo;2;2;Libre
9625;Sector5_Fondo_Norte_Bajo;2;3;Libre
9626;Sector5_Fondo_Norte_Bajo;2;4;Libre
9627;Sector5_Fondo_Norte_Bajo;2;5;Libre
9628;Sector5_Fondo_Norte_Bajo;2;6;Libre
9629;Sector5_Fondo_Norte_Bajo;2;7;Libre
9630;Sector5_Fondo_Norte_Bajo;2;8;Libre
9631;Sector5_Fondo_Norte_Bajo;2;9;Libre
9632;Sector5_Fondo_Norte_Bajo;2;10;Libre
9633;Sector5_Fondo_Norte_Bajo;2;11;Libre
9634;Sector5_Fondo_Norte_Bajo;2;12;Libre
9635;Sector5_Fondo_Norte_Bajo;2;13;Libre
9636;Sector5_Fondo_Norte_Bajo;2;14;Libre
9637;Sector5_Fondo_Norte_Bajo;2;15;Libre
9638;Sector5_Fondo_Norte_Bajo;2;16;Libre
9639;Sector5_Fondo_Norte_Bajo;2;17;Libre
9640;Sector5_Fondo_Norte_Bajo;2;18;Libre
9641;Sector5_Fondo_Norte_Bajo;2;19;Libre
9642;Sector5_Fondo_Norte_Bajo;2;20;Libre
9643;Sector5_Fondo_Norte_Bajo;1;1;Libre
9644;Sector5_Fondo_Norte_Bajo;1;2;Libre
9645;Sector5_Fondo_Norte_Bajo;1;3;Libre
9646;Sector5_Fondo_Norte_Bajo;1;4;Libre
9647;Sector5_Fondo_Norte_Bajo;1;5;Libre
9648;Sector5_Fondo_Norte_Bajo;1;6;Libre
9649;Sector5_Fondo_Norte_Bajo;1;7;Libre
9650;Sector5_Fondo_Norte_Bajo;1;8;Libre
9651;Sector5_Fondo_Norte_Bajo;1;9;Libre
9652;Sector5_Fondo_Norte_Bajo;1;10;Libre
9653;Sector5_Fondo_Norte_Bajo;1;11;Libre
9654;Sector5_Fondo_Norte_Bajo;1;12;Libre
9655;Sector5_Fondo_Norte_Bajo;1;13;Libre
9656;Sector5_Fondo_Norte_Bajo;1;14;Libre
9657;Sector5_Fondo_Norte_Bajo;1;15;Libre
9658;Sector5_Fondo_Norte_Bajo;1;16;Libre
9659;Sector5_Fondo_Norte_Bajo;1;17;Libre
9660;Sector5_Fondo_Norte_Bajo;1;18;Libre
9661;Sector5_Fondo_Norte_Bajo;1;19;Libre
9662;Sector5_Fondo_Norte_Bajo;1;20;Libre
9663;Sector6_Fondo_Norte_Bajo;8;1;Libre
9664;Sector6_Fondo_Norte_Bajo;8;2;Libre
9665;Sector6_Fondo_Norte_Bajo;8;3;Libre
9666;Sector6_Fondo_Norte_Bajo;8;4;Libre
9667;Sector6_Fondo_Norte_Bajo;8;5;Libre
9668;Sector6_Fondo_Norte_Bajo;8;6;Libre
9669;Sector6_Fondo_Norte_Bajo;8;7;Libre
9670;Sector6_Fondo_Norte_Bajo;8;8;Libre
9671;Sector6_Fondo_Norte_Bajo;8;9;Libre
9672;Sector6_Fondo_Norte_Bajo;8;10;Libre
9673;Sector6_Fondo_Norte_Bajo;8;11;Libre
9674;Sector6_Fondo_Norte_Bajo;8;12;Libre
9675;Sector6_Fondo_Norte_Bajo;8;13;Libre
9676;Sector6_Fondo_Norte_Bajo;8;14;Libre
9677;Sector6_Fondo_Norte_Bajo;8;15;Libre
9678;Sector6_Fondo_Norte_Bajo;8;16;Libre
9679;Sector6_Fondo_Norte_Bajo;8;17;Libre
9680;Sector6_Fondo_Norte_Bajo;8;18;Libre
9681;Sector6_Fondo_Norte_Bajo;8;19;Libre
9682;Sector6_Fondo_Norte_Bajo;8;20;Libre
9683;Sector6_Fondo_Norte_Bajo;7;1;Libre
9684;Sector6_Fondo_Norte_Bajo;7;2;Libre
9685;Sector6_Fondo_Norte_Bajo;7;3;Libre
9686;Sector6_Fondo_Norte_Bajo;7;4;Libre
9687;Sector6_Fondo_Norte_Bajo;7;5;Libre
9688;Sector6_Fondo_Norte_Bajo;7;6;Libre
9689;Sector6_Fondo_Norte_Bajo;7;7;Libre
9690;Sector6_Fondo_Norte_Bajo;7;8;Libre
9691;Sector6_Fondo_Norte_Bajo;7;9;Libre
9692;Sector6_Fondo_Norte_Bajo;7;10;Libre
9693;Sector6_Fondo_Norte_Bajo;7;11;Libre
9694;Sector6_Fondo_Norte_Bajo;7;12;Libre
9695;Sector6_Fondo_Norte_Bajo;7;13;Libre
9696;Sector6_Fondo_Norte_Bajo;7;14;Libre
9697;Sector6_Fondo_Norte_Bajo;7;15;Libre
9698;Sector6_Fondo_Norte_Bajo;7;16;Libre
9699;Sector6_Fondo_Norte_Bajo;7;17;Libre
9700;Sector6_Fondo_Norte_Bajo;7;18;Libre
9701;Sector6_Fondo_Norte_Bajo;7;19;Libre
9702;Sector6_Fondo_Norte_Bajo;7;20;Libre
9703;Sector6_Fondo_Norte_Bajo;6;1;Libre
9704;Sector6_Fondo_Norte_Bajo;6;2;Libre
9705;Sector6_Fondo_Norte_Bajo;6;3;Libre
9706;Sector6_Fondo_Norte_Bajo;6;4;Libre
9707;Sector6_Fondo_Norte_Bajo;6;5;Libre
9708;Sector6_Fondo_Norte_Bajo;6;6;Libre
9709;Sector6_Fondo_Norte_Bajo;6;7;Libre
9710;Sector6_Fondo_Norte_Bajo;6;8;Libre
9711;Sector6_Fondo_Norte_Bajo;6;9;Libre
9712;Sector6_Fondo_Norte_Bajo;6;10;Libre
9713;Sector6_Fondo_Norte_Bajo;6;11;Libre
9714;Sector6_Fondo_Norte_Bajo;6;12;Libre
9715;Sector6_Fondo_Norte_Bajo;6;13;Libre
9716;Sector6_Fondo_Norte_Bajo;6;14;Libre
9717;Sector6_Fondo_Norte_Bajo;6;15;Libre
9718;Sector6_Fondo_Norte_Bajo;6;16;Libre
9719;Sector6_Fondo_Norte_Bajo;6;17;Libre
9720;Sector6_Fondo_Norte_Bajo;6;18;Libre
9721;Sector6_Fondo_Norte_Bajo;6;19;Libre
9722;Sector6_Fondo_Norte_Bajo;6;20;Libre
9723;Sector6_Fondo_Norte_Bajo;5;1;Libre
9724;Sector6_Fondo_Norte_Bajo;5;2;Libre
9725;Sector6_Fondo_Norte_Bajo;5;3;Libre
9726;Sector6_Fondo_Norte_Bajo;5;4;Libre
9727;Sector6_Fondo_Norte_Bajo;5;5;Libre
9728;Sector6_Fondo_Norte_Bajo;5;6;Libre
9729;Sector6_Fondo_Norte_Bajo;5;7;Libre
9730;Sector6_Fondo_Norte_Bajo;5;8;Libre
9731;Sector6_Fondo_Norte_Bajo;5;9;Libre
9732;Sector6_Fondo_Norte_Bajo;5;10;Libre
9733;Sector6_Fondo_Norte_Bajo;5;11;Libre
9734;Sector6_Fondo_Norte_Bajo;5;12;Libre
9735;Sector6_Fondo_Norte_Bajo;5;13;Libre
9736;Sector6_Fondo_Norte_Bajo;5;14;Libre
9737;Sector6_Fondo_Norte_Bajo;5;15;Libre
9738;Sector6_Fondo_Norte_Bajo;5;16;Libre
9739;Sector6_Fondo_Norte_Bajo;5;17;Libre
9740;Sector6_Fondo_Norte_Bajo;5;18;Libre
9741;Sector6_Fondo_Norte_Bajo;5;19;Libre
9742;Sector6_Fondo_Norte_Bajo;5;20;Libre
9743;Sector6_Fondo_Norte_Bajo;4;1;Libre
9744;Sector6_Fondo_Norte_Bajo;4;2;Libre
9745;Sector6_Fondo_Norte_Bajo;4;3;Libre
9746;Sector6_Fondo_Norte_Bajo;4;4;Libre
9747;Sector6_Fondo_Norte_Bajo;4;5;Libre
9748;Sector6_Fondo_Norte_Bajo;4;6;Libre
9749;Sector6_Fondo_Norte_Bajo;4;7;Libre
9750;Sector6_Fondo_Norte_Bajo;4;8;Libre
9751;Sector6_Fondo_Norte_Bajo;4;9;Libre
9752;Sector6_Fondo_Norte_Bajo;4;10;Libre
9753;Sector6_Fondo_Norte_Bajo;4;11;Libre
9754;Sector6_Fondo_Norte_Bajo;4;12;Libre
9755;Sector6_Fondo_Norte_Bajo;4;13;Libre
9756;Sector6_Fondo_Norte_Bajo;4;14;Libre
9757;Sector6_Fondo_Norte_Bajo;4;15;Libre
9758;Sector6_Fondo_Norte_Bajo;4;16;Libre
9759;Sector6_Fondo_Norte_Bajo;4;17;Libre
9760;Sector6_Fondo_Norte_Bajo;4;18;Libre
9761;Sector6_Fondo_Norte_Bajo;4;19;Libre
9762;Sector6_Fondo_Norte_Bajo;4;20;Libre
9763;Sector6_Fondo_Norte_Bajo;3;1;Libre
9764;Sector6_Fondo_Norte_Bajo;3;2;Libre
9765;Sector6_Fondo_Norte_Bajo;3;3;Libre
9766;Sector6_Fondo_Norte_Bajo;3;4;Libre
9767;Sector6_Fondo_Norte_Bajo;3;5;Libre
9768;Sector6_Fondo_Norte_Bajo;3;6;Libre
9769;Sector6_Fondo_Norte_Bajo;3;7;Libre
9770;Sector6_Fondo_Norte_Bajo;3;8;Libre
9771;Sector6_Fondo_Norte_Bajo;3;9;Libre
9772;Sector6_Fondo_Norte_Bajo;3;10;Libre
9773;Sector6_Fondo_Norte_Bajo;3;11;Libre
9774;Sector6_Fondo_Norte_Bajo;3;12;Libre
9775;Sector6_Fondo_Norte_Bajo;3;13;Libre
9776;Sector6_Fondo_Norte_Bajo;3;14;Libre
9777;Sector6_Fondo_Norte_Bajo;3;15;Libre
9778;Sector6_Fondo_Norte_Bajo;3;16;Libre
9779;Sector6_Fondo_Norte_Bajo;3;17;Libre
9780;Sector6_Fondo_Norte_Bajo;3;18;Libre
9781;Sector6_Fondo_Norte_Bajo;3;19;Libre
9782;Sector6_Fondo_Norte_Bajo;3;20;Libre
9783;Sector6_Fondo_Norte_Bajo;2;1;Libre
9784;Sector6_Fondo_Norte_Bajo;2;2;Libre
9785;Sector6_Fondo_Norte_Bajo;2;3;Libre
9786;Sector6_Fondo_Norte_Bajo;2;4;Libre
9787;Sector6_Fondo_Norte_Bajo;2;5;Libre
9788;Sector6_Fondo_Norte_Bajo;2;6;Libre
9789;Sector6_Fondo_Norte_Bajo;2;7;Libre
9790;Sector6_Fondo_Norte_Bajo;2;8;Libre
9791;Sector6_Fondo_Norte_Bajo;2;9;Libre
9792;Sector6_Fondo_Norte_Bajo;2;10;Libre
9793;Sector6_Fondo_Norte_Bajo;2;11;Libre
9794;Sector6_Fondo_Norte_Bajo;2;12;Libre
9795;Sector6_Fondo_Norte_Bajo;2;13;Libre
9796;Sector6_Fondo_Norte_Bajo;2;14;Libre
9797;Sector6_Fondo_Norte_Bajo;2;15;Libre
9798;Sector6_Fondo_Norte_Bajo;2;16;Libre
9799;Sector6_Fondo_Norte_Bajo;2;17;Libre
9800;Sector6_Fondo_Norte_Bajo;2;18;Libre
9801;Sector6_Fondo_Norte_Bajo;2;19;Libre
9802;Sector6_Fondo_Norte_Bajo;2;20;Libre
9803;Sector6_Fondo_Norte_Bajo;1;1;Libre
9804;Sector6_Fondo_Norte_Bajo;1;2;Libre
9805;Sector6_Fondo_Norte_Bajo;1;3;Libre
9806;Sector6_Fondo_Norte_Bajo;1;4;Libre
9807;Sector6_Fondo_Norte_Bajo;1;5;Libre
9808;Sector6_Fondo_Norte_Bajo;1;6;Libre
9809;Sector6_Fondo_Norte_Bajo;1;7;Libre
9810;Sector6_Fondo_Norte_Bajo;1;8;Libre
9811;Sector6_Fondo_Norte_Bajo;1;9;Libre
9812;Sector6_Fondo_Norte_Bajo;1;10;Libre
9813;Sector6_Fondo_Norte_Bajo;1;11;Libre
9814;Sector6_Fondo_Norte_Bajo;1;12;Libre
9815;Sector6_Fondo_Norte_Bajo;1;13;Libre
9816;Sector6_Fondo_Norte_Bajo;1;14;Libre
9817;Sector6_Fondo_Norte_Bajo;1;15;Libre
9818;Sector6_Fondo_Norte_Bajo;1;16;Libre
9819;Sector6_Fondo_Norte_Bajo;1;17;Libre
9820;Sector6_Fondo_Norte_Bajo;1;18;Libre
9821;Sector6_Fondo_Norte_Bajo;1;19;Libre
9822;Sector6_Fondo_Norte_Bajo;1;20;Libre
9823;Sector7_Fondo_Norte_Bajo;8;1;Libre
9824;Sector7_Fondo_Norte_Bajo;8;2;Libre
9825;Sector7_Fondo_Norte_Bajo;8;3;Libre
9826;Sector7_Fondo_Norte_Bajo;8;4;Libre
9827;Sector7_Fondo_Norte_Bajo;8;5;Libre
9828;Sector7_Fondo_Norte_Bajo;8;6;Libre
9829;Sector7_Fondo_Norte_Bajo;8;7;Libre
9830;Sector7_Fondo_Norte_Bajo;8;8;Libre
9831;Sector7_Fondo_Norte_Bajo;8;9;Libre
9832;Sector7_Fondo_Norte_Bajo;8;10;Libre
9833;Sector7_Fondo_Norte_Bajo;8;11;Libre
9834;Sector7_Fondo_Norte_Bajo;8;12;Libre
9835;Sector7_Fondo_Norte_Bajo;8;13;Libre
9836;Sector7_Fondo_Norte_Bajo;8;14;Libre
9837;Sector7_Fondo_Norte_Bajo;8;15;Libre
9838;Sector7_Fondo_Norte_Bajo;8;16;Libre
9839;Sector7_Fondo_Norte_Bajo;8;17;Libre
9840;Sector7_Fondo_Norte_Bajo;8;18;Libre
9841;Sector7_Fondo_Norte_Bajo;8;19;Libre
9842;Sector7_Fondo_Norte_Bajo;8;20;Libre
9843;Sector7_Fondo_Norte_Bajo;7;1;Libre
9844;Sector7_Fondo_Norte_Bajo;7;2;Libre
9845;Sector7_Fondo_Norte_Bajo;7;3;Libre
9846;Sector7_Fondo_Norte_Bajo;7;4;Libre
9847;Sector7_Fondo_Norte_Bajo;7;5;Libre
9848;Sector7_Fondo_Norte_Bajo;7;6;Libre
9849;Sector7_Fondo_Norte_Bajo;7;7;Libre
9850;Sector7_Fondo_Norte_Bajo;7;8;Libre
9851;Sector7_Fondo_Norte_Bajo;7;9;Libre
9852;Sector7_Fondo_Norte_Bajo;7;10;Libre
9853;Sector7_Fondo_Norte_Bajo;7;11;Libre
9854;Sector7_Fondo_Norte_Bajo;7;12;Libre
9855;Sector7_Fondo_Norte_Bajo;7;13;Libre
9856;Sector7_Fondo_Norte_Bajo;7;14;Libre
9857;Sector7_Fondo_Norte_Bajo;7;15;Libre
9858;Sector7_Fondo_Norte_Bajo;7;16;Libre
9859;Sector7_Fondo_Norte_Bajo;7;17;Libre
9860;Sector7_Fondo_Norte_Bajo;7;18;Libre
9861;Sector7_Fondo_Norte_Bajo;7;19;Libre
9862;Sector7_Fondo_Norte_Bajo;7;20;Libre
9863;Sector7_Fondo_Norte_Bajo;6;1;Libre
9864;Sector7_Fondo_Norte_Bajo;6;2;Libre
9865;Sector7_Fondo_Norte_Bajo;6;3;Libre
9866;Sector7_Fondo_Norte_Bajo;6;4;Libre
9867;Sector7_Fondo_Norte_Bajo;6;5;Libre
9868;Sector7_Fondo_Norte_Bajo;6;6;Libre
9869;Sector7_Fondo_Norte_Bajo;6;7;Libre
9870;Sector7_Fondo_Norte_Bajo;6;8;Libre
9871;Sector7_Fondo_Norte_Bajo;6;9;Libre
9872;Sector7_Fondo_Norte_Bajo;6;10;Libre
9873;Sector7_Fondo_Norte_Bajo;6;11;Libre
9874;Sector7_Fondo_Norte_Bajo;6;12;Libre
9875;Sector7_Fondo_Norte_Bajo;6;13;Libre
9876;Sector7_Fondo_Norte_Bajo;6;14;Libre
9877;Sector7_Fondo_Norte_Bajo;6;15;Libre
9878;Sector7_Fondo_Norte_Bajo;6;16;Libre
9879;Sector7_Fondo_Norte_Bajo;6;17;Libre
9880;Sector7_Fondo_Norte_Bajo;6;18;Libre
9881;Sector7_Fondo_Norte_Bajo;6;19;Libre
9882;Sector7_Fondo_Norte_Bajo;6;20;Libre
9883;Sector7_Fondo_Norte_Bajo;5;1;Libre
9884;Sector7_Fondo_Norte_Bajo;5;2;Libre
9885;Sector7_Fondo_Norte_Bajo;5;3;Libre
9886;Sector7_Fondo_Norte_Bajo;5;4;Libre
9887;Sector7_Fondo_Norte_Bajo;5;5;Libre
9888;Sector7_Fondo_Norte_Bajo;5;6;Libre
9889;Sector7_Fondo_Norte_Bajo;5;7;Libre
9890;Sector7_Fondo_Norte_Bajo;5;8;Libre
9891;Sector7_Fondo_Norte_Bajo;5;9;Libre
9892;Sector7_Fondo_Norte_Bajo;5;10;Libre
9893;Sector7_Fondo_Norte_Bajo;5;11;Libre
9894;Sector7_Fondo_Norte_Bajo;5;12;Libre
9895;Sector7_Fondo_Norte_Bajo;5;13;Libre
9896;Sector7_Fondo_Norte_Bajo;5;14;Libre
9897;Sector7_Fondo_Norte_Bajo;5;15;Libre
9898;Sector7_Fondo_Norte_Bajo;5;16;Libre
9899;Sector7_Fondo_Norte_Bajo;5;17;Libre
9900;Sector7_Fondo_Norte_Bajo;5;18;Libre
9901;Sector7_Fondo_Norte_Bajo;5;19;Libre
9902;Sector7_Fondo_Norte_Bajo;5;20;Libre
9903;Sector7_Fondo_Norte_Bajo;4;1;Libre
9904;Sector7_Fondo_Norte_Bajo;4;2;Libre
9905;Sector7_Fondo_Norte_Bajo;4;3;Libre
9906;Sector7_Fondo_Norte_Bajo;4;4;Libre
9907;Sector7_Fondo_Norte_Bajo;4;5;Libre
9908;Sector7_Fondo_Norte_Bajo;4;6;Libre
9909;Sector7_Fondo_Norte_Bajo;4;7;Libre
9910;Sector7_Fondo_Norte_Bajo;4;8;Libre
9911;Sector7_Fondo_Norte_Bajo;4;9;Libre
9912;Sector7_Fondo_Norte_Bajo;4;10;Libre
9913;Sector7_Fondo_Norte_Bajo;4;11;Libre
9914;Sector7_Fondo_Norte_Bajo;4;12;Libre
9915;Sector7_Fondo_Norte_Bajo;4;13;Libre
9916;Sector7_Fondo_Norte_Bajo;4;14;Libre
9917;Sector7_Fondo_Norte_Bajo;4;15;Libre
9918;Sector7_Fondo_Norte_Bajo;4;16;Libre
9919;Sector7_Fondo_Norte_Bajo;4;17;Libre
9920;Sector7_Fondo_Norte_Bajo;4;18;Libre
9921;Sector7_Fondo_Norte_Bajo;4;19;Libre
9922;Sector7_Fondo_Norte_Bajo;4;20;Libre
9923;Sector7_Fondo_Norte_Bajo;3;1;Libre
9924;Sector7_Fondo_Norte_Bajo;3;2;Libre
9925;Sector7_Fondo_Norte_Bajo;3;3;Libre
9926;Sector7_Fondo_Norte_Bajo;3;4;Libre
9927;Sector7_Fondo_Norte_Bajo;3;5;Libre
9928;Sector7_Fondo_Norte_Bajo;3;6;Libre
9929;Sector7_Fondo_Norte_Bajo;3;7;Libre
9930;Sector7_Fondo_Norte_Bajo;3;8;Libre
9931;Sector7_Fondo_Norte_Bajo;3;9;Libre
9932;Sector7_Fondo_Norte_Bajo;3;10;Libre
9933;Sector7_Fondo_Norte_Bajo;3;11;Libre
9934;Sector7_Fondo_Norte_Bajo;3;12;Libre
9935;Sector7_Fondo_Norte_Bajo;3;13;Libre
9936;Sector7_Fondo_Norte_Bajo;3;14;Libre
9937;Sector7_Fondo_Norte_Bajo;3;15;Libre
9938;Sector7_Fondo_Norte_Bajo;3;16;Libre
9939;Sector7_Fondo_Norte_Bajo;3;17;Libre
9940;Sector7_Fondo_Norte_Bajo;3;18;Libre
9941;Sector7_Fondo_Norte_Bajo;3;19;Libre
9942;Sector7_Fondo_Norte_Bajo;3;20;Libre
9943;Sector7_Fondo_Norte_Bajo;2;1;Libre
9944;Sector7_Fondo_Norte_Bajo;2;2;Libre
9945;Sector7_Fondo_Norte_Bajo;2;3;Libre
9946;Sector7_Fondo_Norte_Bajo;2;4;Libre
9947;Sector7_Fondo_Norte_Bajo;2;5;Libre
9948;Sector7_Fondo_Norte_Bajo;2;6;Libre
9949;Sector7_Fondo_Norte_Bajo;2;7;Libre
9950;Sector7_Fondo_Norte_Bajo;2;8;Libre
9951;Sector7_Fondo_Norte_Bajo;2;9;Libre
9952;Sector7_Fondo_Norte_Bajo;2;10;Libre
9953;Sector7_Fondo_Norte_Bajo;2;11;Libre
9954;Sector7_Fondo_Norte_Bajo;2;12;Libre
9955;Sector7_Fondo_Norte_Bajo;2;13;Libre
9956;Sector7_Fondo_Norte_Bajo;2;14;Libre
9957;Sector7_Fondo_Norte_Bajo;2;15;Libre
9958;Sector7_Fondo_Norte_Bajo;2;16;Libre
9959;Sector7_Fondo_Norte_Bajo;2;17;Libre
9960;Sector7_Fondo_Norte_Bajo;2;18;Libre
9961;Sector7_Fondo_Norte_Bajo;2;19;Libre
9962;Sector7_Fondo_Norte_Bajo;2;20;Libre
9963;Sector7_Fondo_Norte_Bajo;1;1;Libre
9964;Sector7_Fondo_Norte_Bajo;1;2;Libre
9965;Sector7_Fondo_Norte_Bajo;1;3;Libre
9966;Sector7_Fondo_Norte_Bajo;1;4;Libre
9967;Sector7_Fondo_Norte_Bajo;1;5;Libre
9968;Sector7_Fondo_Norte_Bajo;1;6;Libre
9969;Sector7_Fondo_Norte_Bajo;1;7;Libre
9970;Sector7_Fondo_Norte_Bajo;1;8;Libre
9971;Sector7_Fondo_Norte_Bajo;1;9;Libre
9972;Sector7_Fondo_Norte_Bajo;1;10;Libre
9973;Sector7_Fondo_Norte_Bajo;1;11;Libre
9974;Sector7_Fondo_Norte_Bajo;1;12;Libre
9975;Sector7_Fondo_Norte_Bajo;1;13;Libre
9976;Sector7_Fondo_Norte_Bajo;1;14;Libre
9977;Sector7_Fondo_Norte_Bajo;1;15;Libre
9978;Sector7_Fondo_Norte_Bajo;1;16;Libre
9979;Sector7_Fondo_Norte_Bajo;1;17;Libre
9980;Sector7_Fondo_Norte_Bajo;1;18;Libre
9981;Sector7_Fondo_Norte_Bajo;1;19;Libre
9982;Sector7_Fondo_Norte_Bajo;1;20;Libre
