2533;Sector1_Preferencia_Alta;8;1;Libre
2534;Sector1_Preferencia_Alta;8;2;Libre
2535;Sector1_Preferencia_Alta;8;3;Libre
2536;Sector1_Preferencia_Alta;8;4;Libre
2537;Sector1_Preferencia_Alta;8;5;Libre
2538;Sector1_Preferencia_Alta;8;6;Libre
2539;Sector1_Preferencia_Alta;8;7;Libre
2540;Sector1_Preferencia_Alta;8;8;Libre
2541;Sector1_Preferencia_Alta;8;9;Libre
2542;Sector1_Preferencia_Alta;8;10;Libre
2543;Sector1_Preferencia_Alta;8;11;Libre
2544;Sector1_Preferencia_Alta;8;12;Libre
2545;Sector1_Preferencia_Alta;8;13;Libre
2546;Sector1_Preferencia_Alta;8;14;Libre
2547;Sector1_Preferencia_Alta;8;15;Libre
2548;Sector1_Preferencia_Alta;8;16;Libre
2549;Sector1_Preferencia_Alta;8;17;Libre
2550;Sector1_Preferencia_Alta;8;18;Libre
2551;Sector1_Preferencia_Alta;8;19;Libre
2552;Sector1_Preferencia_Alta;8;20;Libre
2553;Sector1_Preferencia_Alta;7;1;Libre
2554;Sector1_Preferencia_Alta;7;2;Libre
2555;Sector1_Preferencia_Alta;7;3;Libre
2556;Sector1_Preferencia_Alta;7;4;Libre
2557;Sector1_Preferencia_Alta;7;5;Libre
2558;Sector1_Preferencia_Alta;7;6;Libre
2559;Sector1_Preferencia_Alta;7;7;Libre
2560;Sector1_Preferencia_Alta;7;8;Libre
2561;Sector1_Preferencia_Alta;7;9;Libre
2562;Sector1_Preferencia_Alta;7;10;Libre
2563;Sector1_Preferencia_Alta;7;11;Libre
2564;Sector1_Preferencia_Alta;7;12;Libre
2565;Sector1_Preferencia_Alta;7;13;Libre
2566;Sector1_Preferencia_Alta;7;14;Libre
2567;Sector1_Preferencia_Alta;7;15;Libre
2568;Sector1_Preferencia_Alta;7;16;Libre
2569;Sector1_Preferencia_Alta;7;17;Libre
2570;Sector1_Preferencia_Alta;7;18;Libre
2571;Sector1_Preferencia_Alta;7;19;Libre
2572;Sector1_Preferencia_Alta;7;20;Libre
2573;Sector1_Preferencia_Alta;6;1;Libre
2574;Sector1_Preferencia_Alta;6;2;Libre
2575;Sector1_Preferencia_Alta;6;3;Libre
2576;Sector1_Preferencia_Alta;6;4;Libre
2577;Sector1_Preferencia_Alta;6;5;Libre
2578;Sector1_Preferencia_Alta;6;6;Libre
2579;Sector1_Preferencia_Alta;6;7;Libre
2580;Sector1_Preferencia_Alta;6;8;Libre
2581;Sector1_Preferencia_Alta;6;9;Libre
2582;Sector1_Preferencia_Alta;6;10;Libre
2583;Sector1_Preferencia_Alta;6;11;Libre
2584;Sector1_Preferencia_Alta;6;12;Libre
2585;Sector1_Preferencia_Alta;6;13;Libre
2586;Sector1_Preferencia_Alta;6;14;Libre
2587;Sector1_Preferencia_Alta;6;15;Libre
2588;Sector1_Preferencia_Alta;6;16;Libre
2589;Sector1_Preferencia_Alta;6;17;Libre
2590;Sector1_Preferencia_Alta;6;18;Libre
2591;Sector1_Preferencia_Alta;6;19;Libre
2592;Sector1_Preferencia_Alta;6;20;Libre
2593;Sector1_Preferencia_Alta;5;1;Libre
2594;Sector1_Preferencia_Alta;5;2;Libre
2595;Sector1_Preferencia_Alta;5;3;Libre
2596;Sector1_Preferencia_Alta;5;4;Libre
2597;Sector1_Preferencia_Alta;5;5;Libre
2598;Sector1_Preferencia_Alta;5;6;Libre
2599;Sector1_Preferencia_Alta;5;7;Libre
2600;Sector1_Preferencia_Alta;5;8;Libre
2601;Sector1_Preferencia_Alta;5;9;Libre
2602;Sector1_Preferencia_Alta;5;10;Libre
2603;Sector1_Preferencia_Alta;5;11;Libre
2604;Sector1_Preferencia_Alta;5;12;Libre
2605;Sector1_Preferencia_Alta;5;13;Libre
2606;Sector1_Preferencia_Alta;5;14;Libre
2607;Sector1_Preferencia_Alta;5;15;Libre
2608;Sector1_Preferencia_Alta;5;16;Libre
2609;Sector1_Preferencia_Alta;5;17;Libre
2610;Sector1_Preferencia_Alta;5;18;Libre
2611;Sector1_Preferencia_Alta;5;19;Libre
2612;Sector1_Preferencia_Alta;5;20;Libre
2613;Sector1_Preferencia_Alta;4;1;Libre
2614;Sector1_Preferencia_Alta;4;2;Libre
2615;Sector1_Preferencia_Alta;4;3;Libre
2616;Sector1_Preferencia_Alta;4;4;Libre
2617;Sector1_Preferencia_Alta;4;5;Libre
2618;Sector1_Preferencia_Alta;4;6;Libre
2619;Sector1_Preferencia_Alta;4;7;Libre
2620;Sector1_Preferencia_Alta;4;8;Libre
2621;Sector1_Preferencia_Alta;4;9;Libre
2622;Sector1_Preferencia_Alta;4;10;Libre
2623;Sector1_Preferencia_Alta;4;11;Libre
2624;Sector1_Preferencia_Alta;4;12;Libre
2625;Sector1_Preferencia_Alta;4;13;Libre
2626;Sector1_Preferencia_Alta;4;14;Libre
2627;Sector1_Preferencia_Alta;4;15;Libre
2628;Sector1_Preferencia_Alta;4;16;Libre
2629;Sector1_Preferencia_Alta;4;17;Libre
2630;Sector1_Preferencia_Alta;4;18;Libre
2631;Sector1_Preferencia_Alta;4;19;Libre
2632;Sector1_Preferencia_Alta;4;20;Libre
2633;Sector1_Preferencia_Alta;3;1;Libre
2634;Sector1_Preferencia_Alta;3;2;Libre
2635;Sector1_Preferencia_Alta;3;3;Libre
2636;Sector1_Preferencia_Alta;3;4;Libre
2637;Sector1_Preferencia_Alta;3;5;Libre
2638;Sector1_Preferencia_Alta;3;6;Libre
2639;Sector1_Preferencia_Alta;3;7;Libre
2640;Sector1_Preferencia_Alta;3;8;Libre
2641;Sector1_Preferencia_Alta;3;9;Libre
2642;Sector1_Preferencia_Alta;3;10;Libre
2643;Sector1_Preferencia_Alta;3;11;Libre
2644;Sector1_Preferencia_Alta;3;12;Libre
2645;Sector1_Preferencia_Alta;3;13;Libre
2646;Sector1_Preferencia_Alta;3;14;Libre
2647;Sector1_Preferencia_Alta;3;15;Libre
2648;Sector1_Preferencia_Alta;3;16;Libre
2649;Sector1_Preferencia_Alta;3;17;Libre
2650;Sector1_Preferencia_Alta;3;18;Libre
2651;Sector1_Preferencia_Alta;3;19;Libre
2652;Sector1_Preferencia_Alta;3;20;Libre
2653;Sector1_Preferencia_Alta;2;1;Libre
2654;Sector1_Preferencia_Alta;2;2;Libre
2655;Sector1_Preferencia_Alta;2;3;Libre
2656;Sector1_Preferencia_Alta;2;4;Libre
2657;Sector1_Preferencia_Alta;2;5;Libre
2658;Sector1_Preferencia_Alta;2;6;Libre
2659;Sector1_Preferencia_Alta;2;7;Libre
2660;Sector1_Preferencia_Alta;2;8;Libre
2661;Sector1_Preferencia_Alta;2;9;Libre
2662;Sector1_Preferencia_Alta;2;10;Libre
2663;Sector1_Preferencia_Alta;2;11;Libre
2664;Sector1_Preferencia_Alta;2;12;Libre
2665;Sector1_Preferencia_Alta;2;13;Libre
2666;Sector1_Preferencia_Alta;2;14;Libre
2667;Sector1_Preferencia_Alta;2;15;Libre
2668;Sector1_Preferencia_Alta;2;16;Libre
2669;Sector1_Preferencia_Alta;2;17;Libre
2670;Sector1_Preferencia_Alta;2;18;Libre
2671;Sector1_Preferencia_Alta;2;19;Libre
2672;Sector1_Preferencia_Alta;2;20;Libre
2673;Sector1_Preferencia_Alta;1;1;Libre
2674;Sector1_Preferencia_Alta;1;2;Libre
2675;Sector1_Preferencia_Alta;1;3;Libre
2676;Sector1_Preferencia_Alta;1;4;Libre
2677;Sector1_Preferencia_Alta;1;5;Libre
2678;Sector1_Preferencia_Alta;1;6;Libre
2679;Sector1_Preferencia_Alta;1;7;Libre
2680;Sector1_Preferencia_Alta;1;8;Libre
2681;Sector1_Preferencia_Alta;1;9;Libre
2682;Sector1_Preferencia_Alta;1;10;Libre
2683;Sector1_Preferencia_Alta;1;11;Libre
2684;Sector1_Preferencia_Alta;1;12;Libre
2685;Sector1_Preferencia_Alta;1;13;Libre
2686;Sector1_Preferencia_Alta;1;14;Libre
2687;Sector1_Preferencia_Alta;1;15;Libre
2688;Sector1_Preferencia_Alta;1;16;Libre
2689;Sector1_Preferencia_Alta;1;17;Libre
2690;Sector1_Preferencia_Alta;1;18;Libre
2691;Sector1_Preferencia_Alta;1;19;Libre
2692;Sector1_Preferencia_Alta;1;20;Libre
2693;Sector2_Preferencia_Alta;4;1;Libre
2694;Sector2_Preferencia_Alta;4;2;Libre
2695;Sector2_Preferencia_Alta;4;3;Libre
2696;Sector2_Preferencia_Alta;4;4;Libre
2697;Sector2_Preferencia_Alta;4;5;Libre
2698;Sector2_Preferencia_Alta;4;6;Libre
2699;Sector2_Preferencia_Alta;3;1;Libre
2700;Sector2_Preferencia_Alta;3;2;Libre
2701;Sector2_Preferencia_Alta;3;3;Libre
2702;Sector2_Preferencia_Alta;3;4;Libre
2703;Sector2_Preferencia_Alta;3;5;Libre
2704;Sector2_Preferencia_Alta;3;6;Libre
2705;Sector2_Preferencia_Alta;2;1;Libre
2706;Sector2_Preferencia_Alta;2;2;Libre
2707;Sector2_Preferencia_Alta;2;3;Libre
2708;Sector2_Preferencia_Alta;2;4;Libre
2709;Sector2_Preferencia_Alta;2;5;Libre
2710;Sector2_Preferencia_Alta;2;6;Libre
2711;Sector2_Preferencia_Alta;1;1;Libre
2712;Sector2_Preferencia_Alta;1;2;Libre
2713;Sector2_Preferencia_Alta;1;3;Libre
2714;Sector2_Preferencia_Alta;1;4;Libre
2715;Sector2_Preferencia_Alta;1;5;Libre
2716;Sector2_Preferencia_Alta;1;6;Libre
2717;Sector3_Preferencia_Alta;8;1;Libre
2718;Sector3_Preferencia_Alta;8;2;Libre
2719;Sector3_Preferencia_Alta;8;3;Libre
2720;Sector3_Preferencia_Alta;8;4;Libre
2721;Sector3_Preferencia_Alta;8;5;Libre
2722;Sector3_Preferencia_Alta;8;6;Libre
2723;Sector3_Preferencia_Alta;8;7;Libre
2724;Sector3_Preferencia_Alta;8;8;Libre
2725;Sector3_Preferencia_Alta;8;9;Libre
2726;Sector3_Preferencia_Alta;8;10;Libre
2727;Sector3_Preferencia_Alta;8;11;Libre
2728;Sector3_Preferencia_Alta;8;12;Libre
2729;Sector3_Preferencia_Alta;8;13;Libre
2730;Sector3_Preferencia_Alta;8;14;Libre
2731;Sector3_Preferencia_Alta;8;15;Libre
2732;Sector3_Preferencia_Alta;8;16;Libre
2733;Sector3_Preferencia_Alta;8;17;Libre
2734;Sector3_Preferencia_Alta;8;18;Libre
2735;Sector3_Preferencia_Alta;8;19;Libre
2736;Sector3_Preferencia_Alta;8;20;Libre
2737;Sector3_Preferencia_Alta;7;1;Libre
2738;Sector3_Preferencia_Alta;7;2;Libre
2739;Sector3_Preferencia_Alta;7;3;Libre
2740;Sector3_Preferencia_Alta;7;4;Libre
2741;Sector3_Preferencia_Alta;7;5;Libre
2742;Sector3_Preferencia_Alta;7;6;Libre
2743;Sector3_Preferencia_Alta;7;7;Libre
2744;Sector3_Preferencia_Alta;7;8;Libre
2745;Sector3_Preferencia_Alta;7;9;Libre
2746;Sector3_Preferencia_Alta;7;10;Libre
2747;Sector3_Preferencia_Alta;7;11;Libre
2748;Sector3_Preferencia_Alta;7;12;Libre
2749;Sector3_Preferencia_Alta;7;13;Libre
2750;Sector3_Preferencia_Alta;7;14;Libre
2751;Sector3_Preferencia_Alta;7;15;Libre
2752;Sector3_Preferencia_Alta;7;16;Libre
2753;Sector3_Preferencia_Alta;7;17;Libre
2754;Sector3_Preferencia_Alta;7;18;Libre
2755;Sector3_Preferencia_Alta;7;19;Libre
2756;Sector3_Preferencia_Alta;7;20;Libre
2757;Sector3_Preferencia_Alta;6;1;Libre
2758;Sector3_Preferencia_Alta;6;2;Libre
2759;Sector3_Preferencia_Alta;6;3;Libre
2760;Sector3_Preferencia_Alta;6;4;Libre
2761;Sector3_Preferencia_Alta;6;5;Libre
2762;Sector3_Preferencia_Alta;6;6;Libre
2763;Sector3_Preferencia_Alta;6;7;Libre
2764;Sector3_Preferencia_Alta;6;8;Libre
2765;Sector3_Preferencia_Alta;6;9;Libre
2766;Sector3_Preferencia_Alta;6;10;Libre
2767;Sector3_Preferencia_Alta;6;11;Libre
2768;Sector3_Preferencia_Alta;6;12;Libre
2769;Sector3_Preferencia_Alta;6;13;Libre
2770;Sector3_Preferencia_Alta;6;14;Libre
2771;Sector3_Preferencia_Alta;6;15;Libre
2772;Sector3_Preferencia_Alta;6;16;Libre
2773;Sector3_Preferencia_Alta;6;17;Libre
2774;Sector3_Preferencia_Alta;6;18;Libre
2775;Sector3_Preferencia_Alta;6;19;Libre
2776;Sector3_Preferencia_Alta;6;20;Libre
2777;Sector3_Preferencia_Alta;5;1;Libre
2778;Sector3_Preferencia_Alta;5;2;Libre
2779;Sector3_Preferencia_Alta;5;3;Libre
2780;Sector3_Preferencia_Alta;5;4;Libre
2781;Sector3_Preferencia_Alta;5;5;Libre
2782;Sector3_Preferencia_Alta;5;6;Libre
2783;Sector3_Preferencia_Alta;5;7;Libre
2784;Sector3_Preferencia_Alta;5;8;Libre
2785;Sector3_Preferencia_Alta;5;9;Libre
2786;Sector3_Preferencia_Alta;5;10;Libre
2787;Sector3_Preferencia_Alta;5;11;Libre
2788;Sector3_Preferencia_Alta;5;12;Libre
2789;Sector3_Preferencia_Alta;5;13;Libre
2790;Sector3_Preferencia_Alta;5;14;Libre
2791;Sector3_Preferencia_Alta;5;15;Libre
2792;Sector3_Preferencia_Alta;5;16;Libre
2793;Sector3_Preferencia_Alta;5;17;Libre
2794;Sector3_Preferencia_Alta;5;18;Libre
2795;Sector3_Preferencia_Alta;5;19;Libre
2796;Sector3_Preferencia_Alta;5;20;Libre
2797;Sector3_Preferencia_Alta;4;1;Libre
2798;Sector3_Preferencia_Alta;4;2;Libre
2799;Sector3_Preferencia_Alta;4;3;Libre
2800;Sector3_Preferencia_Alta;4;4;Libre
2801;Sector3_Preferencia_Alta;4;5;Libre
2802;Sector3_Preferencia_Alta;4;6;Libre
2803;Sector3_Preferencia_Alta;4;7;Libre
2804;Sector3_Preferencia_Alta;4;8;Libre
2805;Sector3_Preferencia_Alta;4;9;Libre
2806;Sector3_Preferencia_Alta;4;10;Libre
2807;Sector3_Preferencia_Alta;4;11;Libre
2808;Sector3_Preferencia_Alta;4;12;Libre
2809;Sector3_Preferencia_Alta;4;13;Libre
2810;Sector3_Preferencia_Alta;4;14;Libre
2811;Sector3_Preferencia_Alta;4;15;Libre
2812;Sector3_Preferencia_Alta;4;16;Libre
2813;Sector3_Preferencia_Alta;4;17;Libre
2814;Sector3_Preferencia_Alta;4;18;Libre
2815;Sector3_Preferencia_Alta;4;19;Libre
2816;Sector3_Preferencia_Alta;4;20;Libre
2817;Sector3_Preferencia_Alta;3;1;Libre
2818;Sector3_Preferencia_Alta;3;2;Libre
2819;Sector3_Preferencia_Alta;3;3;Libre
2820;Sector3_Preferencia_Alta;3;4;Libre
2821;Sector3_Preferencia_Alta;3;5;Libre
2822;Sector3_Preferencia_Alta;3;6;Libre
2823;Sector3_Preferencia_Alta;3;7;Libre
2824;Sector3_Preferencia_Alta;3;8;Libre
2825;Sector3_Preferencia_Alta;3;9;Libre
2826;Sector3_Preferencia_Alta;3;10;Libre
2827;Sector3_Preferencia_Alta;3;11;Libre
2828;Sector3_Preferencia_Alta;3;12;Libre
2829;Sector3_Preferencia_Alta;3;13;Libre
2830;Sector3_Preferencia_Alta;3;14;Libre
2831;Sector3_Preferencia_Alta;3;15;Libre
2832;Sector3_Preferencia_Alta;3;16;Libre
2833;Sector3_Preferencia_Alta;3;17;Libre
2834;Sector3_Preferencia_Alta;3;18;Libre
2835;Sector3_Preferencia_Alta;3;19;Libre
2836;Sector3_Preferencia_Alta;3;20;Libre
2837;Sector3_Preferencia_Alta;2;1;Libre
2838;Sector3_Preferencia_Alta;2;2;Libre
2839;Sector3_Preferencia_Alta;2;3;Libre
2840;Sector3_Preferencia_Alta;2;4;Libre
2841;Sector3_Preferencia_Alta;2;5;Libre
2842;Sector3_Preferencia_Alta;2;6;Libre
2843;Sector3_Preferencia_Alta;2;7;Libre
2844;Sector3_Preferencia_Alta;2;8;Libre
2845;Sector3_Preferencia_Alta;2;9;Libre
2846;Sector3_Preferencia_Alta;2;10;Libre
2847;Sector3_Preferencia_Alta;2;11;Libre
2848;Sector3_Preferencia_Alta;2;12;Libre
2849;Sector3_Preferencia_Alta;2;13;Libre
2850;Sector3_Preferencia_Alta;2;14;Libre
2851;Sector3_Preferencia_Alta;2;15;Libre
2852;Sector3_Preferencia_Alta;2;16;Libre
2853;Sector3_Preferencia_Alta;2;17;Libre
2854;Sector3_Preferencia_Alta;2;18;Libre
2855;Sector3_Preferencia_Alta;2;19;Libre
2856;Sector3_Preferencia_Alta;2;20;Libre
2857;Sector3_Preferencia_Alta;1;1;Libre
2858;Sector3_Preferencia_Alta;1;2;Libre
2859;Sector3_Preferencia_Alta;1;3;Libre
2860;Sector3_Preferencia_Alta;1;4;Libre
2861;Sector3_Preferencia_Alta;1;5;Libre
2862;Sector3_Preferencia_Alta;1;6;Libre
2863;Sector3_Preferencia_Alta;1;7;Libre
2864;Sector3_Preferencia_Alta;1;8;Libre
2865;Sector3_Preferencia_Alta;1;9;Libre
2866;Sector3_Preferencia_Alta;1;10;Libre
2867;Sector3_Preferencia_Alta;1;11;Libre
2868;Sector3_Preferencia_Alta;1;12;Libre
2869;Sector3_Preferencia_Alta;1;13;Libre
2870;Sector3_Preferencia_Alta;1;14;Libre
2871;Sector3_Preferencia_Alta;1;15;Libre
2872;Sector3_Preferencia_Alta;1;16;Libre
2873;Sector3_Preferencia_Alta;1;17;Libre
2874;Sector3_Preferencia_Alta;1;18;Libre
2875;Sector3_Preferencia_Alta;1;19;Libre
2876;Sector3_Preferencia_Alta;1;20;Libre
2877;Sector4_Preferencia_Alta;4;1;Libre
2878;Sector4_Preferencia_Alta;4;2;Libre
2879;Sector4_Preferencia_Alta;4;3;Libre
2880;Sector4_Preferencia_Alta;4;4;Libre
2881;Sector4_Preferencia_Alta;4;5;Libre
2882;Sector4_Preferencia_Alta;4;6;Libre
2883;Sector4_Preferencia_Alta;3;1;Libre
2884;Sector4_Preferencia_Alta;3;2;Libre
2885;Sector4_Preferencia_Alta;3;3;Libre
2886;Sector4_Preferencia_Alta;3;4;Libre
2887;Sector4_Preferencia_Alta;3;5;Libre
2888;Sector4_Preferencia_Alta;3;6;Libre
2889;Sector4_Preferencia_Alta;2;1;Libre
2890;Sector4_Preferencia_Alta;2;2;Libre
2891;Sector4_Preferencia_Alta;2;3;Libre
2892;Sector4_Preferencia_Alta;2;4;Libre
2893;Sector4_Preferencia_Alta;2;5;Libre
2894;Sector4_Preferencia_Alta;2;6;Libre
2895;Sector4_Preferencia_Alta;1;1;Libre
2896;Sector4_Preferencia_Alta;1;2;Libre
2897;Sector4_Preferencia_Alta;1;3;Libre
2898;Sector4_Preferencia_Alta;1;4;Libre
2899;Sector4_Preferencia_Alta;1;5;Libre
2900;Sector4_Preferencia_Alta;1;6;Libre
2901;Sector5_Preferencia_Alta;8;1;Libre
2902;Sector5_Preferencia_Alta;8;2;Libre
2903;Sector5_Preferencia_Alta;8;3;Libre
2904;Sector5_Preferencia_Alta;8;4;Libre
2905;Sector5_Preferencia_Alta;8;5;Libre
2906;Sector5_Preferencia_Alta;8;6;Libre
2907;Sector5_Preferencia_Alta;8;7;Libre
2908;Sector5_Preferencia_Alta;8;8;Libre
2909;Sector5_Preferencia_Alta;8;9;Libre
2910;Sector5_Preferencia_Alta;8;10;Libre
2911;Sector5_Preferencia_Alta;8;11;Libre
2912;Sector5_Preferencia_Alta;8;12;Libre
2913;Sector5_Preferencia_Alta;8;13;Libre
2914;Sector5_Preferencia_Alta;8;14;Libre
2915;Sector5_Preferencia_Alta;8;15;Libre
2916;Sector5_Preferencia_Alta;8;16;Libre
2917;Sector5_Preferencia_Alta;8;17;Libre
2918;Sector5_Preferencia_Alta;8;18;Libre
2919;Sector5_Preferencia_Alta;8;19;Libre
2920;Sector5_Preferencia_Alta;8;20;Libre
2921;Sector5_Preferencia_Alta;7;1;Libre
2922;Sector5_Preferencia_Alta;7;2;Libre
2923;Sector5_Preferencia_Alta;7;3;Libre
2924;Sector5_Preferencia_Alta;7;4;Libre
2925;Sector5_Preferencia_Alta;7;5;Libre
2926;Sector5_Preferencia_Alta;7;6;Libre
2927;Sector5_Preferencia_Alta;7;7;Libre
2928;Sector5_Preferencia_Alta;7;8;Libre
2929;Sector5_Preferencia_Alta;7;9;Libre
2930;Sector5_Preferencia_Alta;7;10;Libre
2931;Sector5_Preferencia_Alta;7;11;Libre
2932;Sector5_Preferencia_Alta;7;12;Libre
2933;Sector5_Preferencia_Alta;7;13;Libre
2934;Sector5_Preferencia_Alta;7;14;Libre
2935;Sector5_Preferencia_Alta;7;15;Libre
2936;Sector5_Preferencia_Alta;7;16;Libre
2937;Sector5_Preferencia_Alta;7;17;Libre
2938;Sector5_Preferencia_Alta;7;18;Libre
2939;Sector5_Preferencia_Alta;7;19;Libre
2940;Sector5_Preferencia_Alta;7;20;Libre
2941;Sector5_Preferencia_Alta;6;1;Libre
2942;Sector5_Preferencia_Alta;6;2;Libre
2943;Sector5_Preferencia_Alta;6;3;Libre
2944;Sector5_Preferencia_Alta;6;4;Libre
2945;Sector5_Preferencia_Alta;6;5;Libre
2946;Sector5_Preferencia_Alta;6;6;Libre
2947;Sector5_Preferencia_Alta;6;7;Libre
2948;Sector5_Preferencia_Alta;6;8;Libre
2949;Sector5_Preferencia_Alta;6;9;Libre
2950;Sector5_Preferencia_Alta;6;10;Libre
2951;Sector5_Preferencia_Alta;6;11;Libre
2952;Sector5_Preferencia_Alta;6;12;Libre
2953;Sector5_Preferencia_Alta;6;13;Libre
2954;Sector5_Preferencia_Alta;6;14;Libre
2955;Sector5_Preferencia_Alta;6;15;Libre
2956;Sector5_Preferencia_Alta;6;16;Libre
2957;Sector5_Preferencia_Alta;6;17;Libre
2958;Sector5_Preferencia_Alta;6;18;Libre
2959;Sector5_Preferencia_Alta;6;19;Libre
2960;Sector5_Preferencia_Alta;6;20;Libre
2961;Sector5_Preferencia_Alta;5;1;Libre
2962;Sector5_Preferencia_Alta;5;2;Libre
2963;Sector5_Preferencia_Alta;5;3;Libre
2964;Sector5_Preferencia_Alta;5;4;Libre
2965;Sector5_Preferencia_Alta;5;5;Libre
2966;Sector5_Preferencia_Alta;5;6;Libre
2967;Sector5_Preferencia_Alta;5;7;Libre
2968;Sector5_Preferencia_Alta;5;8;Libre
2969;Sector5_Preferencia_Alta;5;9;Libre
2970;Sector5_Preferencia_Alta;5;10;Libre
2971;Sector5_Preferencia_Alta;5;11;Libre
2972;Sector5_Preferencia_Alta;5;12;Libre
2973;Sector5_Preferencia_Alta;5;13;Libre
2974;Sector5_Preferencia_Alta;5;14;Libre
2975;Sector5_Preferencia_Alta;5;15;Libre
2976;Sector5_Preferencia_Alta;5;16;Libre
2977;Sector5_Preferencia_Alta;5;17;Libre
2978;Sector5_Preferencia_Alta;5;18;Libre
2979;Sector5_Preferencia_Alta;5;19;Libre
2980;Sector5_Preferencia_Alta;5;20;Libre
2981;Sector5_Preferencia_Alta;4;1;Libre
2982;Sector5_Preferencia_Alta;4;2;Libre
2983;Sector5_Preferencia_Alta;4;3;Libre
2984;Sector5_Preferencia_Alta;4;4;Libre
2985;Sector5_Preferencia_Alta;4;5;Libre
2986;Sector5_Preferencia_Alta;4;6;Libre
2987;Sector5_Preferencia_Alta;4;7;Libre
2988;Sector5_Preferencia_Alta;4;8;Libre
2989;Sector5_Preferencia_Alta;4;9;Libre
2990;Sector5_Preferencia_Alta;4;10;Libre
2991;Sector5_Preferencia_Alta;4;11;Libre
2992;Sector5_Preferencia_Alta;4;12;Libre
2993;Sector5_Preferencia_Alta;4;13;Libre
2994;Sector5_Preferencia_Alta;4;14;Libre
2995;Sector5_Preferencia_Alta;4;15;Libre
2996;Sector5_Preferencia_Alta;4;16;Libre
2997;Sector5_Preferencia_Alta;4;17;Libre
2998;Sector5_Preferencia_Alta;4;18;Libre
2999;Sector5_Preferencia_Alta;4;19;Libre
3000;Sector5_Preferencia_Alta;4;20;Libre
3001;Sector5_Preferencia_Alta;3;1;Libre
3002;Sector5_Preferencia_Alta;3;2;Libre
3003;Sector5_Preferencia_Alta;3;3;Libre
3004;Sector5_Preferencia_Alta;3;4;Libre
3005;Sector5_Preferencia_Alta;3;5;Libre
3006;Sector5_Preferencia_Alta;3;6;Libre
3007;Sector5_Preferencia_Alta;3;7;Libre
3008;Sector5_Preferencia_Alta;3;8;Libre
3009;Sector5_Preferencia_Alta;3;9;Libre
3010;Sector5_Preferencia_Alta;3;10;Libre
3011;Sector5_Preferencia_Alta;3;11;Libre
3012;Sector5_Preferencia_Alta;3;12;Libre
3013;Sector5_Preferencia_Alta;3;13;Libre
3014;Sector5_Preferencia_Alta;3;14;Libre
3015;Sector5_Preferencia_Alta;3;15;Libre
3016;Sector5_Preferencia_Alta;3;16;Libre
3017;Sector5_Preferencia_Alta;3;17;Libre
3018;Sector5_Preferencia_Alta;3;18;Libre
3019;Sector5_Preferencia_Alta;3;19;Libre
3020;Sector5_Preferencia_Alta;3;20;Libre
3021;Sector5_Preferencia_Alta;2;1;Libre
3022;Sector5_Preferencia_Alta;2;2;Libre
3023;Sector5_Preferencia_Alta;2;3;Libre
3024;Sector5_Preferencia_Alta;2;4;Libre
3025;Sector5_Preferencia_Alta;2;5;Libre
3026;Sector5_Preferencia_Alta;2;6;Libre
3027;Sector5_Preferencia_Alta;2;7;Libre
3028;Sector5_Preferencia_Alta;2;8;Libre
3029;Sector5_Preferencia_Alta;2;9;Libre
3030;Sector5_Preferencia_Alta;2;10;Libre
3031;Sector5_Preferencia_Alta;2;11;Libre
3032;Sector5_Preferencia_Alta;2;12;Libre
3033;Sector5_Preferencia_Alta;2;13;Libre
3034;Sector5_Preferencia_Alta;2;14;Libre
3035;Sector5_Preferencia_Alta;2;15;Libre
3036;Sector5_Preferencia_Alta;2;16;Libre
3037;Sector5_Preferencia_Alta;2;17;Libre
3038;Sector5_Preferencia_Alta;2;18;Libre
3039;Sector5_Preferencia_Alta;2;19;Libre
3040;Sector5_Preferencia_Alta;2;20;Libre
3041;Sector5_Preferencia_Alta;1;1;Libre
3042;Sector5_Preferencia_Alta;1;2;Libre
3043;Sector5_Preferencia_Alta;1;3;Libre
3044;Sector5_Preferencia_Alta;1;4;Libre
3045;Sector5_Preferencia_Alta;1;5;Libre
3046;Sector5_Preferencia_Alta;1;6;Libre
3047;Sector5_Preferencia_Alta;1;7;Libre
3048;Sector5_Preferencia_Alta;1;8;Libre
3049;Sector5_Preferencia_Alta;1;9;Libre
3050;Sector5_Preferencia_Alta;1;10;Libre
3051;Sector5_Preferencia_Alta;1;11;Libre
3052;Sector5_Preferencia_Alta;1;12;Libre
3053;Sector5_Preferencia_Alta;1;13;Libre
3054;Sector5_Preferencia_Alta;1;14;Libre
3055;Sector5_Preferencia_Alta;1;15;Libre
3056;Sector5_Preferencia_Alta;1;16;Libre
3057;Sector5_Preferencia_Alta;1;17;Libre
3058;Sector5_Preferencia_Alta;1;18;Libre
3059;Sector5_Preferencia_Alta;1;19;Libre
3060;Sector5_Preferencia_Alta;1;20;Libre
3061;Sector6_Preferencia_Alta;4;1;Libre
3062;Sector6_Preferencia_Alta;4;2;Libre
3063;Sector6_Preferencia_Alta;4;3;Libre
3064;Sector6_Preferencia_Alta;4;4;Libre
3065;Sector6_Preferencia_Alta;4;5;Libre
3066;Sector6_Preferencia_Alta;4;6;Libre
3067;Sector6_Preferencia_Alta;3;1;Libre
3068;Sector6_Preferencia_Alta;3;2;Libre
3069;Sector6_Preferencia_Alta;3;3;Libre
3070;Sector6_Preferencia_Alta;3;4;Libre
3071;Sector6_Preferencia_Alta;3;5;Libre
3072;Sector6_Preferencia_Alta;3;6;Libre
3073;Sector6_Preferencia_Alta;2;1;Libre
3074;Sector6_Preferencia_Alta;2;2;Libre
3075;Sector6_Preferencia_Alta;2;3;Libre
3076;Sector6_Preferencia_Alta;2;4;Libre
3077;Sector6_Preferencia_Alta;2;5;Libre
3078;Sector6_Preferencia_Alta;2;6;Libre
3079;Sector6_Preferencia_Alta;1;1;Libre
3080;Sector6_Preferencia_Alta;1;2;Libre
3081;Sector6_Preferencia_Alta;1;3;Libre
3082;Sector6_Preferencia_Alta;1;4;Libre
3083;Sector6_Preferencia_Alta;1;5;Libre
3084;Sector6_Preferencia_Alta;1;6;Libre
3085;Sector7_Preferencia_Alta;8;1;Libre
3086;Sector7_Preferencia_Alta;8;2;Libre
3087;Sector7_Preferencia_Alta;8;3;Libre
3088;Sector7_Preferencia_Alta;8;4;Libre
3089;Sector7_Preferencia_Alta;8;5;Libre
3090;Sector7_Preferencia_Alta;8;6;Libre
3091;Sector7_Preferencia_Alta;8;7;Libre
3092;Sector7_Preferencia_Alta;8;8;Libre
3093;Sector7_Preferencia_Alta;8;9;Libre
3094;Sector7_Preferencia_Alta;8;10;Libre
3095;Sector7_Preferencia_Alta;8;11;Libre
3096;Sector7_Preferencia_Alta;8;12;Libre
3097;Sector7_Preferencia_Alta;8;13;Libre
3098;Sector7_Preferencia_Alta;8;14;Libre
3099;Sector7_Preferencia_Alta;8;15;Libre
3100;Sector7_Preferencia_Alta;8;16;Libre
3101;Sector7_Preferencia_Alta;8;17;Libre
3102;Sector7_Preferencia_Alta;8;18;Libre
3103;Sector7_Preferencia_Alta;8;19;Libre
3104;Sector7_Preferencia_Alta;8;20;Libre
3105;Sector7_Preferencia_Alta;7;1;Libre
3106;Sector7_Preferencia_Alta;7;2;Libre
3107;Sector7_Preferencia_Alta;7;3;Libre
3108;Sector7_Preferencia_Alta;7;4;Libre
3109;Sector7_Preferencia_Alta;7;5;Libre
3110;Sector7_Preferencia_Alta;7;6;Libre
3111;Sector7_Preferencia_Alta;7;7;Libre
3112;Sector7_Preferencia_Alta;7;8;Libre
3113;Sector7_Preferencia_Alta;7;9;Libre
3114;Sector7_Preferencia_Alta;7;10;Libre
3115;Sector7_Preferencia_Alta;7;11;Libre
3116;Sector7_Preferencia_Alta;7;12;Libre
3117;Sector7_Preferencia_Alta;7;13;Libre
3118;Sector7_Preferencia_Alta;7;14;Libre
3119;Sector7_Preferencia_Alta;7;15;Libre
3120;Sector7_Preferencia_Alta;7;16;Libre
3121;Sector7_Preferencia_Alta;7;17;Libre
3122;Sector7_Preferencia_Alta;7;18;Libre
3123;Sector7_Preferencia_Alta;7;19;Libre
3124;Sector7_Preferencia_Alta;7;20;Libre
3125;Sector7_Preferencia_Alta;6;1;Libre
3126;Sector7_Preferencia_Alta;6;2;Libre
3127;Sector7_Preferencia_Alta;6;3;Libre
3128;Sector7_Preferencia_Alta;6;4;Libre
3129;Sector7_Preferencia_Alta;6;5;Libre
3130;Sector7_Preferencia_Alta;6;6;Libre
3131;Sector7_Preferencia_Alta;6;7;Libre
3132;Sector7_Preferencia_Alta;6;8;Libre
3133;Sector7_Preferencia_Alta;6;9;Libre
3134;Sector7_Preferencia_Alta;6;10;Libre
3135;Sector7_Preferencia_Alta;6;11;Libre
3136;Sector7_Preferencia_Alta;6;12;Libre
3137;Sector7_Preferencia_Alta;6;13;Libre
3138;Sector7_Preferencia_Alta;6;14;Libre
3139;Sector7_Preferencia_Alta;6;15;Libre
3140;Sector7_Preferencia_Alta;6;16;Libre
3141;Sector7_Preferencia_Alta;6;17;Libre
3142;Sector7_Preferencia_Alta;6;18;Libre
3143;Sector7_Preferencia_Alta;6;19;Libre
3144;Sector7_Preferencia_Alta;6;20;Libre
3145;Sector7_Preferencia_Alta;5;1;Libre
3146;Sector7_Preferencia_Alta;5;2;Libre
3147;Sector7_Preferencia_Alta;5;3;Libre
3148;Sector7_Preferencia_Alta;5;4;Libre
3149;Sector7_Preferencia_Alta;5;5;Libre
3150;Sector7_Preferencia_Alta;5;6;Libre
3151;Sector7_Preferencia_Alta;5;7;Libre
3152;Sector7_Preferencia_Alta;5;8;Libre
3153;Sector7_Preferencia_Alta;5;9;Libre
3154;Sector7_Preferencia_Alta;5;10;Libre
3155;Sector7_Preferencia_Alta;5;11;Libre
3156;Sector7_Preferencia_Alta;5;12;Libre
3157;Sector7_Preferencia_Alta;5;13;Libre
3158;Sector7_Preferencia_Alta;5;14;Libre
3159;Sector7_Preferencia_Alta;5;15;Libre
3160;Sector7_Preferencia_Alta;5;16;Libre
3161;Sector7_Preferencia_Alta;5;17;Libre
3162;Sector7_Preferencia_Alta;5;18;Libre
3163;Sector7_Preferencia_Alta;5;19;Libre
3164;Sector7_Preferencia_Alta;5;20;Libre
3165;Sector7_Preferencia_Alta;4;1;Libre
3166;Sector7_Preferencia_Alta;4;2;Libre
3167;Sector7_Preferencia_Alta;4;3;Libre
3168;Sector7_Preferencia_Alta;4;4;Libre
3169;Sector7_Preferencia_Alta;4;5;Libre
3170;Sector7_Preferencia_Alta;4;6;Libre
3171;Sector7_Preferencia_Alta;4;7;Libre
3172;Sector7_Preferencia_Alta;4;8;Libre
3173;Sector7_Preferencia_Alta;4;9;Libre
3174;Sector7_Preferencia_Alta;4;10;Libre
3175;Sector7_Preferencia_Alta;4;11;Libre
3176;Sector7_Preferencia_Alta;4;12;Libre
3177;Sector7_Preferencia_Alta;4;13;Libre
3178;Sector7_Preferencia_Alta;4;14;Libre
3179;Sector7_Preferencia_Alta;4;15;Libre
3180;Sector7_Preferencia_Alta;4;16;Libre
3181;Sector7_Preferencia_Alta;4;17;Libre
3182;Sector7_Preferencia_Alta;4;18;Libre
3183;Sector7_Preferencia_Alta;4;19;Libre
3184;Sector7_Preferencia_Alta;4;20;Libre
3185;Sector7_Preferencia_Alta;3;1;Libre
3186;Sector7_Preferencia_Alta;3;2;Libre
3187;Sector7_Preferencia_Alta;3;3;Libre
3188;Sector7_Preferencia_Alta;3;4;Libre
3189;Sector7_Preferencia_Alta;3;5;Libre
3190;Sector7_Preferencia_Alta;3;6;Libre
3191;Sector7_Preferencia_Alta;3;7;Libre
3192;Sector7_Preferencia_Alta;3;8;Libre
3193;Sector7_Preferencia_Alta;3;9;Libre
3194;Sector7_Preferencia_Alta;3;10;Libre
3195;Sector7_Preferencia_Alta;3;11;Libre
3196;Sector7_Preferencia_Alta;3;12;Libre
3197;Sector7_Preferencia_Alta;3;13;Libre
3198;Sector7_Preferencia_Alta;3;14;Libre
3199;Sector7_Preferencia_Alta;3;15;Libre
3200;Sector7_Preferencia_Alta;3;16;Libre
3201;Sector7_Preferencia_Alta;3;17;Libre
3202;Sector7_Preferencia_Alta;3;18;Libre
3203;Sector7_Preferencia_Alta;3;19;Libre
3204;Sector7_Preferencia_Alta;3;20;Libre
3205;Sector7_Preferencia_Alta;2;1;Libre
3206;Sector7_Preferencia_Alta;2;2;Libre
3207;Sector7_Preferencia_Alta;2;3;Libre
3208;Sector7_Preferencia_Alta;2;4;Libre
3209;Sector7_Preferencia_Alta;2;5;Libre
3210;Sector7_Preferencia_Alta;2;6;Libre
3211;Sector7_Preferencia_Alta;2;7;Libre
3212;Sector7_Preferencia_Alta;2;8;Libre
3213;Sector7_Preferencia_Alta;2;9;Libre
3214;Sector7_Preferencia_Alta;2;10;Libre
3215;Sector7_Preferencia_Alta;2;11;Libre
3216;Sector7_Preferencia_Alta;2;12;Libre
3217;Sector7_Preferencia_Alta;2;13;Libre
3218;Sector7_Preferencia_Alta;2;14;Libre
3219;Sector7_Preferencia_Alta;2;15;Libre
3220;Sector7_Preferencia_Alta;2;16;Libre
3221;Sector7_Preferencia_Alta;2;17;Libre
3222;Sector7_Preferencia_Alta;2;18;Libre
3223;Sector7_Preferencia_Alta;2;19;Libre
3224;Sector7_Preferencia_Alta;2;20;Libre
3225;Sector7_Preferencia_Alta;1;1;Libre
3226;Sector7_Preferencia_Alta;1;2;Libre
3227;Sector7_Preferencia_Alta;1;3;Libre
3228;Sector7_Preferencia_Alta;1;4;Libre
3229;Sector7_Preferencia_Alta;1;5;Libre
3230;Sector7_Preferencia_Alta;1;6;Libre
3231;Sector7_Preferencia_Alta;1;7;Libre
3232;Sector7_Preferencia_Alta;1;8;Libre
3233;Sector7_Preferencia_Alta;1;9;Libre
3234;Sector7_Preferencia_Alta;1;10;Libre
3235;Sector7_Preferencia_Alta;1;11;Libre
3236;Sector7_Preferencia_Alta;1;12;Libre
3237;Sector7_Preferencia_Alta;1;13;Libre
3238;Sector7_Preferencia_Alta;1;14;Libre
3239;Sector7_Preferencia_Alta;1;15;Libre
3240;Sector7_Preferencia_Alta;1;16;Libre
3241;Sector7_Preferencia_Alta;1;17;Libre
3242;Sector7_Preferencia_Alta;1;18;Libre
3243;Sector7_Preferencia_Alta;1;19;Libre
3244;Sector7_Preferencia_Alta;1;20;Libre
3245;Sector8_Preferencia_Alta;4;1;Libre
3246;Sector8_Preferencia_Alta;4;2;Libre
3247;Sector8_Preferencia_Alta;4;3;Libre
3248;Sector8_Preferencia_Alta;4;4;Libre
3249;Sector8_Preferencia_Alta;4;5;Libre
3250;Sector8_Preferencia_Alta;4;6;Libre
3251;Sector8_Preferencia_Alta;3;1;Libre
3252;Sector8_Preferencia_Alta;3;2;Libre
3253;Sector8_Preferencia_Alta;3;3;Libre
3254;Sector8_Preferencia_Alta;3;4;Libre
3255;Sector8_Preferencia_Alta;3;5;Libre
3256;Sector8_Preferencia_Alta;3;6;Libre
3257;Sector8_Preferencia_Alta;2;1;Libre
3258;Sector8_Preferencia_Alta;2;2;Libre
3259;Sector8_Preferencia_Alta;2;3;Libre
3260;Sector8_Preferencia_Alta;2;4;Libre
3261;Sector8_Preferencia_Alta;2;5;Libre
3262;Sector8_Preferencia_Alta;2;6;Libre
3263;Sector8_Preferencia_Alta;1;1;Libre
3264;Sector8_Preferencia_Alta;1;2;Libre
3265;Sector8_Preferencia_Alta;1;3;Libre
3266;Sector8_Preferencia_Alta;1;4;Libre
3267;Sector8_Preferencia_Alta;1;5;Libre
3268;Sector8_Preferencia_Alta;1;6;Libre
3269;Sector9_Preferencia_Alta;8;1;Libre
3270;Sector9_Preferencia_Alta;8;2;Libre
3271;Sector9_Preferencia_Alta;8;3;Libre
3272;Sector9_Preferencia_Alta;8;4;Libre
3273;Sector9_Preferencia_Alta;8;5;Libre
3274;Sector9_Preferencia_Alta;8;6;Libre
3275;Sector9_Preferencia_Alta;8;7;Libre
3276;Sector9_Preferencia_Alta;8;8;Libre
3277;Sector9_Preferencia_Alta;8;9;Libre
3278;Sector9_Preferencia_Alta;8;10;Libre
3279;Sector9_Preferencia_Alta;8;11;Libre
3280;Sector9_Preferencia_Alta;8;12;Libre
3281;Sector9_Preferencia_Alta;8;13;Libre
3282;Sector9_Preferencia_Alta;8;14;Libre
3283;Sector9_Preferencia_Alta;8;15;Libre
3284;Sector9_Preferencia_Alta;8;16;Libre
3285;Sector9_Preferencia_Alta;8;17;Libre
3286;Sector9_Preferencia_Alta;8;18;Libre
3287;Sector9_Preferencia_Alta;8;19;Libre
3288;Sector9_Preferencia_Alta;8;20;Libre
3289;Sector9_Preferencia_Alta;7;1;Libre
3290;Sector9_Preferencia_Alta;7;2;Libre
3291;Sector9_Preferencia_Alta;7;3;Libre
3292;Sector9_Preferencia_Alta;7;4;Libre
3293;Sector9_Preferencia_Alta;7;5;Libre
3294;Sector9_Preferencia_Alta;7;6;Libre
3295;Sector9_Preferencia_Alta;7;7;Libre
3296;Sector9_Preferencia_Alta;7;8;Libre
3297;Sector9_Preferencia_Alta;7;9;Libre
3298;Sector9_Preferencia_Alta;7;10;Libre
3299;Sector9_Preferencia_Alta;7;11;Libre
3300;Sector9_Preferencia_Alta;7;12;Libre
3301;Sector9_Preferencia_Alta;7;13;Libre
3302;Sector9_Preferencia_Alta;7;14;Libre
3303;Sector9_Preferencia_Alta;7;15;Libre
3304;Sector9_Preferencia_Alta;7;16;Libre
3305;Sector9_Preferencia_Alta;7;17;Libre
3306;Sector9_Preferencia_Alta;7;18;Libre
3307;Sector9_Preferencia_Alta;7;19;Libre
3308;Sector9_Preferencia_Alta;7;20;Libre
3309;Sector9_Preferencia_Alta;6;1;Libre
3310;Sector9_Preferencia_Alta;6;2;Libre
3311;Sector9_Preferencia_Alta;6;3;Libre
3312;Sector9_Preferencia_Alta;6;4;Libre
3313;Sector9_Preferencia_Alta;6;5;Libre
3314;Sector9_Preferencia_Alta;6;6;Libre
3315;Sector9_Preferencia_Alta;6;7;Libre
3316;Sector9_Preferencia_Alta;6;8;Libre
3317;Sector9_Preferencia_Alta;6;9;Libre
3318;Sector9_Preferencia_Alta;6;10;Libre
3319;Sector9_Preferencia_Alta;6;11;Libre
3320;Sector9_Preferencia_Alta;6;12;Libre
3321;Sector9_Preferencia_Alta;6;13;Libre
3322;Sector9_Preferencia_Alta;6;14;Libre
3323;Sector9_Preferencia_Alta;6;15;Libre
3324;Sector9_Preferencia_Alta;6;16;Libre
3325;Sector9_Preferencia_Alta;6;17;Libre
3326;Sector9_Preferencia_Alta;6;18;Libre
3327;Sector9_Preferencia_Alta;6;19;Libre
3328;Sector9_Preferencia_Alta;6;20;Libre
3329;Sector9_Preferencia_Alta;5;1;Libre
3330;Sector9_Preferencia_Alta;5;2;Libre
3331;Sector9_Preferencia_Alta;5;3;Libre
3332;Sector9_Preferencia_Alta;5;4;Libre
3333;Sector9_Preferencia_Alta;5;5;Libre
3334;Sector9_Preferencia_Alta;5;6;Libre
3335;Sector9_Preferencia_Alta;5;7;Libre
3336;Sector9_Preferencia_Alta;5;8;Libre
3337;Sector9_Preferencia_Alta;5;9;Libre
3338;Sector9_Preferencia_Alta;5;10;Libre
3339;Sector9_Preferencia_Alta;5;11;Libre
3340;Sector9_Preferencia_Alta;5;12;Libre
3341;Sector9_Preferencia_Alta;5;13;Libre
3342;Sector9_Preferencia_Alta;5;14;Libre
3343;Sector9_Preferencia_Alta;5;15;Libre
3344;Sector9_Preferencia_Alta;5;16;Libre
3345;Sector9_Preferencia_Alta;5;17;Libre
3346;Sector9_Preferencia_Alta;5;18;Libre
3347;Sector9_Preferencia_Alta;5;19;Libre
3348;Sector9_Preferencia_Alta;5;20;Libre
3349;Sector9_Preferencia_Alta;4;1;Libre
3350;Sector9_Preferencia_Alta;4;2;Libre
3351;Sector9_Preferencia_Alta;4;3;Libre
3352;Sector9_Preferencia_Alta;4;4;Libre
3353;Sector9_Preferencia_Alta;4;5;Libre
3354;Sector9_Preferencia_Alta;4;6;Libre
3355;Sector9_Preferencia_Alta;4;7;Libre
3356;Sector9_Preferencia_Alta;4;8;Libre
3357;Sector9_Preferencia_Alta;4;9;Libre
3358;Sector9_Preferencia_Alta;4;10;Libre
3359;Sector9_Preferencia_Alta;4;11;Libre
3360;Sector9_Preferencia_Alta;4;12;Libre
3361;Sector9_Preferencia_Alta;4;13;Libre
3362;Sector9_Preferencia_Alta;4;14;Libre
3363;Sector9_Preferencia_Alta;4;15;Libre
3364;Sector9_Preferencia_Alta;4;16;Libre
3365;Sector9_Preferencia_Alta;4;17;Libre
3366;Sector9_Preferencia_Alta;4;18;Libre
3367;Sector9_Preferencia_Alta;4;19;Libre
3368;Sector9_Preferencia_Alta;4;20;Libre
3369;Sector9_Preferencia_Alta;3;1;Libre
3370;Sector9_Preferencia_Alta;3;2;Libre
3371;Sector9_Preferencia_Alta;3;3;Libre
3372;Sector9_Preferencia_Alta;3;4;Libre
3373;Sector9_Preferencia_Alta;3;5;Libre
3374;Sector9_Preferencia_Alta;3;6;Libre
3375;Sector9_Preferencia_Alta;3;7;Libre
3376;Sector9_Preferencia_Alta;3;8;Libre
3377;Sector9_Preferencia_Alta;3;9;Libre
3378;Sector9_Preferencia_Alta;3;10;Libre
3379;Sector9_Preferencia_Alta;3;11;Libre
3380;Sector9_Preferencia_Alta;3;12;Libre
3381;Sector9_Preferencia_Alta;3;13;Libre
3382;Sector9_Preferencia_Alta;3;14;Libre
3383;Sector9_Preferencia_Alta;3;15;Libre
3384;Sector9_Preferencia_Alta;3;16;Libre
3385;Sector9_Preferencia_Alta;3;17;Libre
3386;Sector9_Preferencia_Alta;3;18;Libre
3387;Sector9_Preferencia_Alta;3;19;Libre
3388;Sector9_Preferencia_Alta;3;20;Libre
3389;Sector9_Preferencia_Alta;2;1;Libre
3390;Sector9_Preferencia_Alta;2;2;Libre
3391;Sector9_Preferencia_Alta;2;3;Libre
3392;Sector9_Preferencia_Alta;2;4;Libre
3393;Sector9_Preferencia_Alta;2;5;Libre
3394;Sector9_Preferencia_Alta;2;6;Libre
3395;Sector9_Preferencia_Alta;2;7;Libre
3396;Sector9_Preferencia_Alta;2;8;Libre
3397;Sector9_Preferencia_Alta;2;9;Libre
3398;Sector9_Preferencia_Alta;2;10;Libre
3399;Sector9_Preferencia_Alta;2;11;Libre
3400;Sector9_Preferencia_Alta;2;12;Libre
3401;Sector9_Preferencia_Alta;2;13;Libre
3402;Sector9_Preferencia_Alta;2;14;Libre
3403;Sector9_Preferencia_Alta;2;15;Libre
3404;Sector9_Preferencia_Alta;2;16;Libre
3405;Sector9_Preferencia_Alta;2;17;Libre
3406;Sector9_Preferencia_Alta;2;18;Libre
3407;Sector9_Preferencia_Alta;2;19;Libre
3408;Sector9_Preferencia_Alta;2;20;Libre
3409;Sector9_Preferencia_Alta;1;1;Libre
3410;Sector9_Preferencia_Alta;1;2;Libre
3411;Sector9_Preferencia_Alta;1;3;Libre
3412;Sector9_Preferencia_Alta;1;4;Libre
3413;Sector9_Preferencia_Alta;1;5;Libre
3414;Sector9_Preferencia_Alta;1;6;Libre
3415;Sector9_Preferencia_Alta;1;7;Libre
3416;Sector9_Preferencia_Alta;1;8;Libre
3417;Sector9_Preferencia_Alta;1;9;Libre
3418;Sector9_Preferencia_Alta;1;10;Libre
3419;Sector9_Preferencia_Alta;1;11;Libre
3420;Sector9_Preferencia_Alta;1;12;Libre
3421;Sector9_Preferencia_Alta;1;13;Libre
3422;Sector9_Preferencia_Alta;1;14;Libre
3423;Sector9_Preferencia_Alta;1;15;Libre
3424;Sector9_Preferencia_Alta;1;16;Libre
3425;Sector9_Preferencia_Alta;1;17;Libre
3426;Sector9_Preferencia_Alta;1;18;Libre
3427;Sector9_Preferencia_Alta;1;19;Libre
3428;Sector10_Preferencia_Alta;4;1;Libre
3429;Sector10_Preferencia_Alta;4;2;Libre
3430;Sector10_Preferencia_Alta;4;3;Libre
3431;Sector10_Preferencia_Alta;4;4;Libre
3432;Sector10_Preferencia_Alta;4;5;Libre
3433;Sector10_Preferencia_Alta;4;6;Libre
3434;Sector10_Preferencia_Alta;3;1;Libre
3435;Sector10_Preferencia_Alta;3;2;Libre
3436;Sector10_Preferencia_Alta;3;3;Libre
3437;Sector10_Preferencia_Alta;3;4;Libre
3438;Sector10_Preferencia_Alta;3;5;Libre
3439;Sector10_Preferencia_Alta;3;6;Libre
3440;Sector10_Preferencia_Alta;2;1;Libre
3441;Sector10_Preferencia_Alta;2;2;Libre
3442;Sector10_Preferencia_Alta;2;3;Libre
3443;Sector10_Preferencia_Alta;2;4;Libre
3444;Sector10_Preferencia_Alta;2;5;Libre
3445;Sector10_Preferencia_Alta;2;6;Libre
3446;Sector10_Preferencia_Alta;1;1;Libre
3447;Sector10_Preferencia_Alta;1;2;Libre
3448;Sector10_Preferencia_Alta;1;3;Libre
3449;Sector10_Preferencia_Alta;1;4;Libre
3450;Sector10_Preferencia_Alta;1;5;Libre
3451;Sector10_Preferencia_Alta;1;6;Libre
3452;Sector11_Preferencia_Alta;8;1;Libre
3453;Sector11_Preferencia_Alta;8;2;Libre
3454;Sector11_Preferencia_Alta;8;3;Libre
3455;Sector11_Preferencia_Alta;8;4;Libre
3456;Sector11_Preferencia_Alta;8;5;Libre
3457;Sector11_Preferencia_Alta;8;6;Libre
3458;Sector11_Preferencia_Alta;8;7;Libre
3459;Sector11_Preferencia_Alta;8;8;Libre
3460;Sector11_Preferencia_Alta;8;9;Libre
3461;Sector11_Preferencia_Alta;8;10;Libre
3462;Sector11_Preferencia_Alta;8;11;Libre
3463;Sector11_Preferencia_Alta;8;12;Libre
3464;Sector11_Preferencia_Alta;8;13;Libre
3465;Sector11_Preferencia_Alta;8;14;Libre
3466;Sector11_Preferencia_Alta;8;15;Libre
3467;Sector11_Preferencia_Alta;8;16;Libre
3468;Sector11_Preferencia_Alta;8;17;Libre
3469;Sector11_Preferencia_Alta;8;18;Libre
3470;Sector11_Preferencia_Alta;8;19;Libre
3471;Sector11_Preferencia_Alta;8;20;Libre
3472;Sector11_Preferencia_Alta;7;1;Libre
3473;Sector11_Preferencia_Alta;7;2;Libre
3474;Sector11_Preferencia_Alta;7;3;Libre
3475;Sector11_Preferencia_Alta;7;4;Libre
3476;Sector11_Preferencia_Alta;7;5;Libre
3477;Sector11_Preferencia_Alta;7;6;Libre
3478;Sector11_Preferencia_Alta;7;7;Libre
3479;Sector11_Preferencia_Alta;7;8;Libre
3480;Sector11_Preferencia_Alta;7;9;Libre
3481;Sector11_Preferencia_Alta;7;10;Libre
3482;Sector11_Preferencia_Alta;7;11;Libre
3483;Sector11_Preferencia_Alta;7;12;Libre
3484;Sector11_Preferencia_Alta;7;13;Libre
3485;Sector11_Preferencia_Alta;7;14;Libre
3486;Sector11_Preferencia_Alta;7;15;Libre
3487;Sector11_Preferencia_Alta;7;16;Libre
3488;Sector11_Preferencia_Alta;7;17;Libre
3489;Sector11_Preferencia_Alta;7;18;Libre
3490;Sector11_Preferencia_Alta;7;19;Libre
3491;Sector11_Preferencia_Alta;7;20;Libre
3492;Sector11_Preferencia_Alta;6;1;Libre
3493;Sector11_Preferencia_Alta;6;2;Libre
3494;Sector11_Preferencia_Alta;6;3;Libre
3495;Sector11_Preferencia_Alta;6;4;Libre
3496;Sector11_Preferencia_Alta;6;5;Libre
3497;Sector11_Preferencia_Alta;6;6;Libre
3498;Sector11_Preferencia_Alta;6;7;Libre
3499;Sector11_Preferencia_Alta;6;8;Libre
3500;Sector11_Preferencia_Alta;6;9;Libre
3501;Sector11_Preferencia_Alta;6;10;Libre
3502;Sector11_Preferencia_Alta;6;11;Libre
3503;Sector11_Preferencia_Alta;6;12;Libre
3504;Sector11_Preferencia_Alta;6;13;Libre
3505;Sector11_Preferencia_Alta;6;14;Libre
3506;Sector11_Preferencia_Alta;6;15;Libre
3507;Sector11_Preferencia_Alta;6;16;Libre
3508;Sector11_Preferencia_Alta;6;17;Libre
3509;Sector11_Preferencia_Alta;6;18;Libre
3510;Sector11_Preferencia_Alta;6;19;Libre
3511;Sector11_Preferencia_Alta;6;20;Libre
3512;Sector11_Preferencia_Alta;5;1;Libre
3513;Sector11_Preferencia_Alta;5;2;Libre
3514;Sector11_Preferencia_Alta;5;3;Libre
3515;Sector11_Preferencia_Alta;5;4;Libre
3516;Sector11_Preferencia_Alta;5;5;Libre
3517;Sector11_Preferencia_Alta;5;6;Libre
3518;Sector11_Preferencia_Alta;5;7;Libre
3519;Sector11_Preferencia_Alta;5;8;Libre
3520;Sector11_Preferencia_Alta;5;9;Libre
3521;Sector11_Preferencia_Alta;5;10;Libre
3522;Sector11_Preferencia_Alta;5;11;Libre
3523;Sector11_Preferencia_Alta;5;12;Libre
3524;Sector11_Preferencia_Alta;5;13;Libre
3525;Sector11_Preferencia_Alta;5;14;Libre
3526;Sector11_Preferencia_Alta;5;15;Libre
3527;Sector11_Preferencia_Alta;5;16;Libre
3528;Sector11_Preferencia_Alta;5;17;Libre
3529;Sector11_Preferencia_Alta;5;18;Libre
3530;Sector11_Preferencia_Alta;5;19;Libre
3531;Sector11_Preferencia_Alta;5;20;Libre
3532;Sector11_Preferencia_Alta;4;1;Libre
3533;Sector11_Preferencia_Alta;4;2;Libre
3534;Sector11_Preferencia_Alta;4;3;Libre
3535;Sector11_Preferencia_Alta;4;4;Libre
3536;Sector11_Preferencia_Alta;4;5;Libre
3537;Sector11_Preferencia_Alta;4;6;Libre
3538;Sector11_Preferencia_Alta;4;7;Libre
3539;Sector11_Preferencia_Alta;4;8;Libre
3540;Sector11_Preferencia_Alta;4;9;Libre
3541;Sector11_Preferencia_Alta;4;10;Libre
3542;Sector11_Preferencia_Alta;4;11;Libre
3543;Sector11_Preferencia_Alta;4;12;Libre
3544;Sector11_Preferencia_Alta;4;13;Libre
3545;Sector11_Preferencia_Alta;4;14;Libre
3546;Sector11_Preferencia_Alta;4;15;Libre
3547;Sector11_Preferencia_Alta;4;16;Libre
3548;Sector11_Preferencia_Alta;4;17;Libre
3549;Sector11_Preferencia_Alta;4;18;Libre
3550;Sector11_Preferencia_Alta;4;19;Libre
3551;Sector11_Preferencia_Alta;4;20;Libre
3552;Sector11_Preferencia_Alta;3;1;Libre
3553;Sector11_Preferencia_Alta;3;2;Libre
3554;Sector11_Preferencia_Alta;3;3;Libre
3555;Sector11_Preferencia_Alta;3;4;Libre
3556;Sector11_Preferencia_Alta;3;5;Libre
3557;Sector11_Preferencia_Alta;3;6;Libre
3558;Sector11_Preferencia_Alta;3;7;Libre
3559;Sector11_Preferencia_Alta;3;8;Libre
3560;Sector11_Preferencia_Alta;3;9;Libre
3561;Sector11_Preferencia_Alta;3;10;Libre
3562;Sector11_Preferencia_Alta;3;11;Libre
3563;Sector11_Preferencia_Alta;3;12;Libre
3564;Sector11_Preferencia_Alta;3;13;Libre
3565;Sector11_Preferencia_Alta;3;14;Libre
3566;Sector11_Preferencia_Alta;3;15;Libre
3567;Sector11_Preferencia_Alta;3;16;Libre
3568;Sector11_Preferencia_Alta;3;17;Libre
3569;Sector11_Preferencia_Alta;3;18;Libre
3570;Sector11_Preferencia_Alta;3;19;Libre
3571;Sector11_Preferencia_Alta;3;20;Libre
3572;Sector11_Preferencia_Alta;2;1;Libre
3573;Sector11_Preferencia_Alta;2;2;Libre
3574;Sector11_Preferencia_Alta;2;3;Libre
3575;Sector11_Preferencia_Alta;2;4;Libre
3576;Sector11_Preferencia_Alta;2;5;Libre
3577;Sector11_Preferencia_Alta;2;6;Libre
3578;Sector11_Preferencia_Alta;2;7;Libre
3579;Sector11_Preferencia_Alta;2;8;Libre
3580;Sector11_Preferencia_Alta;2;9;Libre
3581;Sector11_Preferencia_Alta;2;10;Libre
3582;Sector11_Preferencia_Alta;2;11;Libre
3583;Sector11_Preferencia_Alta;2;12;Libre
3584;Sector11_Preferencia_Alta;2;13;Libre
3585;Sector11_Preferencia_Alta;2;14;Libre
3586;Sector11_Preferencia_Alta;2;15;Libre
3587;Sector11_Preferencia_Alta;2;16;Libre
3588;Sector11_Preferencia_Alta;2;17;Libre
3589;Sector11_Preferencia_Alta;2;18;Libre
3590;Sector11_Preferencia_Alta;2;19;Libre
3591;Sector11_Preferencia_Alta;2;20;Libre
3592;Sector11_Preferencia_Alta;1;1;Libre
3593;Sector11_Preferencia_Alta;1;2;Libre
3594;Sector11_Preferencia_Alta;1;3;Libre
3595;Sector11_Preferencia_Alta;1;4;Libre
3596;Sector11_Preferencia_Alta;1;5;Libre
3597;Sector11_Preferencia_Alta;1;6;Libre
3598;Sector11_Preferencia_Alta;1;7;Libre
3599;Sector11_Preferencia_Alta;1;8;Libre
3600;Sector11_Preferencia_Alta;1;9;Libre
3601;Sector11_Preferencia_Alta;1;10;Libre
3602;Sector11_Preferencia_Alta;1;11;Libre
3603;Sector11_Preferencia_Alta;1;12;Libre
3604;Sector11_Preferencia_Alta;1;13;Libre
3605;Sector11_Preferencia_Alta;1;14;Libre
3606;Sector11_Preferencia_Alta;1;15;Libre
3607;Sector11_Preferencia_Alta;1;16;Libre
3608;Sector11_Preferencia_Alta;1;17;Libre
3609;Sector11_Preferencia_Alta;1;18;Libre
3610;Sector11_Preferencia_Alta;1;19;Libre
