5371;Sector1_Preferencia_Baja;8;1;Libre
5372;Sector1_Preferencia_Baja;8;2;Libre
5373;Sector1_Preferencia_Baja;8;3;Libre
5374;Sector1_Preferencia_Baja;8;4;Libre
5375;Sector1_Preferencia_Baja;8;5;Libre
5376;Sector1_Preferencia_Baja;8;6;Libre
5377;Sector1_Preferencia_Baja;8;7;Libre
5378;Sector1_Preferencia_Baja;8;8;Libre
5379;Sector1_Preferencia_Baja;8;9;Libre
5380;Sector1_Preferencia_Baja;8;10;Libre
5381;Sector1_Preferencia_Baja;8;11;Libre
5382;Sector1_Preferencia_Baja;8;12;Libre
5383;Sector1_Preferencia_Baja;8;13;Libre
5384;Sector1_Preferencia_Baja;8;14;Libre
5385;Sector1_Preferencia_Baja;8;15;Libre
5386;Sector1_Preferencia_Baja;8;16;Libre
5387;Sector1_Preferencia_Baja;8;17;Libre
5388;Sector1_Preferencia_Baja;8;18;Libre
5389;Sector1_Preferencia_Baja;8;19;Libre
5390;Sector1_Preferencia_Baja;8;20;Libre
5391;Sector1_Preferencia_Baja;7;1;Libre
5392;Sector1_Preferencia_Baja;7;2;Libre
5393;Sector1_Preferencia_Baja;7;3;Libre
5394;Sector1_Preferencia_Baja;7;4;Libre
5395;Sector1_Preferencia_Baja;7;5;Libre
5396;Sector1_Preferencia_Baja;7;6;Libre
5397;Sector1_Preferencia_Baja;7;7;Libre
5398;Sector1_Preferencia_Baja;7;8;Libre
5399;Sector1_Preferencia_Baja;7;9;Libre
5400;Sector1_Preferencia_Baja;7;10;Libre
5401;Sector1_Preferencia_Baja;7;11;Libre
5402;Sector1_Preferencia_Baja;7;12;Libre
5403;Sector1_Preferencia_Baja;7;13;Libre
5404;Sector1_Preferencia_Baja;7;14;Libre
5405;Sector1_Preferencia_Baja;7;15;Libre
5406;Sector1_Preferencia_Baja;7;16;Libre
5407;Sector1_Preferencia_Baja;7;17;Libre
5408;Sector1_Preferencia_Baja;7;18;Libre
5409;Sector1_Preferencia_Baja;7;19;Libre
5410;Sector1_Preferencia_Baja;7;20;Libre
5411;Sector1_Preferencia_Baja;6;1;Libre
5412;Sector1_Preferencia_Baja;6;2;Libre
5413;Sector1_Preferencia_Baja;6;3;Libre
5414;Sector1_Preferencia_Baja;6;4;Libre
5415;Sector1_Preferencia_Baja;6;5;Libre
5416;Sector1_Preferencia_Baja;6;6;Libre
5417;Sector1_Preferencia_Baja;6;7;Libre
5418;Sector1_Preferencia_Baja;6;8;Libre
5419;Sector1_Preferencia_Baja;6;9;Libre
5420;Sector1_Preferencia_Baja;6;10;Libre
5421;Sector1_Preferencia_Baja;6;11;Libre
5422;Sector1_Preferencia_Baja;6;12;Libre
5423;Sector1_Preferencia_Baja;6;13;Libre
5424;Sector1_Preferencia_Baja;6;14;Libre
5425;Sector1_Preferencia_Baja;6;15;Libre
5426;Sector1_Preferencia_Baja;6;16;Libre
5427;Sector1_Preferencia_Baja;6;17;Libre
5428;Sector1_Preferencia_Baja;6;18;Libre
5429;Sector1_Preferencia_Baja;6;19;Libre
5430;Sector1_Preferencia_Baja;6;20;Libre
5431;Sector1_Preferencia_Baja;5;1;Libre
5432;Sector1_Preferencia_Baja;5;2;Libre
5433;Sector1_Preferencia_Baja;5;3;Libre
5434;Sector1_Preferencia_Baja;5;4;Libre
5435;Sector1_Preferencia_Baja;5;5;Libre
5436;Sector1_Preferencia_Baja;5;6;Libre
5437;Sector1_Preferencia_Baja;5;7;Libre
5438;Sector1_Preferencia_Baja;5;8;Libre
5439;Sector1_Preferencia_Baja;5;9;Libre
5440;Sector1_Preferencia_Baja;5;10;Libre
5441;Sector1_Preferencia_Baja;5;11;Libre
5442;Sector1_Preferencia_Baja;5;12;Libre
5443;Sector1_Preferencia_Baja;5;13;Libre
5444;Sector1_Preferencia_Baja;5;14;Libre
5445;Sector1_Preferencia_Baja;5;15;Libre
5446;Sector1_Preferencia_Baja;5;16;Libre
5447;Sector1_Preferencia_Baja;5;17;Libre
5448;Sector1_Preferencia_Baja;5;18;Libre
5449;Sector1_Preferencia_Baja;5;19;Libre
5450;Sector1_Preferencia_Baja;5;20;Libre
5451;Sector1_Preferencia_Baja;4;1;Libre
5452;Sector1_Preferencia_Baja;4;2;Libre
5453;Sector1_Preferencia_Baja;4;3;Libre
5454;Sector1_Preferencia_Baja;4;4;Libre
5455;Sector1_Preferencia_Baja;4;5;Libre
5456;Sector1_Preferencia_Baja;4;6;Libre
5457;Sector1_Preferencia_Baja;4;7;Libre
5458;Sector1_Preferencia_Baja;4;8;Libre
5459;Sector1_Preferencia_Baja;4;9;Libre
5460;Sector1_Preferencia_Baja;4;10;Libre
5461;Sector1_Preferencia_Baja;4;11;Libre
5462;Sector1_Preferencia_Baja;4;12;Libre
5463;Sector1_Preferencia_Baja;4;13;Libre
5464;Sector1_Preferencia_Baja;4;14;Libre
5465;Sector1_Preferencia_Baja;4;15;Libre
5466;Sector1_Preferencia_Baja;4;16;Libre
5467;Sector1_Preferencia_Baja;4;17;Libre
5468;Sector1_Preferencia_Baja;4;18;Libre
5469;Sector1_Preferencia_Baja;4;19;Libre
5470;Sector1_Preferencia_Baja;4;20;Libre
5471;Sector1_Preferencia_Baja;3;1;Libre
5472;Sector1_Preferencia_Baja;3;2;Libre
5473;Sector1_Preferencia_Baja;3;3;Libre
5474;Sector1_Preferencia_Baja;3;4;Libre
5475;Sector1_Preferencia_Baja;3;5;Libre
5476;Sector1_Preferencia_Baja;3;6;Libre
5477;Sector1_Preferencia_Baja;3;7;Libre
5478;Sector1_Preferencia_Baja;3;8;Libre
5479;Sector1_Preferencia_Baja;3;9;Libre
5480;Sector1_Preferencia_Baja;3;10;Libre
5481;Sector1_Preferencia_Baja;3;11;Libre
5482;Sector1_Preferencia_Baja;3;12;Libre
5483;Sector1_Preferencia_Baja;3;13;Libre
5484;Sector1_Preferencia_Baja;3;14;Libre
5485;Sector1_Preferencia_Baja;3;15;Libre
5486;Sector1_Preferencia_Baja;3;16;Libre
5487;Sector1_Preferencia_Baja;3;17;Libre
5488;Sector1_Preferencia_Baja;3;18;Libre
5489;Sector1_Preferencia_Baja;3;19;Libre
5490;Sector1_Preferencia_Baja;3;20;Libre
5491;Sector1_Preferencia_Baja;2;1;Libre
5492;Sector1_Preferencia_Baja;2;2;Libre
5493;Sector1_Preferencia_Baja;2;3;Libre
5494;Sector1_Preferencia_Baja;2;4;Libre
5495;Sector1_Preferencia_Baja;2;5;Libre
5496;Sector1_Preferencia_Baja;2;6;Libre
5497;Sector1_Preferencia_Baja;2;7;Libre
5498;Sector1_Preferencia_Baja;2;8;Libre
5499;Sector1_Preferencia_Baja;2;9;Libre
5500;Sector1_Preferencia_Baja;2;10;Libre
5501;Sector1_Preferencia_Baja;2;11;Libre
5502;Sector1_Preferencia_Baja;2;12;Libre
5503;Sector1_Preferencia_Baja;2;13;Libre
5504;Sector1_Preferencia_Baja;2;14;Libre
5505;Sector1_Preferencia_Baja;2;15;Libre
5506;Sector1_Preferencia_Baja;2;16;Libre
5507;Sector1_Preferencia_Baja;2;17;Libre
5508;Sector1_Preferencia_Baja;2;18;Libre
5509;Sector1_Preferencia_Baja;2;19;Libre
5510;Sector1_Preferencia_Baja;2;20;Libre
5511;Sector1_Preferencia_Baja;1;1;Libre
5512;Sector1_Preferencia_Baja;1;2;Libre
5513;Sector1_Preferencia_Baja;1;3;Libre
5514;Sector1_Preferencia_Baja;1;4;Libre
5515;Sector1_Preferencia_Baja;1;5;Libre
5516;Sector1_Preferencia_Baja;1;6;Libre
5517;Sector1_Preferencia_Baja;1;7;Libre
5518;Sector1_Preferencia_Baja;1;8;Libre
5519;Sector1_Preferencia_Baja;1;9;Libre
5520;Sector1_Preferencia_Baja;1;10;Libre
5521;Sector1_Preferencia_Baja;1;11;Libre
5522;Sector1_Preferencia_Baja;1;12;Libre
5523;Sector1_Preferencia_Baja;1;13;Libre
5524;Sector1_Preferencia_Baja;1;14;Libre
5525;Sector1_Preferencia_Baja;1;15;Libre
5526;Sector1_Preferencia_Baja;1;16;Libre
5527;Sector1_Preferencia_Baja;1;17;Libre
5528;Sector1_Preferencia_Baja;1;18;Libre
5529;Sector1_Preferencia_Baja;1;19;Libre
5530;Sector1_Preferencia_Baja;1;20;Libre
5531;Sector2_Preferencia_Baja;8;1;Libre
5532;Sector2_Preferencia_Baja;8;2;Libre
5533;Sector2_Preferencia_Baja;8;3;Libre
5534;Sector2_Preferencia_Baja;8;4;Libre
5535;Sector2_Preferencia_Baja;8;5;Libre
5536;Sector2_Preferencia_Baja;8;6;Libre
5537;Sector2_Preferencia_Baja;8;7;Libre
5538;Sector2_Preferencia_Baja;8;8;Libre
5539;Sector2_Preferencia_Baja;8;9;Libre
5540;Sector2_Preferencia_Baja;8;10;Libre
5541;Sector2_Preferencia_Baja;8;11;Libre
5542;Sector2_Preferencia_Baja;8;12;Libre
5543;Sector2_Preferencia_Baja;8;13;Libre
5544;Sector2_Preferencia_Baja;8;14;Libre
5545;Sector2_Preferencia_Baja;8;15;Libre
5546;Sector2_Preferencia_Baja;8;16;Libre
5547;Sector2_Preferencia_Baja;8;17;Libre
5548;Sector2_Preferencia_Baja;8;18;Libre
5549;Sector2_Preferencia_Baja;8;19;Libre
5550;Sector2_Preferencia_Baja;8;20;Libre
5551;Sector2_Preferencia_Baja;7;1;Libre
5552;Sector2_Preferencia_Baja;7;2;Libre
5553;Sector2_Preferencia_Baja;7;3;Libre
5554;Sector2_Preferencia_Baja;7;4;Libre
5555;Sector2_Preferencia_Baja;7;5;Libre
5556;Sector2_Preferencia_Baja;7;6;Libre
5557;Sector2_Preferencia_Baja;7;7;Libre
5558;Sector2_Preferencia_Baja;7;8;Libre
5559;Sector2_Preferencia_Baja;7;9;Libre
5560;Sector2_Preferencia_Baja;7;10;Libre
5561;Sector2_Preferencia_Baja;7;11;Libre
5562;Sector2_Preferencia_Baja;7;12;Libre
5563;Sector2_Preferencia_Baja;7;13;Libre
5564;Sector2_Preferencia_Baja;7;14;Libre
5565;Sector2_Preferencia_Baja;7;15;Libre
5566;Sector2_Preferencia_Baja;7;16;Libre
5567;Sector2_Preferencia_Baja;7;17;Libre
5568;Sector2_Preferencia_Baja;7;18;Libre
5569;Sector2_Preferencia_Baja;7;19;Libre
5570;Sector2_Preferencia_Baja;7;20;Libre
5571;Sector2_Preferencia_Baja;6;1;Libre
5572;Sector2_Preferencia_Baja;6;2;Libre
5573;Sector2_Preferencia_Baja;6;3;Libre
5574;Sector2_Preferencia_Baja;6;4;Libre
5575;Sector2_Preferencia_Baja;6;5;Libre
5576;Sector2_Preferencia_Baja;6;6;Libre
5577;Sector2_Preferencia_Baja;6;7;Libre
5578;Sector2_Preferencia_Baja;6;8;Libre
5579;Sector2_Preferencia_Baja;6;9;Libre
5580;Sector2_Preferencia_Baja;6;10;Libre
5581;Sector2_Preferencia_Baja;6;11;Libre
5582;Sector2_Preferencia_Baja;6;12;Libre
5583;Sector2_Preferencia_Baja;6;13;Libre
5584;Sector2_Preferencia_Baja;6;14;Libre
5585;Sector2_Preferencia_Baja;6;15;Libre
5586;Sector2_Preferencia_Baja;6;16;Libre
5587;Sector2_Preferencia_Baja;6;17;Libre
5588;Sector2_Preferencia_Baja;6;18;Libre
5589;Sector2_Preferencia_Baja;6;19;Libre
5590;Sector2_Preferencia_Baja;6;20;Libre
5591;Sector2_Preferencia_Baja;5;1;Libre
5592;Sector2_Preferencia_Baja;5;2;Libre
5593;Sector2_Preferencia_Baja;5;3;Libre
5594;Sector2_Preferencia_Baja;5;4;Libre
5595;Sector2_Preferencia_Baja;5;5;Libre
5596;Sector2_Preferencia_Baja;5;6;Libre
5597;Sector2_Preferencia_Baja;5;7;Libre
5598;Sector2_Preferencia_Baja;5;8;Libre
5599;Sector2_Preferencia_Baja;5;9;Libre
5600;Sector2_Preferencia_Baja;5;10;Libre
5601;Sector2_Preferencia_Baja;5;11;Libre
5602;Sector2_Preferencia_Baja;5;12;Libre
5603;Sector2_Preferencia_Baja;5;13;Libre
5604;Sector2_Preferencia_Baja;5;14;Libre
5605;Sector2_Preferencia_Baja;5;15;Libre
5606;Sector2_Preferencia_Baja;5;16;Libre
5607;Sector2_Preferencia_Baja;5;17;Libre
5608;Sector2_Preferencia_Baja;5;18;Libre
5609;Sector2_Preferencia_Baja;5;19;Libre
5610;Sector2_Preferencia_Baja;5;20;Libre
5611;Sector2_Preferencia_Baja;4;1;Libre
5612;Sector2_Preferencia_Baja;4;2;Libre
5613;Sector2_Preferencia_Baja;4;3;Libre
5614;Sector2_Preferencia_Baja;4;4;Libre
5615;Sector2_Preferencia_Baja;4;5;Libre
5616;Sector2_Preferencia_Baja;4;6;Libre
5617;Sector2_Preferencia_Baja;4;7;Libre
5618;Sector2_Preferencia_Baja;4;8;Libre
5619;Sector2_Preferencia_Baja;4;9;Libre
5620;Sector2_Preferencia_Baja;4;10;Libre
5621;Sector2_Preferencia_Baja;4;11;Libre
5622;Sector2_Preferencia_Baja;4;12;Libre
5623;Sector2_Preferencia_Baja;4;13;Libre
5624;Sector2_Preferencia_Baja;4;14;Libre
5625;Sector2_Preferencia_Baja;4;15;Libre
5626;Sector2_Preferencia_Baja;4;16;Libre
5627;Sector2_Preferencia_Baja;4;17;Libre
5628;Sector2_Preferencia_Baja;4;18;Libre
5629;Sector2_Preferencia_Baja;4;19;Libre
5630;Sector2_Preferencia_Baja;4;20;Libre
5631;Sector2_Preferencia_Baja;3;1;Libre
5632;Sector2_Preferencia_Baja;3;2;Libre
5633;Sector2_Preferencia_Baja;3;3;Libre
5634;Sector2_Preferencia_Baja;3;4;Libre
5635;Sector2_Preferencia_Baja;3;5;Libre
5636;Sector2_Preferencia_Baja;3;6;Libre
5637;Sector2_Preferencia_Baja;3;7;Libre
5638;Sector2_Preferencia_Baja;3;8;Libre
5639;Sector2_Preferencia_Baja;3;9;Libre
5640;Sector2_Preferencia_Baja;3;10;Libre
5641;Sector2_Preferencia_Baja;3;11;Libre
5642;Sector2_Preferencia_Baja;3;12;Libre
5643;Sector2_Preferencia_Baja;3;13;Libre
5644;Sector2_Preferencia_Baja;3;14;Libre
5645;Sector2_Preferencia_Baja;3;15;Libre
5646;Sector2_Preferencia_Baja;3;16;Libre
5647;Sector2_Preferencia_Baja;3;17;Libre
5648;Sector2_Preferencia_Baja;3;18;Libre
5649;Sector2_Preferencia_Baja;3;19;Libre
5650;Sector2_Preferencia_Baja;3;20;Libre
5651;Sector2_Preferencia_Baja;2;1;Libre
5652;Sector2_Preferencia_Baja;2;2;Libre
5653;Sector2_Preferencia_Baja;2;3;Libre
5654;Sector2_Preferencia_Baja;2;4;Libre
5655;Sector2_Preferencia_Baja;2;5;Libre
5656;Sector2_Preferencia_Baja;2;6;Libre
5657;Sector2_Preferencia_Baja;2;7;Libre
5658;Sector2_Preferencia_Baja;2;8;Libre
5659;Sector2_Preferencia_Baja;2;9;Libre
5660;Sector2_Preferencia_Baja;2;10;Libre
5661;Sector2_Preferencia_Baja;2;11;Libre
5662;Sector2_Preferencia_Baja;2;12;Libre
5663;Sector2_Preferencia_Baja;2;13;Libre
5664;Sector2_Preferencia_Baja;2;14;Libre
5665;Sector2_Preferencia_Baja;2;15;Libre
5666;Sector2_Preferencia_Baja;2;16;Libre
5667;Sector2_Preferencia_Baja;2;17;Libre
5668;Sector2_Preferencia_Baja;2;18;Libre
5669;Sector2_Preferencia_Baja;2;19;Libre
5670;Sector2_Preferencia_Baja;2;20;Libre
5671;Sector2_Preferencia_Baja;1;1;Libre
5672;Sector2_Preferencia_Baja;1;2;Libre
5673;Sector2_Preferencia_Baja;1;3;Libre
5674;Sector2_Preferencia_Baja;1;4;Libre
5675;Sector2_Preferencia_Baja;1;5;Libre
5676;Sector2_Preferencia_Baja;1;6;Libre
5677;Sector2_Preferencia_Baja;1;7;Libre
5678;Sector2_Preferencia_Baja;1;8;Libre
5679;Sector2_Preferencia_Baja;1;9;Libre
5680;Sector2_Preferencia_Baja;1;10;Libre
5681;Sector2_Preferencia_Baja;1;11;Libre
5682;Sector2_Preferencia_Baja;1;12;Libre
5683;Sector2_Preferencia_Baja;1;13;Libre
5684;Sector2_Preferencia_Baja;1;14;Libre
5685;Sector2_Preferencia_Baja;1;15;Libre
5686;Sector2_Preferencia_Baja;1;16;Libre
5687;Sector2_Preferencia_Baja;1;17;Libre
5688;Sector2_Preferencia_Baja;1;18;Libre
5689;Sector2_Preferencia_Baja;1;19;Libre
5690;Sector2_Preferencia_Baja;1;20;Libre
5691;Sector3_Preferencia_Baja;8;1;Libre
5692;Sector3_Preferencia_Baja;8;2;Libre
5693;Sector3_Preferencia_Baja;8;3;Libre
5694;Sector3_Preferencia_Baja;8;4;Libre
5695;Sector3_Preferencia_Baja;8;5;Libre
5696;Sector3_Preferencia_Baja;8;6;Libre
5697;Sector3_Preferencia_Baja;8;7;Libre
5698;Sector3_Preferencia_Baja;8;8;Libre
5699;Sector3_Preferencia_Baja;8;9;Libre
5700;Sector3_Preferencia_Baja;8;10;Libre
5701;Sector3_Preferencia_Baja;8;11;Libre
5702;Sector3_Preferencia_Baja;8;12;Libre
5703;Sector3_Preferencia_Baja;8;13;Libre
5704;Sector3_Preferencia_Baja;8;14;Libre
5705;Sector3_Preferencia_Baja;8;15;Libre
5706;Sector3_Preferencia_Baja;8;16;Libre
5707;Sector3_Preferencia_Baja;8;17;Libre
5708;Sector3_Preferencia_Baja;8;18;Libre
5709;Sector3_Preferencia_Baja;8;19;Libre
5710;Sector3_Preferencia_Baja;8;20;Libre
5711;Sector3_Preferencia_Baja;7;1;Libre
5712;Sector3_Preferencia_Baja;7;2;Libre
5713;Sector3_Preferencia_Baja;7;3;Libre
5714;Sector3_Preferencia_Baja;7;4;Libre
5715;Sector3_Preferencia_Baja;7;5;Libre
5716;Sector3_Preferencia_Baja;7;6;Libre
5717;Sector3_Preferencia_Baja;7;7;Libre
5718;Sector3_Preferencia_Baja;7;8;Libre
5719;Sector3_Preferencia_Baja;7;9;Libre
5720;Sector3_Preferencia_Baja;7;10;Libre
5721;Sector3_Preferencia_Baja;7;11;Libre
5722;Sector3_Preferencia_Baja;7;12;Libre
5723;Sector3_Preferencia_Baja;7;13;Libre
5724;Sector3_Preferencia_Baja;7;14;Libre
5725;Sector3_Preferencia_Baja;7;15;Libre
5726;Sector3_Preferencia_Baja;7;16;Libre
5727;Sector3_Preferencia_Baja;7;17;Libre
5728;Sector3_Preferencia_Baja;7;18;Libre
5729;Sector3_Preferencia_Baja;7;19;Libre
5730;Sector3_Preferencia_Baja;7;20;Libre
5731;Sector3_Preferencia_Baja;6;1;Libre
5732;Sector3_Preferencia_Baja;6;2;Libre
5733;Sector3_Preferencia_Baja;6;3;Libre
5734;Sector3_Preferencia_Baja;6;4;Libre
5735;Sector3_Preferencia_Baja;6;5;Libre
5736;Sector3_Preferencia_Baja;6;6;Libre
5737;Sector3_Preferencia_Baja;6;7;Libre
5738;Sector3_Preferencia_Baja;6;8;Libre
5739;Sector3_Preferencia_Baja;6;9;Libre
5740;Sector3_Preferencia_Baja;6;10;Libre
5741;Sector3_Preferencia_Baja;6;11;Libre
5742;Sector3_Preferencia_Baja;6;12;Libre
5743;Sector3_Preferencia_Baja;6;13;Libre
5744;Sector3_Preferencia_Baja;6;14;Libre
5745;Sector3_Preferencia_Baja;6;15;Libre
5746;Sector3_Preferencia_Baja;6;16;Libre
5747;Sector3_Preferencia_Baja;6;17;Libre
5748;Sector3_Preferencia_Baja;6;18;Libre
5749;Sector3_Preferencia_Baja;6;19;Libre
5750;Sector3_Preferencia_Baja;6;20;Libre
5751;Sector3_Preferencia_Baja;5;1;Libre
5752;Sector3_Preferencia_Baja;5;2;Libre
5753;Sector3_Preferencia_Baja;5;3;Libre
5754;Sector3_Preferencia_Baja;5;4;Libre
5755;Sector3_Preferencia_Baja;5;5;Libre
5756;Sector3_Preferencia_Baja;5;6;Libre
5757;Sector3_Preferencia_Baja;5;7;Libre
5758;Sector3_Preferencia_Baja;5;8;Libre
5759;Sector3_Preferencia_Baja;5;9;Libre
5760;Sector3_Preferencia_Baja;5;10;Libre
5761;Sector3_Preferencia_Baja;5;11;Libre
5762;Sector3_Preferencia_Baja;5;12;Libre
5763;Sector3_Preferencia_Baja;5;13;Libre
5764;Sector3_Preferencia_Baja;5;14;Libre
5765;Sector3_Preferencia_Baja;5;15;Libre
5766;Sector3_Preferencia_Baja;5;16;Libre
5767;Sector3_Preferencia_Baja;5;17;Libre
5768;Sector3_Preferencia_Baja;5;18;Libre
5769;Sector3_Preferencia_Baja;5;19;Libre
5770;Sector3_Preferencia_Baja;5;20;Libre
5771;Sector3_Preferencia_Baja;4;1;Libre
5772;Sector3_Preferencia_Baja;4;2;Libre
5773;Sector3_Preferencia_Baja;4;3;Libre
5774;Sector3_Preferencia_Baja;4;4;Libre
5775;Sector3_Preferencia_Baja;4;5;Libre
5776;Sector3_Preferencia_Baja;4;6;Libre
5777;Sector3_Preferencia_Baja;4;7;Libre
5778;Sector3_Preferencia_Baja;4;8;Libre
5779;Sector3_Preferencia_Baja;4;9;Libre
5780;Sector3_Preferencia_Baja;4;10;Libre
5781;Sector3_Preferencia_Baja;4;11;Libre
5782;Sector3_Preferencia_Baja;4;12;Libre
5783;Sector3_Preferencia_Baja;4;13;Libre
5784;Sector3_Preferencia_Baja;4;14;Libre
5785;Sector3_Preferencia_Baja;4;15;Libre
5786;Sector3_Preferencia_Baja;4;16;Libre
5787;Sector3_Preferencia_Baja;4;17;Libre
5788;Sector3_Preferencia_Baja;4;18;Libre
5789;Sector3_Preferencia_Baja;4;19;Libre
5790;Sector3_Preferencia_Baja;4;20;Libre
5791;Sector3_Preferencia_Baja;3;1;Libre
5792;Sector3_Preferencia_Baja;3;2;Libre
5793;Sector3_Preferencia_Baja;3;3;Libre
5794;Sector3_Preferencia_Baja;3;4;Libre
5795;Sector3_Preferencia_Baja;3;5;Libre
5796;Sector3_Preferencia_Baja;3;6;Libre
5797;Sector3_Preferencia_Baja;3;7;Libre
5798;Sector3_Preferencia_Baja;3;8;Libre
5799;Sector3_Preferencia_Baja;3;9;Libre
5800;Sector3_Preferencia_Baja;3;10;Libre
5801;Sector3_Preferencia_Baja;3;11;Libre
5802;Sector3_Preferencia_Baja;3;12;Libre
5803;Sector3_Preferencia_Baja;3;13;Libre
5804;Sector3_Preferencia_Baja;3;14;Libre
5805;Sector3_Preferencia_Baja;3;15;Libre
5806;Sector3_Preferencia_Baja;3;16;Libre
5807;Sector3_Preferencia_Baja;3;17;Libre
5808;Sector3_Preferencia_Baja;3;18;Libre
5809;Sector3_Preferencia_Baja;3;19;Libre
5810;Sector3_Preferencia_Baja;3;20;Libre
5811;Sector3_Preferencia_Baja;2;1;Libre
5812;Sector3_Preferencia_Baja;2;2;Libre
5813;Sector3_Preferencia_Baja;2;3;Libre
5814;Sector3_Preferencia_Baja;2;4;Libre
5815;Sector3_Preferencia_Baja;2;5;Libre
5816;Sector3_Preferencia_Baja;2;6;Libre
5817;Sector3_Preferencia_Baja;2;7;Libre
5818;Sector3_Preferencia_Baja;2;8;Libre
5819;Sector3_Preferencia_Baja;2;9;Libre
5820;Sector3_Preferencia_Baja;2;10;Libre
5821;Sector3_Preferencia_Baja;2;11;Libre
5822;Sector3_Preferencia_Baja;2;12;Libre
5823;Sector3_Preferencia_Baja;2;13;Libre
5824;Sector3_Preferencia_Baja;2;14;Libre
5825;Sector3_Preferencia_Baja;2;15;Libre
5826;Sector3_Preferencia_Baja;2;16;Libre
5827;Sector3_Preferencia_Baja;2;17;Libre
5828;Sector3_Preferencia_Baja;2;18;Libre
5829;Sector3_Preferencia_Baja;2;19;Libre
5830;Sector3_Preferencia_Baja;2;20;Libre
5831;Sector3_Preferencia_Baja;1;1;Libre
5832;Sector3_Preferencia_Baja;1;2;Libre
5833;Sector3_Preferencia_Baja;1;3;Libre
5834;Sector3_Preferencia_Baja;1;4;Libre
5835;Sector3_Preferencia_Baja;1;5;Libre
5836;Sector3_Preferencia_Baja;1;6;Libre
5837;Sector3_Preferencia_Baja;1;7;Libre
5838;Sector3_Preferencia_Baja;1;8;Libre
5839;Sector3_Preferencia_Baja;1;9;Libre
5840;Sector3_Preferencia_Baja;1;10;Libre
5841;Sector3_Preferencia_Baja;1;11;Libre
5842;Sector3_Preferencia_Baja;1;12;Libre
5843;Sector3_Preferencia_Baja;1;13;Libre
5844;Sector3_Preferencia_Baja;1;14;Libre
5845;Sector3_Preferencia_Baja;1;15;Libre
5846;Sector3_Preferencia_Baja;1;16;Libre
5847;Sector3_Preferencia_Baja;1;17;Libre
5848;Sector3_Preferencia_Baja;1;18;Libre
5849;Sector3_Preferencia_Baja;1;19;Libre
5850;Sector3_Preferencia_Baja;1;20;Libre
5851;Sector4_Preferencia_Baja;8;1;Libre
5852;Sector4_Preferencia_Baja;8;2;Libre
5853;Sector4_Preferencia_Baja;8;3;Libre
5854;Sector4_Preferencia_Baja;8;4;Libre
5855;Sector4_Preferencia_Baja;8;5;Libre
5856;Sector4_Preferencia_Baja;8;6;Libre
5857;Sector4_Preferencia_Baja;8;7;Libre
5858;Sector4_Preferencia_Baja;8;8;Libre
5859;Sector4_Preferencia_Baja;8;9;Libre
5860;Sector4_Preferencia_Baja;8;10;Libre
5861;Sector4_Preferencia_Baja;8;11;Libre
5862;Sector4_Preferencia_Baja;8;12;Libre
5863;Sector4_Preferencia_Baja;8;13;Libre
5864;Sector4_Preferencia_Baja;8;14;Libre
5865;Sector4_Preferencia_Baja;8;15;Libre
5866;Sector4_Preferencia_Baja;8;16;Libre
5867;Sector4_Preferencia_Baja;8;17;Libre
5868;Sector4_Preferencia_Baja;8;18;Libre
5869;Sector4_Preferencia_Baja;8;19;Libre
5870;Sector4_Preferencia_Baja;8;20;Libre
5871;Sector4_Preferencia_Baja;7;1;Libre
5872;Sector4_Preferencia_Baja;7;2;Libre
5873;Sector4_Preferencia_Baja;7;3;Libre
5874;Sector4_Preferencia_Baja;7;4;Libre
5875;Sector4_Preferencia_Baja;7;5;Libre
5876;Sector4_Preferencia_Baja;7;6;Libre
5877;Sector4_Preferencia_Baja;7;7;Libre
5878;Sector4_Preferencia_Baja;7;8;Libre
5879;Sector4_Preferencia_Baja;7;9;Libre
5880;Sector4_Preferencia_Baja;7;10;Libre
5881;Sector4_Preferencia_Baja;7;11;Libre
5882;Sector4_Preferencia_Baja;7;12;Libre
5883;Sector4_Preferencia_Baja;7;13;Libre
5884;Sector4_Preferencia_Baja;7;14;Libre
5885;Sector4_Preferencia_Baja;7;15;Libre
5886;Sector4_Preferencia_Baja;7;16;Libre
5887;Sector4_Preferencia_Baja;7;17;Libre
5888;Sector4_Preferencia_Baja;7;18;Libre
5889;Sector4_Preferencia_Baja;7;19;Libre
5890;Sector4_Preferencia_Baja;7;20;Libre
5891;Sector4_Preferencia_Baja;6;1;Libre
5892;Sector4_Preferencia_Baja;6;2;Libre
5893;Sector4_Preferencia_Baja;6;3;Libre
5894;Sector4_Preferencia_Baja;6;4;Libre
5895;Sector4_Preferencia_Baja;6;5;Libre
5896;Sector4_Preferencia_Baja;6;6;Libre
5897;Sector4_Preferencia_Baja;6;7;Libre
5898;Sector4_Preferencia_Baja;6;8;Libre
5899;Sector4_Preferencia_Baja;6;9;Libre
5900;Sector4_Preferencia_Baja;6;10;Libre
5901;Sector4_Preferencia_Baja;6;11;Libre
5902;Sector4_Preferencia_Baja;6;12;Libre
5903;Sector4_Preferencia_Baja;6;13;Libre
5904;Sector4_Preferencia_Baja;6;14;Libre
5905;Sector4_Preferencia_Baja;6;15;Libre
5906;Sector4_Preferencia_Baja;6;16;Libre
5907;Sector4_Preferencia_Baja;6;17;Libre
5908;Sector4_Preferencia_Baja;6;18;Libre
5909;Sector4_Preferencia_Baja;6;19;Libre
5910;Sector4_Preferencia_Baja;6;20;Libre
5911;Sector4_Preferencia_Baja;5;1;Libre
5912;Sector4_Preferencia_Baja;5;2;Libre
5913;Sector4_Preferencia_Baja;5;3;Libre
5914;Sector4_Preferencia_Baja;5;4;Libre
5915;Sector4_Preferencia_Baja;5;5;Libre
5916;Sector4_Preferencia_Baja;5;6;Libre
5917;Sector4_Preferencia_Baja;5;7;Libre
5918;Sector4_Preferencia_Baja;5;8;Libre
5919;Sector4_Preferencia_Baja;5;9;Libre
5920;Sector4_Preferencia_Baja;5;10;Libre
5921;Sector4_Preferencia_Baja;5;11;Libre
5922;Sector4_Preferencia_Baja;5;12;Libre
5923;Sector4_Preferencia_Baja;5;13;Libre
5924;Sector4_Preferencia_Baja;5;14;Libre
5925;Sector4_Preferencia_Baja;5;15;Libre
5926;Sector4_Preferencia_Baja;5;16;Libre
5927;Sector4_Preferencia_Baja;5;17;Libre
5928;Sector4_Preferencia_Baja;5;18;Libre
5929;Sector4_Preferencia_Baja;5;19;Libre
5930;Sector4_Preferencia_Baja;5;20;Libre
5931;Sector4_Preferencia_Baja;4;1;Libre
5932;Sector4_Preferencia_Baja;4;2;Libre
5933;Sector4_Preferencia_Baja;4;3;Libre
5934;Sector4_Preferencia_Baja;4;4;Libre
5935;Sector4_Preferencia_Baja;4;5;Libre
5936;Sector4_Preferencia_Baja;4;6;Libre
5937;Sector4_Preferencia_Baja;4;7;Libre
5938;Sector4_Preferencia_Baja;4;8;Libre
5939;Sector4_Preferencia_Baja;4;9;Libre
5940;Sector4_Preferencia_Baja;4;10;Libre
5941;Sector4_Preferencia_Baja;4;11;Libre
5942;Sector4_Preferencia_Baja;4;12;Libre
5943;Sector4_Preferencia_Baja;4;13;Libre
5944;Sector4_Preferencia_Baja;4;14;Libre
5945;Sector4_Preferencia_Baja;4;15;Libre
5946;Sector4_Preferencia_Baja;4;16;Libre
5947;Sector4_Preferencia_Baja;4;17;Libre
5948;Sector4_Preferencia_Baja;4;18;Libre
5949;Sector4_Preferencia_Baja;4;19;Libre
5950;Sector4_Preferencia_Baja;4;20;Libre
5951;Sector4_Preferencia_Baja;3;1;Libre
5952;Sector4_Preferencia_Baja;3;2;Libre
5953;Sector4_Preferencia_Baja;3;3;Libre
5954;Sector4_Preferencia_Baja;3;4;Libre
5955;Sector4_Preferencia_Baja;3;5;Libre
5956;Sector4_Preferencia_Baja;3;6;Libre
5957;Sector4_Preferencia_Baja;3;7;Libre
5958;Sector4_Preferencia_Baja;3;8;Libre
5959;Sector4_Preferencia_Baja;3;9;Libre
5960;Sector4_Preferencia_Baja;3;10;Libre
5961;Sector4_Preferencia_Baja;3;11;Libre
5962;Sector4_Preferencia_Baja;3;12;Libre
5963;Sector4_Preferencia_Baja;3;13;Libre
5964;Sector4_Preferencia_Baja;3;14;Libre
5965;Sector4_Preferencia_Baja;3;15;Libre
5966;Sector4_Preferencia_Baja;3;16;Libre
5967;Sector4_Preferencia_Baja;3;17;Libre
5968;Sector4_Preferencia_Baja;3;18;Libre
5969;Sector4_Preferencia_Baja;3;19;Libre
5970;Sector4_Preferencia_Baja;3;20;Libre
5971;Sector4_Preferencia_Baja;2;1;Libre
5972;Sector4_Preferencia_Baja;2;2;Libre
5973;Sector4_Preferencia_Baja;2;3;Libre
5974;Sector4_Preferencia_Baja;2;4;Libre
5975;Sector4_Preferencia_Baja;2;5;Libre
5976;Sector4_Preferencia_Baja;2;6;Libre
5977;Sector4_Preferencia_Baja;2;7;Libre
5978;Sector4_Preferencia_Baja;2;8;Libre
5979;Sector4_Preferencia_Baja;2;9;Libre
5980;Sector4_Preferencia_Baja;2;10;Libre
5981;Sector4_Preferencia_Baja;2;11;Libre
5982;Sector4_Preferencia_Baja;2;12;Libre
5983;Sector4_Preferencia_Baja;2;13;Libre
5984;Sector4_Preferencia_Baja;2;14;Libre
5985;Sector4_Preferencia_Baja;2;15;Libre
5986;Sector4_Preferencia_Baja;2;16;Libre
5987;Sector4_Preferencia_Baja;2;17;Libre
5988;Sector4_Preferencia_Baja;2;18;Libre
5989;Sector4_Preferencia_Baja;2;19;Libre
5990;Sector4_Preferencia_Baja;2;20;Libre
5991;Sector4_Preferencia_Baja;1;1;Libre
5992;Sector4_Preferencia_Baja;1;2;Libre
5993;Sector4_Preferencia_Baja;1;3;Libre
5994;Sector4_Preferencia_Baja;1;4;Libre
5995;Sector4_Preferencia_Baja;1;5;Libre
5996;Sector4_Preferencia_Baja;1;6;Libre
5997;Sector4_Preferencia_Baja;1;7;Libre
5998;Sector4_Preferencia_Baja;1;8;Libre
5999;Sector4_Preferencia_Baja;1;9;Libre
6000;Sector4_Preferencia_Baja;1;10;Libre
6001;Sector4_Preferencia_Baja;1;11;Libre
6002;Sector4_Preferencia_Baja;1;12;Libre
6003;Sector4_Preferencia_Baja;1;13;Libre
6004;Sector4_Preferencia_Baja;1;14;Libre
6005;Sector4_Preferencia_Baja;1;15;Libre
6006;Sector4_Preferencia_Baja;1;16;Libre
6007;Sector4_Preferencia_Baja;1;17;Libre
6008;Sector4_Preferencia_Baja;1;18;Libre
6009;Sector4_Preferencia_Baja;1;19;Libre
6010;Sector4_Preferencia_Baja;1;20;Libre
6011;Sector5_Preferencia_Baja;8;1;Libre
6012;Sector5_Preferencia_Baja;8;2;Libre
6013;Sector5_Preferencia_Baja;8;3;Libre
6014;Sector5_Preferencia_Baja;8;4;Libre
6015;Sector5_Preferencia_Baja;8;5;Libre
6016;Sector5_Preferencia_Baja;8;6;Libre
6017;Sector5_Preferencia_Baja;8;7;Libre
6018;Sector5_Preferencia_Baja;8;8;Libre
6019;Sector5_Preferencia_Baja;8;9;Libre
6020;Sector5_Preferencia_Baja;8;10;Libre
6021;Sector5_Preferencia_Baja;8;11;Libre
6022;Sector5_Preferencia_Baja;8;12;Libre
6023;Sector5_Preferencia_Baja;8;13;Libre
6024;Sector5_Preferencia_Baja;8;14;Libre
6025;Sector5_Preferencia_Baja;8;15;Libre
6026;Sector5_Preferencia_Baja;8;16;Libre
6027;Sector5_Preferencia_Baja;8;17;Libre
6028;Sector5_Preferencia_Baja;8;18;Libre
6029;Sector5_Preferencia_Baja;8;19;Libre
6030;Sector5_Preferencia_Baja;8;20;Libre
6031;Sector5_Preferencia_Baja;7;1;Libre
6032;Sector5_Preferencia_Baja;7;2;Libre
6033;Sector5_Preferencia_Baja;7;3;Libre
6034;Sector5_Preferencia_Baja;7;4;Libre
6035;Sector5_Preferencia_Baja;7;5;Libre
6036;Sector5_Preferencia_Baja;7;6;Libre
6037;Sector5_Preferencia_Baja;7;7;Libre
6038;Sector5_Preferencia_Baja;7;8;Libre
6039;Sector5_Preferencia_Baja;7;9;Libre
6040;Sector5_Preferencia_Baja;7;10;Libre
6041;Sector5_Preferencia_Baja;7;11;Libre
6042;Sector5_Preferencia_Baja;7;12;Libre
6043;Sector5_Preferencia_Baja;7;13;Libre
6044;Sector5_Preferencia_Baja;7;14;Libre
6045;Sector5_Preferencia_Baja;7;15;Libre
6046;Sector5_Preferencia_Baja;7;16;Libre
6047;Sector5_Preferencia_Baja;7;17;Libre
6048;Sector5_Preferencia_Baja;7;18;Libre
6049;Sector5_Preferencia_Baja;7;19;Libre
6050;Sector5_Preferencia_Baja;7;20;Libre
6051;Sector5_Preferencia_Baja;6;1;Libre
6052;Sector5_Preferencia_Baja;6;2;Libre
6053;Sector5_Preferencia_Baja;6;3;Libre
6054;Sector5_Preferencia_Baja;6;4;Libre
6055;Sector5_Preferencia_Baja;6;5;Libre
6056;Sector5_Preferencia_Baja;6;6;Libre
6057;Sector5_Preferencia_Baja;6;7;Libre
6058;Sector5_Preferencia_Baja;6;8;Libre
6059;Sector5_Preferencia_Baja;6;9;Libre
6060;Sector5_Preferencia_Baja;6;10;Libre
6061;Sector5_Preferencia_Baja;6;11;Libre
6062;Sector5_Preferencia_Baja;6;12;Libre
6063;Sector5_Preferencia_Baja;6;13;Libre
6064;Sector5_Preferencia_Baja;6;14;Libre
6065;Sector5_Preferencia_Baja;6;15;Libre
6066;Sector5_Preferencia_Baja;6;16;Libre
6067;Sector5_Preferencia_Baja;6;17;Libre
6068;Sector5_Preferencia_Baja;6;18;Libre
6069;Sector5_Preferencia_Baja;6;19;Libre
6070;Sector5_Preferencia_Baja;6;20;Libre
6071;Sector5_Preferencia_Baja;5;1;Libre
6072;Sector5_Preferencia_Baja;5;2;Libre
6073;Sector5_Preferencia_Baja;5;3;Libre
6074;Sector5_Preferencia_Baja;5;4;Libre
6075;Sector5_Preferencia_Baja;5;5;Libre
6076;Sector5_Preferencia_Baja;5;6;Libre
6077;Sector5_Preferencia_Baja;5;7;Libre
6078;Sector5_Preferencia_Baja;5;8;Libre
6079;Sector5_Preferencia_Baja;5;9;Libre
6080;Sector5_Preferencia_Baja;5;10;Libre
6081;Sector5_Preferencia_Baja;5;11;Libre
6082;Sector5_Preferencia_Baja;5;12;Libre
6083;Sector5_Preferencia_Baja;5;13;Libre
6084;Sector5_Preferencia_Baja;5;14;Libre
6085;Sector5_Preferencia_Baja;5;15;Libre
6086;Sector5_Preferencia_Baja;5;16;Libre
6087;Sector5_Preferencia_Baja;5;17;Libre
6088;Sector5_Preferencia_Baja;5;18;Libre
6089;Sector5_Preferencia_Baja;5;19;Libre
6090;Sector5_Preferencia_Baja;5;20;Libre
6091;Sector5_Preferencia_Baja;4;1;Libre
6092;Sector5_Preferencia_Baja;4;2;Libre
6093;Sector5_Preferencia_Baja;4;3;Libre
6094;Sector5_Preferencia_Baja;4;4;Libre
6095;Sector5_Preferencia_Baja;4;5;Libre
6096;Sector5_Preferencia_Baja;4;6;Libre
6097;Sector5_Preferencia_Baja;4;7;Libre
6098;Sector5_Preferencia_Baja;4;8;Libre
6099;Sector5_Preferencia_Baja;4;9;Libre
6100;Sector5_Preferencia_Baja;4;10;Libre
6101;Sector5_Preferencia_Baja;4;11;Libre
6102;Sector5_Preferencia_Baja;4;12;Libre
6103;Sector5_Preferencia_Baja;4;13;Libre
6104;Sector5_Preferencia_Baja;4;14;Libre
6105;Sector5_Preferencia_Baja;4;15;Libre
6106;Sector5_Preferencia_Baja;4;16;Libre
6107;Sector5_Preferencia_Baja;4;17;Libre
6108;Sector5_Preferencia_Baja;4;18;Libre
6109;Sector5_Preferencia_Baja;4;19;Libre
6110;Sector5_Preferencia_Baja;4;20;Libre
6111;Sector5_Preferencia_Baja;3;1;Libre
6112;Sector5_Preferencia_Baja;3;2;Libre
6113;Sector5_Preferencia_Baja;3;3;Libre
6114;Sector5_Preferencia_Baja;3;4;Libre
6115;Sector5_Preferencia_Baja;3;5;Libre
6116;Sector5_Preferencia_Baja;3;6;Libre
6117;Sector5_Preferencia_Baja;3;7;Libre
6118;Sector5_Preferencia_Baja;3;8;Libre
6119;Sector5_Preferencia_Baja;3;9;Libre
6120;Sector5_Preferencia_Baja;3;10;Libre
6121;Sector5_Preferencia_Baja;3;11;Libre
6122;Sector5_Preferencia_Baja;3;12;Libre
6123;Sector5_Preferencia_Baja;3;13;Libre
6124;Sector5_Preferencia_Baja;3;14;Libre
6125;Sector5_Preferencia_Baja;3;15;Libre
6126;Sector5_Preferencia_Baja;3;16;Libre
6127;Sector5_Preferencia_Baja;3;17;Libre
6128;Sector5_Preferencia_Baja;3;18;Libre
6129;Sector5_Preferencia_Baja;3;19;Libre
6130;Sector5_Preferencia_Baja;3;20;Libre
6131;Sector5_Preferencia_Baja;2;1;Libre
6132;Sector5_Preferencia_Baja;2;2;Libre
6133;Sector5_Preferencia_Baja;2;3;Libre
6134;Sector5_Preferencia_Baja;2;4;Libre
6135;Sector5_Preferencia_Baja;2;5;Libre
6136;Sector5_Preferencia_Baja;2;6;Libre
6137;Sector5_Preferencia_Baja;2;7;Libre
6138;Sector5_Preferencia_Baja;2;8;Libre
6139;Sector5_Preferencia_Baja;2;9;Libre
6140;Sector5_Preferencia_Baja;2;10;Libre
6141;Sector5_Preferencia_Baja;2;11;Libre
6142;Sector5_Preferencia_Baja;2;12;Libre
6143;Sector5_Preferencia_Baja;2;13;Libre
6144;Sector5_Preferencia_Baja;2;14;Libre
6145;Sector5_Preferencia_Baja;2;15;Libre
6146;Sector5_Preferencia_Baja;2;16;Libre
6147;Sector5_Preferencia_Baja;2;17;Libre
6148;Sector5_Preferencia_Baja;2;18;Libre
6149;Sector5_Preferencia_Baja;2;19;Libre
6150;Sector5_Preferencia_Baja;2;20;Libre
6151;Sector5_Preferencia_Baja;1;1;Libre
6152;Sector5_Preferencia_Baja;1;2;Libre
6153;Sector5_Preferencia_Baja;1;3;Libre
6154;Sector5_Preferencia_Baja;1;4;Libre
6155;Sector5_Preferencia_Baja;1;5;Libre
6156;Sector5_Preferencia_Baja;1;6;Libre
6157;Sector5_Preferencia_Baja;1;7;Libre
6158;Sector5_Preferencia_Baja;1;8;Libre
6159;Sector5_Preferencia_Baja;1;9;Libre
6160;Sector5_Preferencia_Baja;1;10;Libre
6161;Sector5_Preferencia_Baja;1;11;Libre
6162;Sector5_Preferencia_Baja;1;12;Libre
6163;Sector5_Preferencia_Baja;1;13;Libre
6164;Sector5_Preferencia_Baja;1;14;Libre
6165;Sector5_Preferencia_Baja;1;15;Libre
6166;Sector5_Preferencia_Baja;1;16;Libre
6167;Sector5_Preferencia_Baja;1;17;Libre
6168;Sector5_Preferencia_Baja;1;18;Libre
6169;Sector5_Preferencia_Baja;1;19;Libre
6170;Sector5_Preferencia_Baja;1;20;Libre
6171;Sector6_Preferencia_Baja;8;1;Libre
6172;Sector6_Preferencia_Baja;8;2;Libre
6173;Sector6_Preferencia_Baja;8;3;Libre
6174;Sector6_Preferencia_Baja;8;4;Libre
6175;Sector6_Preferencia_Baja;8;5;Libre
6176;Sector6_Preferencia_Baja;8;6;Libre
6177;Sector6_Preferencia_Baja;8;7;Libre
6178;Sector6_Preferencia_Baja;8;8;Libre
6179;Sector6_Preferencia_Baja;8;9;Libre
6180;Sector6_Preferencia_Baja;8;10;Libre
6181;Sector6_Preferencia_Baja;8;11;Libre
6182;Sector6_Preferencia_Baja;8;12;Libre
6183;Sector6_Preferencia_Baja;8;13;Libre
6184;Sector6_Preferencia_Baja;8;14;Libre
6185;Sector6_Preferencia_Baja;8;15;Libre
6186;Sector6_Preferencia_Baja;8;16;Libre
6187;Sector6_Preferencia_Baja;8;17;Libre
6188;Sector6_Preferencia_Baja;8;18;Libre
6189;Sector6_Preferencia_Baja;8;19;Libre
6190;Sector6_Preferencia_Baja;8;20;Libre
6191;Sector6_Preferencia_Baja;7;1;Libre
6192;Sector6_Preferencia_Baja;7;2;Libre
6193;Sector6_Preferencia_Baja;7;3;Libre
6194;Sector6_Preferencia_Baja;7;4;Libre
6195;Sector6_Preferencia_Baja;7;5;Libre
6196;Sector6_Preferencia_Baja;7;6;Libre
6197;Sector6_Preferencia_Baja;7;7;Libre
6198;Sector6_Preferencia_Baja;7;8;Libre
6199;Sector6_Preferencia_Baja;7;9;Libre
6200;Sector6_Preferencia_Baja;7;10;Libre
6201;Sector6_Preferencia_Baja;7;11;Libre
6202;Sector6_Preferencia_Baja;7;12;Libre
6203;Sector6_Preferencia_Baja;7;13;Libre
6204;Sector6_Preferencia_Baja;7;14;Libre
6205;Sector6_Preferencia_Baja;7;15;Libre
6206;Sector6_Preferencia_Baja;7;16;Libre
6207;Sector6_Preferencia_Baja;7;17;Libre
6208;Sector6_Preferencia_Baja;7;18;Libre
6209;Sector6_Preferencia_Baja;7;19;Libre
6210;Sector6_Preferencia_Baja;7;20;Libre
6211;Sector6_Preferencia_Baja;6;1;Libre
6212;Sector6_Preferencia_Baja;6;2;Libre
6213;Sector6_Preferencia_Baja;6;3;Libre
6214;Sector6_Preferencia_Baja;6;4;Libre
6215;Sector6_Preferencia_Baja;6;5;Libre
6216;Sector6_Preferencia_Baja;6;6;Libre
6217;Sector6_Preferencia_Baja;6;7;Libre
6218;Sector6_Preferencia_Baja;6;8;Libre
6219;Sector6_Preferencia_Baja;6;9;Libre
6220;Sector6_Preferencia_Baja;6;10;Libre
6221;Sector6_Preferencia_Baja;6;11;Libre
6222;Sector6_Preferencia_Baja;6;12;Libre
6223;Sector6_Preferencia_Baja;6;13;Libre
6224;Sector6_Preferencia_Baja;6;14;Libre
6225;Sector6_Preferencia_Baja;6;15;Libre
6226;Sector6_Preferencia_Baja;6;16;Libre
6227;Sector6_Preferencia_Baja;6;17;Libre
6228;Sector6_Preferencia_Baja;6;18;Libre
6229;Sector6_Preferencia_Baja;6;19;Libre
6230;Sector6_Preferencia_Baja;6;20;Libre
6231;Sector6_Preferencia_Baja;5;1;Libre
6232;Sector6_Preferencia_Baja;5;2;Libre
6233;Sector6_Preferencia_Baja;5;3;Libre
6234;Sector6_Preferencia_Baja;5;4;Libre
6235;Sector6_Preferencia_Baja;5;5;Libre
6236;Sector6_Preferencia_Baja;5;6;Libre
6237;Sector6_Preferencia_Baja;5;7;Libre
6238;Sector6_Preferencia_Baja;5;8;Libre
6239;Sector6_Preferencia_Baja;5;9;Libre
6240;Sector6_Preferencia_Baja;5;10;Libre
6241;Sector6_Preferencia_Baja;5;11;Libre
6242;Sector6_Preferencia_Baja;5;12;Libre
6243;Sector6_Preferencia_Baja;5;13;Libre
6244;Sector6_Preferencia_Baja;5;14;Libre
6245;Sector6_Preferencia_Baja;5;15;Libre
6246;Sector6_Preferencia_Baja;5;16;Libre
6247;Sector6_Preferencia_Baja;5;17;Libre
6248;Sector6_Preferencia_Baja;5;18;Libre
6249;Sector6_Preferencia_Baja;5;19;Libre
6250;Sector6_Preferencia_Baja;5;20;Libre
6251;Sector6_Preferencia_Baja;4;1;Libre
6252;Sector6_Preferencia_Baja;4;2;Libre
6253;Sector6_Preferencia_Baja;4;3;Libre
6254;Sector6_Preferencia_Baja;4;4;Libre
6255;Sector6_Preferencia_Baja;4;5;Libre
6256;Sector6_Preferencia_Baja;4;6;Libre
6257;Sector6_Preferencia_Baja;4;7;Libre
6258;Sector6_Preferencia_Baja;4;8;Libre
6259;Sector6_Preferencia_Baja;4;9;Libre
6260;Sector6_Preferencia_Baja;4;10;Libre
6261;Sector6_Preferencia_Baja;4;11;Libre
6262;Sector6_Preferencia_Baja;4;12;Libre
6263;Sector6_Preferencia_Baja;4;13;Libre
6264;Sector6_Preferencia_Baja;4;14;Libre
6265;Sector6_Preferencia_Baja;4;15;Libre
6266;Sector6_Preferencia_Baja;4;16;Libre
6267;Sector6_Preferencia_Baja;4;17;Libre
6268;Sector6_Preferencia_Baja;4;18;Libre
6269;Sector6_Preferencia_Baja;4;19;Libre
6270;Sector6_Preferencia_Baja;4;20;Libre
6271;Sector6_Preferencia_Baja;3;1;Libre
6272;Sector6_Preferencia_Baja;3;2;Libre
6273;Sector6_Preferencia_Baja;3;3;Libre
6274;Sector6_Preferencia_Baja;3;4;Libre
6275;Sector6_Preferencia_Baja;3;5;Libre
6276;Sector6_Preferencia_Baja;3;6;Libre
6277;Sector6_Preferencia_Baja;3;7;Libre
6278;Sector6_Preferencia_Baja;3;8;Libre
6279;Sector6_Preferencia_Baja;3;9;Libre
6280;Sector6_Preferencia_Baja;3;10;Libre
6281;Sector6_Preferencia_Baja;3;11;Libre
6282;Sector6_Preferencia_Baja;3;12;Libre
6283;Sector6_Preferencia_Baja;3;13;Libre
6284;Sector6_Preferencia_Baja;3;14;Libre
6285;Sector6_Preferencia_Baja;3;15;Libre
6286;Sector6_Preferencia_Baja;3;16;Libre
6287;Sector6_Preferencia_Baja;3;17;Libre
6288;Sector6_Preferencia_Baja;3;18;Libre
6289;Sector6_Preferencia_Baja;3;19;Libre
6290;Sector6_Preferencia_Baja;3;20;Libre
6291;Sector6_Preferencia_Baja;2;1;Libre
6292;Sector6_Preferencia_Baja;2;2;Libre
6293;Sector6_Preferencia_Baja;2;3;Libre
6294;Sector6_Preferencia_Baja;2;4;Libre
6295;Sector6_Preferencia_Baja;2;5;Libre
6296;Sector6_Preferencia_Baja;2;6;Libre
6297;Sector6_Preferencia_Baja;2;7;Libre
6298;Sector6_Preferencia_Baja;2;8;Libre
6299;Sector6_Preferencia_Baja;2;9;Libre
6300;Sector6_Preferencia_Baja;2;10;Libre
6301;Sector6_Preferencia_Baja;2;11;Libre
6302;Sector6_Preferencia_Baja;2;12;Libre
6303;Sector6_Preferencia_Baja;2;13;Libre
6304;Sector6_Preferencia_Baja;2;14;Libre
6305;Sector6_Preferencia_Baja;2;15;Libre
6306;Sector6_Preferencia_Baja;2;16;Libre
6307;Sector6_Preferencia_Baja;2;17;Libre
6308;Sector6_Preferencia_Baja;2;18;Libre
6309;Sector6_Preferencia_Baja;2;19;Libre
6310;Sector6_Preferencia_Baja;2;20;Libre
6311;Sector6_Preferencia_Baja;1;1;Libre
6312;Sector6_Preferencia_Baja;1;2;Libre
6313;Sector6_Preferencia_Baja;1;3;Libre
6314;Sector6_Preferencia_Baja;1;4;Libre
6315;Sector6_Preferencia_Baja;1;5;Libre
6316;Sector6_Preferencia_Baja;1;6;Libre
6317;Sector6_Preferencia_Baja;1;7;Libre
6318;Sector6_Preferencia_Baja;1;8;Libre
6319;Sector6_Preferencia_Baja;1;9;Libre
6320;Sector6_Preferencia_Baja;1;10;Libre
6321;Sector6_Preferencia_Baja;1;11;Libre
6322;Sector6_Preferencia_Baja;1;12;Libre
6323;Sector6_Preferencia_Baja;1;13;Libre
6324;Sector6_Preferencia_Baja;1;14;Libre
6325;Sector6_Preferencia_Baja;1;15;Libre
6326;Sector6_Preferencia_Baja;1;16;Libre
6327;Sector6_Preferencia_Baja;1;17;Libre
6328;Sector6_Preferencia_Baja;1;18;Libre
6329;Sector6_Preferencia_Baja;1;19;Libre
6330;Sector6_Preferencia_Baja;1;20;Libre
6331;Sector7_Preferencia_Baja;8;1;Libre
6332;Sector7_Preferencia_Baja;8;2;Libre
6333;Sector7_Preferencia_Baja;8;3;Libre
6334;Sector7_Preferencia_Baja;8;4;Libre
6335;Sector7_Preferencia_Baja;8;5;Libre
6336;Sector7_Preferencia_Baja;8;6;Libre
6337;Sector7_Preferencia_Baja;8;7;Libre
6338;Sector7_Preferencia_Baja;8;8;Libre
6339;Sector7_Preferencia_Baja;8;9;Libre
6340;Sector7_Preferencia_Baja;8;10;Libre
6341;Sector7_Preferencia_Baja;8;11;Libre
6342;Sector7_Preferencia_Baja;8;12;Libre
6343;Sector7_Preferencia_Baja;8;13;Libre
6344;Sector7_Preferencia_Baja;8;14;Libre
6345;Sector7_Preferencia_Baja;8;15;Libre
6346;Sector7_Preferencia_Baja;8;16;Libre
6347;Sector7_Preferencia_Baja;8;17;Libre
6348;Sector7_Preferencia_Baja;8;18;Libre
6349;Sector7_Preferencia_Baja;8;19;Libre
6350;Sector7_Preferencia_Baja;8;20;Libre
6351;Sector7_Preferencia_Baja;7;1;Libre
6352;Sector7_Preferencia_Baja;7;2;Libre
6353;Sector7_Preferencia_Baja;7;3;Libre
6354;Sector7_Preferencia_Baja;7;4;Libre
6355;Sector7_Preferencia_Baja;7;5;Libre
6356;Sector7_Preferencia_Baja;7;6;Libre
6357;Sector7_Preferencia_Baja;7;7;Libre
6358;Sector7_Preferencia_Baja;7;8;Libre
6359;Sector7_Preferencia_Baja;7;9;Libre
6360;Sector7_Preferencia_Baja;7;10;Libre
6361;Sector7_Preferencia_Baja;7;11;Libre
6362;Sector7_Preferencia_Baja;7;12;Libre
6363;Sector7_Preferencia_Baja;7;13;Libre
6364;Sector7_Preferencia_Baja;7;14;Libre
6365;Sector7_Preferencia_Baja;7;15;Libre
6366;Sector7_Preferencia_Baja;7;16;Libre
6367;Sector7_Preferencia_Baja;7;17;Libre
6368;Sector7_Preferencia_Baja;7;18;Libre
6369;Sector7_Preferencia_Baja;7;19;Libre
6370;Sector7_Preferencia_Baja;7;20;Libre
6371;Sector7_Preferencia_Baja;6;1;Libre
6372;Sector7_Preferencia_Baja;6;2;Libre
6373;Sector7_Preferencia_Baja;6;3;Libre
6374;Sector7_Preferencia_Baja;6;4;Libre
6375;Sector7_Preferencia_Baja;6;5;Libre
6376;Sector7_Preferencia_Baja;6;6;Libre
6377;Sector7_Preferencia_Baja;6;7;Libre
6378;Sector7_Preferencia_Baja;6;8;Libre
6379;Sector7_Preferencia_Baja;6;9;Libre
6380;Sector7_Preferencia_Baja;6;10;Libre
6381;Sector7_Preferencia_Baja;6;11;Libre
6382;Sector7_Preferencia_Baja;6;12;Libre
6383;Sector7_Preferencia_Baja;6;13;Libre
6384;Sector7_Preferencia_Baja;6;14;Libre
6385;Sector7_Preferencia_Baja;6;15;Libre
6386;Sector7_Preferencia_Baja;6;16;Libre
6387;Sector7_Preferencia_Baja;6;17;Libre
6388;Sector7_Preferencia_Baja;6;18;Libre
6389;Sector7_Preferencia_Baja;6;19;Libre
6390;Sector7_Preferencia_Baja;6;20;Libre
6391;Sector7_Preferencia_Baja;5;1;Libre
6392;Sector7_Preferencia_Baja;5;2;Libre
6393;Sector7_Preferencia_Baja;5;3;Libre
6394;Sector7_Preferencia_Baja;5;4;Libre
6395;Sector7_Preferencia_Baja;5;5;Libre
6396;Sector7_Preferencia_Baja;5;6;Libre
6397;Sector7_Preferencia_Baja;5;7;Libre
6398;Sector7_Preferencia_Baja;5;8;Libre
6399;Sector7_Preferencia_Baja;5;9;Libre
6400;Sector7_Preferencia_Baja;5;10;Libre
6401;Sector7_Preferencia_Baja;5;11;Libre
6402;Sector7_Preferencia_Baja;5;12;Libre
6403;Sector7_Preferencia_Baja;5;13;Libre
6404;Sector7_Preferencia_Baja;5;14;Libre
6405;Sector7_Preferencia_Baja;5;15;Libre
6406;Sector7_Preferencia_Baja;5;16;Libre
6407;Sector7_Preferencia_Baja;5;17;Libre
6408;Sector7_Preferencia_Baja;5;18;Libre
6409;Sector7_Preferencia_Baja;5;19;Libre
6410;Sector7_Preferencia_Baja;5;20;Libre
6411;Sector7_Preferencia_Baja;4;1;Libre
6412;Sector7_Preferencia_Baja;4;2;Libre
6413;Sector7_Preferencia_Baja;4;3;Libre
6414;Sector7_Preferencia_Baja;4;4;Libre
6415;Sector7_Preferencia_Baja;4;5;Libre
6416;Sector7_Preferencia_Baja;4;6;Libre
6417;Sector7_Preferencia_Baja;4;7;Libre
6418;Sector7_Preferencia_Baja;4;8;Libre
6419;Sector7_Preferencia_Baja;4;9;Libre
6420;Sector7_Preferencia_Baja;4;10;Libre
6421;Sector7_Preferencia_Baja;4;11;Libre
6422;Sector7_Preferencia_Baja;4;12;Libre
6423;Sector7_Preferencia_Baja;4;13;Libre
6424;Sector7_Preferencia_Baja;4;14;Libre
6425;Sector7_Preferencia_Baja;4;15;Libre
6426;Sector7_Preferencia_Baja;4;16;Libre
6427;Sector7_Preferencia_Baja;4;17;Libre
6428;Sector7_Preferencia_Baja;4;18;Libre
6429;Sector7_Preferencia_Baja;4;19;Libre
6430;Sector7_Preferencia_Baja;4;20;Libre
6431;Sector7_Preferencia_Baja;3;1;Libre
6432;Sector7_Preferencia_Baja;3;2;Libre
6433;Sector7_Preferencia_Baja;3;3;Libre
6434;Sector7_Preferencia_Baja;3;4;Libre
6435;Sector7_Preferencia_Baja;3;5;Libre
6436;Sector7_Preferencia_Baja;3;6;Libre
6437;Sector7_Preferencia_Baja;3;7;Libre
6438;Sector7_Preferencia_Baja;3;8;Libre
6439;Sector7_Preferencia_Baja;3;9;Libre
6440;Sector7_Preferencia_Baja;3;10;Libre
6441;Sector7_Preferencia_Baja;3;11;Libre
6442;Sector7_Preferencia_Baja;3;12;Libre
6443;Sector7_Preferencia_Baja;3;13;Libre
6444;Sector7_Preferencia_Baja;3;14;Libre
6445;Sector7_Preferencia_Baja;3;15;Libre
6446;Sector7_Preferencia_Baja;3;16;Libre
6447;Sector7_Preferencia_Baja;3;17;Libre
6448;Sector7_Preferencia_Baja;3;18;Libre
6449;Sector7_Preferencia_Baja;3;19;Libre
6450;Sector7_Preferencia_Baja;3;20;Libre
6451;Sector7_Preferencia_Baja;2;1;Libre
6452;Sector7_Preferencia_Baja;2;2;Libre
6453;Sector7_Preferencia_Baja;2;3;Libre
6454;Sector7_Preferencia_Baja;2;4;Libre
6455;Sector7_Preferencia_Baja;2;5;Libre
6456;Sector7_Preferencia_Baja;2;6;Libre
6457;Sector7_Preferencia_Baja;2;7;Libre
6458;Sector7_Preferencia_Baja;2;8;Libre
6459;Sector7_Preferencia_Baja;2;9;Libre
6460;Sector7_Preferencia_Baja;2;10;Libre
6461;Sector7_Preferencia_Baja;2;11;Libre
6462;Sector7_Preferencia_Baja;2;12;Libre
6463;Sector7_Preferencia_Baja;2;13;Libre
6464;Sector7_Preferencia_Baja;2;14;Libre
6465;Sector7_Preferencia_Baja;2;15;Libre
6466;Sector7_Preferencia_Baja;2;16;Libre
6467;Sector7_Preferencia_Baja;2;17;Libre
6468;Sector7_Preferencia_Baja;2;18;Libre
6469;Sector7_Preferencia_Baja;2;19;Libre
6470;Sector7_Preferencia_Baja;2;20;Libre
6471;Sector7_Preferencia_Baja;1;1;Libre
6472;Sector7_Preferencia_Baja;1;2;Libre
6473;Sector7_Preferencia_Baja;1;3;Libre
6474;Sector7_Preferencia_Baja;1;4;Libre
6475;Sector7_Preferencia_Baja;1;5;Libre
6476;Sector7_Preferencia_Baja;1;6;Libre
6477;Sector7_Preferencia_Baja;1;7;Libre
6478;Sector7_Preferencia_Baja;1;8;Libre
6479;Sector7_Preferencia_Baja;1;9;Libre
6480;Sector7_Preferencia_Baja;1;10;Libre
6481;Sector7_Preferencia_Baja;1;11;Libre
6482;Sector7_Preferencia_Baja;1;12;Libre
6483;Sector7_Preferencia_Baja;1;13;Libre
6484;Sector7_Preferencia_Baja;1;14;Libre
6485;Sector7_Preferencia_Baja;1;15;Libre
6486;Sector7_Preferencia_Baja;1;16;Libre
6487;Sector7_Preferencia_Baja;1;17;Libre
6488;Sector7_Preferencia_Baja;1;18;Libre
6489;Sector7_Preferencia_Baja;1;19;Libre
6490;Sector7_Preferencia_Baja;1;20;Libre
6491;Sector8_Preferencia_Baja;8;1;Libre
6492;Sector8_Preferencia_Baja;8;2;Libre
6493;Sector8_Preferencia_Baja;8;3;Libre
6494;Sector8_Preferencia_Baja;8;4;Libre
6495;Sector8_Preferencia_Baja;8;5;Libre
6496;Sector8_Preferencia_Baja;8;6;Libre
6497;Sector8_Preferencia_Baja;8;7;Libre
6498;Sector8_Preferencia_Baja;8;8;Libre
6499;Sector8_Preferencia_Baja;8;9;Libre
6500;Sector8_Preferencia_Baja;8;10;Libre
6501;Sector8_Preferencia_Baja;8;11;Libre
6502;Sector8_Preferencia_Baja;8;12;Libre
6503;Sector8_Preferencia_Baja;8;13;Libre
6504;Sector8_Preferencia_Baja;8;14;Libre
6505;Sector8_Preferencia_Baja;8;15;Libre
6506;Sector8_Preferencia_Baja;8;16;Libre
6507;Sector8_Preferencia_Baja;8;17;Libre
6508;Sector8_Preferencia_Baja;8;18;Libre
6509;Sector8_Preferencia_Baja;8;19;Libre
6510;Sector8_Preferencia_Baja;8;20;Libre
6511;Sector8_Preferencia_Baja;7;1;Libre
6512;Sector8_Preferencia_Baja;7;2;Libre
6513;Sector8_Preferencia_Baja;7;3;Libre
6514;Sector8_Preferencia_Baja;7;4;Libre
6515;Sector8_Preferencia_Baja;7;5;Libre
6516;Sector8_Preferencia_Baja;7;6;Libre
6517;Sector8_Preferencia_Baja;7;7;Libre
6518;Sector8_Preferencia_Baja;7;8;Libre
6519;Sector8_Preferencia_Baja;7;9;Libre
6520;Sector8_Preferencia_Baja;7;10;Libre
6521;Sector8_Preferencia_Baja;7;11;Libre
6522;Sector8_Preferencia_Baja;7;12;Libre
6523;Sector8_Preferencia_Baja;7;13;Libre
6524;Sector8_Preferencia_Baja;7;14;Libre
6525;Sector8_Preferencia_Baja;7;15;Libre
6526;Sector8_Preferencia_Baja;7;16;Libre
6527;Sector8_Preferencia_Baja;7;17;Libre
6528;Sector8_Preferencia_Baja;7;18;Libre
6529;Sector8_Preferencia_Baja;7;19;Libre
6530;Sector8_Preferencia_Baja;7;20;Libre
6531;Sector8_Preferencia_Baja;6;1;Libre
6532;Sector8_Preferencia_Baja;6;2;Libre
6533;Sector8_Preferencia_Baja;6;3;Libre
6534;Sector8_Preferencia_Baja;6;4;Libre
6535;Sector8_Preferencia_Baja;6;5;Libre
6536;Sector8_Preferencia_Baja;6;6;Libre
6537;Sector8_Preferencia_Baja;6;7;Libre
6538;Sector8_Preferencia_Baja;6;8;Libre
6539;Sector8_Preferencia_Baja;6;9;Libre
6540;Sector8_Preferencia_Baja;6;10;Libre
6541;Sector8_Preferencia_Baja;6;11;Libre
6542;Sector8_Preferencia_Baja;6;12;Libre
6543;Sector8_Preferencia_Baja;6;13;Libre
6544;Sector8_Preferencia_Baja;6;14;Libre
6545;Sector8_Preferencia_Baja;6;15;Libre
6546;Sector8_Preferencia_Baja;6;16;Libre
6547;Sector8_Preferencia_Baja;6;17;Libre
6548;Sector8_Preferencia_Baja;6;18;Libre
6549;Sector8_Preferencia_Baja;6;19;Libre
6550;Sector8_Preferencia_Baja;6;20;Libre
6551;Sector8_Preferencia_Baja;5;1;Libre
6552;Sector8_Preferencia_Baja;5;2;Libre
6553;Sector8_Preferencia_Baja;5;3;Libre
6554;Sector8_Preferencia_Baja;5;4;Libre
6555;Sector8_Preferencia_Baja;5;5;Libre
6556;Sector8_Preferencia_Baja;5;6;Libre
6557;Sector8_Preferencia_Baja;5;7;Libre
6558;Sector8_Preferencia_Baja;5;8;Libre
6559;Sector8_Preferencia_Baja;5;9;Libre
6560;Sector8_Preferencia_Baja;5;10;Libre
6561;Sector8_Preferencia_Baja;5;11;Libre
6562;Sector8_Preferencia_Baja;5;12;Libre
6563;Sector8_Preferencia_Baja;5;13;Libre
6564;Sector8_Preferencia_Baja;5;14;Libre
6565;Sector8_Preferencia_Baja;5;15;Libre
6566;Sector8_Preferencia_Baja;5;16;Libre
6567;Sector8_Preferencia_Baja;5;17;Libre
6568;Sector8_Preferencia_Baja;5;18;Libre
6569;Sector8_Preferencia_Baja;5;19;Libre
6570;Sector8_Preferencia_Baja;5;20;Libre
6571;Sector8_Preferencia_Baja;4;1;Libre
6572;Sector8_Preferencia_Baja;4;2;Libre
6573;Sector8_Preferencia_Baja;4;3;Libre
6574;Sector8_Preferencia_Baja;4;4;Libre
6575;Sector8_Preferencia_Baja;4;5;Libre
6576;Sector8_Preferencia_Baja;4;6;Libre
6577;Sector8_Preferencia_Baja;4;7;Libre
6578;Sector8_Preferencia_Baja;4;8;Libre
6579;Sector8_Preferencia_Baja;4;9;Libre
6580;Sector8_Preferencia_Baja;4;10;Libre
6581;Sector8_Preferencia_Baja;4;11;Libre
6582;Sector8_Preferencia_Baja;4;12;Libre
6583;Sector8_Preferencia_Baja;4;13;Libre
6584;Sector8_Preferencia_Baja;4;14;Libre
6585;Sector8_Preferencia_Baja;4;15;Libre
6586;Sector8_Preferencia_Baja;4;16;Libre
6587;Sector8_Preferencia_Baja;4;17;Libre
6588;Sector8_Preferencia_Baja;4;18;Libre
6589;Sector8_Preferencia_Baja;4;19;Libre
6590;Sector8_Preferencia_Baja;4;20;Libre
6591;Sector8_Preferencia_Baja;3;1;Libre
6592;Sector8_Preferencia_Baja;3;2;Libre
6593;Sector8_Preferencia_Baja;3;3;Libre
6594;Sector8_Preferencia_Baja;3;4;Libre
6595;Sector8_Preferencia_Baja;3;5;Libre
6596;Sector8_Preferencia_Baja;3;6;Libre
6597;Sector8_Preferencia_Baja;3;7;Libre
6598;Sector8_Preferencia_Baja;3;8;Libre
6599;Sector8_Preferencia_Baja;3;9;Libre
6600;Sector8_Preferencia_Baja;3;10;Libre
6601;Sector8_Preferencia_Baja;3;11;Libre
6602;Sector8_Preferencia_Baja;3;12;Libre
6603;Sector8_Preferencia_Baja;3;13;Libre
6604;Sector8_Preferencia_Baja;3;14;Libre
6605;Sector8_Preferencia_Baja;3;15;Libre
6606;Sector8_Preferencia_Baja;3;16;Libre
6607;Sector8_Preferencia_Baja;3;17;Libre
6608;Sector8_Preferencia_Baja;3;18;Libre
6609;Sector8_Preferencia_Baja;3;19;Libre
6610;Sector8_Preferencia_Baja;3;20;Libre
6611;Sector8_Preferencia_Baja;2;1;Libre
6612;Sector8_Preferencia_Baja;2;2;Libre
6613;Sector8_Preferencia_Baja;2;3;Libre
6614;Sector8_Preferencia_Baja;2;4;Libre
6615;Sector8_Preferencia_Baja;2;5;Libre
6616;Sector8_Preferencia_Baja;2;6;Libre
6617;Sector8_Preferencia_Baja;2;7;Libre
6618;Sector8_Preferencia_Baja;2;8;Libre
6619;Sector8_Preferencia_Baja;2;9;Libre
6620;Sector8_Preferencia_Baja;2;10;Libre
6621;Sector8_Preferencia_Baja;2;11;Libre
6622;Sector8_Preferencia_Baja;2;12;Libre
6623;Sector8_Preferencia_Baja;2;13;Libre
6624;Sector8_Preferencia_Baja;2;14;Libre
6625;Sector8_Preferencia_Baja;2;15;Libre
6626;Sector8_Preferencia_Baja;2;16;Libre
6627;Sector8_Preferencia_Baja;2;17;Libre
6628;Sector8_Preferencia_Baja;2;18;Libre
6629;Sector8_Preferencia_Baja;2;19;Libre
6630;Sector8_Preferencia_Baja;2;20;Libre
6631;Sector8_Preferencia_Baja;1;1;Libre
6632;Sector8_Preferencia_Baja;1;2;Libre
6633;Sector8_Preferencia_Baja;1;3;Libre
6634;Sector8_Preferencia_Baja;1;4;Libre
6635;Sector8_Preferencia_Baja;1;5;Libre
6636;Sector8_Preferencia_Baja;1;6;Libre
6637;Sector8_Preferencia_Baja;1;7;Libre
6638;Sector8_Preferencia_Baja;1;8;Libre
6639;Sector8_Preferencia_Baja;1;9;Libre
6640;Sector8_Preferencia_Baja;1;10;Libre
6641;Sector8_Preferencia_Baja;1;11;Libre
6642;Sector8_Preferencia_Baja;1;12;Libre
6643;Sector8_Preferencia_Baja;1;13;Libre
6644;Sector8_Preferencia_Baja;1;14;Libre
6645;Sector8_Preferencia_Baja;1;15;Libre
6646;Sector8_Preferencia_Baja;1;16;Libre
6647;Sector8_Preferencia_Baja;1;17;Libre
6648;Sector8_Preferencia_Baja;1;18;Libre
6649;Sector8_Preferencia_Baja;1;19;Libre
6650;Sector8_Preferencia_Baja;1;20;Libre
6651;Sector9_Preferencia_Baja;8;1;Libre
6652;Sector9_Preferencia_Baja;8;2;Libre
6653;Sector9_Preferencia_Baja;8;3;Libre
6654;Sector9_Preferencia_Baja;8;4;Libre
6655;Sector9_Preferencia_Baja;8;5;Libre
6656;Sector9_Preferencia_Baja;8;6;Libre
6657;Sector9_Preferencia_Baja;8;7;Libre
6658;Sector9_Preferencia_Baja;8;8;Libre
6659;Sector9_Preferencia_Baja;8;9;Libre
6660;Sector9_Preferencia_Baja;8;10;Libre
6661;Sector9_Preferencia_Baja;8;11;Libre
6662;Sector9_Preferencia_Baja;8;12;Libre
6663;Sector9_Preferencia_Baja;8;13;Libre
6664;Sector9_Preferencia_Baja;8;14;Libre
6665;Sector9_Preferencia_Baja;8;15;Libre
6666;Sector9_Preferencia_Baja;8;16;Libre
6667;Sector9_Preferencia_Baja;8;17;Libre
6668;Sector9_Preferencia_Baja;8;18;Libre
6669;Sector9_Preferencia_Baja;8;19;Libre
6670;Sector9_Preferencia_Baja;8;20;Libre
6671;Sector9_Preferencia_Baja;7;1;Libre
6672;Sector9_Preferencia_Baja;7;2;Libre
6673;Sector9_Preferencia_Baja;7;3;Libre
6674;Sector9_Preferencia_Baja;7;4;Libre
6675;Sector9_Preferencia_Baja;7;5;Libre
6676;Sector9_Preferencia_Baja;7;6;Libre
6677;Sector9_Preferencia_Baja;7;7;Libre
6678;Sector9_Preferencia_Baja;7;8;Libre
6679;Sector9_Preferencia_Baja;7;9;Libre
6680;Sector9_Preferencia_Baja;7;10;Libre
6681;Sector9_Preferencia_Baja;7;11;Libre
6682;Sector9_Preferencia_Baja;7;12;Libre
6683;Sector9_Preferencia_Baja;7;13;Libre
6684;Sector9_Preferencia_Baja;7;14;Libre
6685;Sector9_Preferencia_Baja;7;15;Libre
6686;Sector9_Preferencia_Baja;7;16;Libre
6687;Sector9_Preferencia_Baja;7;17;Libre
6688;Sector9_Preferencia_Baja;7;18;Libre
6689;Sector9_Preferencia_Baja;7;19;Libre
6690;Sector9_Preferencia_Baja;7;20;Libre
6691;Sector9_Preferencia_Baja;6;1;Libre
6692;Sector9_Preferencia_Baja;6;2;Libre
6693;Sector9_Preferencia_Baja;6;3;Libre
6694;Sector9_Preferencia_Baja;6;4;Libre
6695;Sector9_Preferencia_Baja;6;5;Libre
6696;Sector9_Preferencia_Baja;6;6;Libre
6697;Sector9_Preferencia_Baja;6;7;Libre
6698;Sector9_Preferencia_Baja;6;8;Libre
6699;Sector9_Preferencia_Baja;6;9;Libre
6700;Sector9_Preferencia_Baja;6;10;Libre
6701;Sector9_Preferencia_Baja;6;11;Libre
6702;Sector9_Preferencia_Baja;6;12;Libre
6703;Sector9_Preferencia_Baja;6;13;Libre
6704;Sector9_Preferencia_Baja;6;14;Libre
6705;Sector9_Preferencia_Baja;6;15;Libre
6706;Sector9_Preferencia_Baja;6;16;Libre
6707;Sector9_Preferencia_Baja;6;17;Libre
6708;Sector9_Preferencia_Baja;6;18;Libre
6709;Sector9_Preferencia_Baja;6;19;Libre
6710;Sector9_Preferencia_Baja;6;20;Libre
6711;Sector9_Preferencia_Baja;5;1;Libre
6712;Sector9_Preferencia_Baja;5;2;Libre
6713;Sector9_Preferencia_Baja;5;3;Libre
6714;Sector9_Preferencia_Baja;5;4;Libre
6715;Sector9_Preferencia_Baja;5;5;Libre
6716;Sector9_Preferencia_Baja;5;6;Libre
6717;Sector9_Preferencia_Baja;5;7;Libre
6718;Sector9_Preferencia_Baja;5;8;Libre
6719;Sector9_Preferencia_Baja;5;9;Libre
6720;Sector9_Preferencia_Baja;5;10;Libre
6721;Sector9_Preferencia_Baja;5;11;Libre
6722;Sector9_Preferencia_Baja;5;12;Libre
6723;Sector9_Preferencia_Baja;5;13;Libre
6724;Sector9_Preferencia_Baja;5;14;Libre
6725;Sector9_Preferencia_Baja;5;15;Libre
6726;Sector9_Preferencia_Baja;5;16;Libre
6727;Sector9_Preferencia_Baja;5;17;Libre
6728;Sector9_Preferencia_Baja;5;18;Libre
6729;Sector9_Preferencia_Baja;5;19;Libre
6730;Sector9_Preferencia_Baja;5;20;Libre
6731;Sector9_Preferencia_Baja;4;1;Libre
6732;Sector9_Preferencia_Baja;4;2;Libre
6733;Sector9_Preferencia_Baja;4;3;Libre
6734;Sector9_Preferencia_Baja;4;4;Libre
6735;Sector9_Preferencia_Baja;4;5;Libre
6736;Sector9_Preferencia_Baja;4;6;Libre
6737;Sector9_Preferencia_Baja;4;7;Libre
6738;Sector9_Preferencia_Baja;4;8;Libre
6739;Sector9_Preferencia_Baja;4;9;Libre
6740;Sector9_Preferencia_Baja;4;10;Libre
6741;Sector9_Preferencia_Baja;4;11;Libre
6742;Sector9_Preferencia_Baja;4;12;Libre
6743;Sector9_Preferencia_Baja;4;13;Libre
6744;Sector9_Preferencia_Baja;4;14;Libre
6745;Sector9_Preferencia_Baja;4;15;Libre
6746;Sector9_Preferencia_Baja;4;16;Libre
6747;Sector9_Preferencia_Baja;4;17;Libre
6748;Sector9_Preferencia_Baja;4;18;Libre
6749;Sector9_Preferencia_Baja;4;19;Libre
6750;Sector9_Preferencia_Baja;4;20;Libre
6751;Sector9_Preferencia_Baja;3;1;Libre
6752;Sector9_Preferencia_Baja;3;2;Libre
6753;Sector9_Preferencia_Baja;3;3;Libre
6754;Sector9_Preferencia_Baja;3;4;Libre
6755;Sector9_Preferencia_Baja;3;5;Libre
6756;Sector9_Preferencia_Baja;3;6;Libre
6757;Sector9_Preferencia_Baja;3;7;Libre
6758;Sector9_Preferencia_Baja;3;8;Libre
6759;Sector9_Preferencia_Baja;3;9;Libre
6760;Sector9_Preferencia_Baja;3;10;Libre
6761;Sector9_Preferencia_Baja;3;11;Libre
6762;Sector9_Preferencia_Baja;3;12;Libre
6763;Sector9_Preferencia_Baja;3;13;Libre
6764;Sector9_Preferencia_Baja;3;14;Libre
6765;Sector9_Preferencia_Baja;3;15;Libre
6766;Sector9_Preferencia_Baja;3;16;Libre
6767;Sector9_Preferencia_Baja;3;17;Libre
6768;Sector9_Preferencia_Baja;3;18;Libre
6769;Sector9_Preferencia_Baja;3;19;Libre
6770;Sector9_Preferencia_Baja;3;20;Libre
6771;Sector9_Preferencia_Baja;2;1;Libre
6772;Sector9_Preferencia_Baja;2;2;Libre
6773;Sector9_Preferencia_Baja;2;3;Libre
6774;Sector9_Preferencia_Baja;2;4;Libre
6775;Sector9_Preferencia_Baja;2;5;Libre
6776;Sector9_Preferencia_Baja;2;6;Libre
6777;Sector9_Preferencia_Baja;2;7;Libre
6778;Sector9_Preferencia_Baja;2;8;Libre
6779;Sector9_Preferencia_Baja;2;9;Libre
6780;Sector9_Preferencia_Baja;2;10;Libre
6781;Sector9_Preferencia_Baja;2;11;Libre
6782;Sector9_Preferencia_Baja;2;12;Libre
6783;Sector9_Preferencia_Baja;2;13;Libre
6784;Sector9_Preferencia_Baja;2;14;Libre
6785;Sector9_Preferencia_Baja;2;15;Libre
6786;Sector9_Preferencia_Baja;2;16;Libre
6787;Sector9_Preferencia_Baja;2;17;Libre
6788;Sector9_Preferencia_Baja;2;18;Libre
6789;Sector9_Preferencia_Baja;2;19;Libre
6790;Sector9_Preferencia_Baja;2;20;Libre
6791;Sector9_Preferencia_Baja;1;1;Libre
6792;Sector9_Preferencia_Baja;1;2;Libre
6793;Sector9_Preferencia_Baja;1;3;Libre
6794;Sector9_Preferencia_Baja;1;4;Libre
6795;Sector9_Preferencia_Baja;1;5;Libre
6796;Sector9_Preferencia_Baja;1;6;Libre
6797;Sector9_Preferencia_Baja;1;7;Libre
6798;Sector9_Preferencia_Baja;1;8;Libre
6799;Sector9_Preferencia_Baja;1;9;Libre
6800;Sector9_Preferencia_Baja;1;10;Libre
6801;Sector9_Preferencia_Baja;1;11;Libre
6802;Sector9_Preferencia_Baja;1;12;Libre
6803;Sector9_Preferencia_Baja;1;13;Libre
6804;Sector9_Preferencia_Baja;1;14;Libre
6805;Sector9_Preferencia_Baja;1;15;Libre
6806;Sector9_Preferencia_Baja;1;16;Libre
6807;Sector9_Preferencia_Baja;1;17;Libre
6808;Sector9_Preferencia_Baja;1;18;Libre
6809;Sector9_Preferencia_Baja;1;19;Libre
6810;Sector9_Preferencia_Baja;1;20;Libre
6811;Sector10_Preferencia_Baja;8;1;Libre
6812;Sector10_Preferencia_Baja;8;2;Libre
6813;Sector10_Preferencia_Baja;8;3;Libre
6814;Sector10_Preferencia_Baja;8;4;Libre
6815;Sector10_Preferencia_Baja;8;5;Libre
6816;Sector10_Preferencia_Baja;8;6;Libre
6817;Sector10_Preferencia_Baja;8;7;Libre
6818;Sector10_Preferencia_Baja;8;8;Libre
6819;Sector10_Preferencia_Baja;8;9;Libre
6820;Sector10_Preferencia_Baja;8;10;Libre
6821;Sector10_Preferencia_Baja;8;11;Libre
6822;Sector10_Preferencia_Baja;8;12;Libre
6823;Sector10_Preferencia_Baja;8;13;Libre
6824;Sector10_Preferencia_Baja;8;14;Libre
6825;Sector10_Preferencia_Baja;8;15;Libre
6826;Sector10_Preferencia_Baja;8;16;Libre
6827;Sector10_Preferencia_Baja;8;17;Libre
6828;Sector10_Preferencia_Baja;8;18;Libre
6829;Sector10_Preferencia_Baja;8;19;Libre
6830;Sector10_Preferencia_Baja;8;20;Libre
6831;Sector10_Preferencia_Baja;7;1;Libre
6832;Sector10_Preferencia_Baja;7;2;Libre
6833;Sector10_Preferencia_Baja;7;3;Libre
6834;Sector10_Preferencia_Baja;7;4;Libre
6835;Sector10_Preferencia_Baja;7;5;Libre
6836;Sector10_Preferencia_Baja;7;6;Libre
6837;Sector10_Preferencia_Baja;7;7;Libre
6838;Sector10_Preferencia_Baja;7;8;Libre
6839;Sector10_Preferencia_Baja;7;9;Libre
6840;Sector10_Preferencia_Baja;7;10;Libre
6841;Sector10_Preferencia_Baja;7;11;Libre
6842;Sector10_Preferencia_Baja;7;12;Libre
6843;Sector10_Preferencia_Baja;7;13;Libre
6844;Sector10_Preferencia_Baja;7;14;Libre
6845;Sector10_Preferencia_Baja;7;15;Libre
6846;Sector10_Preferencia_Baja;7;16;Libre
6847;Sector10_Preferencia_Baja;7;17;Libre
6848;Sector10_Preferencia_Baja;7;18;Libre
6849;Sector10_Preferencia_Baja;7;19;Libre
6850;Sector10_Preferencia_Baja;7;20;Libre
6851;Sector10_Preferencia_Baja;6;1;Libre
6852;Sector10_Preferencia_Baja;6;2;Libre
6853;Sector10_Preferencia_Baja;6;3;Libre
6854;Sector10_Preferencia_Baja;6;4;Libre
6855;Sector10_Preferencia_Baja;6;5;Libre
6856;Sector10_Preferencia_Baja;6;6;Libre
6857;Sector10_Preferencia_Baja;6;7;Libre
6858;Sector10_Preferencia_Baja;6;8;Libre
6859;Sector10_Preferencia_Baja;6;9;Libre
6860;Sector10_Preferencia_Baja;6;10;Libre
6861;Sector10_Preferencia_Baja;6;11;Libre
6862;Sector10_Preferencia_Baja;6;12;Libre
6863;Sector10_Preferencia_Baja;6;13;Libre
6864;Sector10_Preferencia_Baja;6;14;Libre
6865;Sector10_Preferencia_Baja;6;15;Libre
6866;Sector10_Preferencia_Baja;6;16;Libre
6867;Sector10_Preferencia_Baja;6;17;Libre
6868;Sector10_Preferencia_Baja;6;18;Libre
6869;Sector10_Preferencia_Baja;6;19;Libre
6870;Sector10_Preferencia_Baja;6;20;Libre
6871;Sector10_Preferencia_Baja;5;1;Libre
6872;Sector10_Preferencia_Baja;5;2;Libre
6873;Sector10_Preferencia_Baja;5;3;Libre
6874;Sector10_Preferencia_Baja;5;4;Libre
6875;Sector10_Preferencia_Baja;5;5;Libre
6876;Sector10_Preferencia_Baja;5;6;Libre
6877;Sector10_Preferencia_Baja;5;7;Libre
6878;Sector10_Preferencia_Baja;5;8;Libre
6879;Sector10_Preferencia_Baja;5;9;Libre
6880;Sector10_Preferencia_Baja;5;10;Libre
6881;Sector10_Preferencia_Baja;5;11;Libre
6882;Sector10_Preferencia_Baja;5;12;Libre
6883;Sector10_Preferencia_Baja;5;13;Libre
6884;Sector10_Preferencia_Baja;5;14;Libre
6885;Sector10_Preferencia_Baja;5;15;Libre
6886;Sector10_Preferencia_Baja;5;16;Libre
6887;Sector10_Preferencia_Baja;5;17;Libre
6888;Sector10_Preferencia_Baja;5;18;Libre
6889;Sector10_Preferencia_Baja;5;19;Libre
6890;Sector10_Preferencia_Baja;5;20;Libre
6891;Sector10_Preferencia_Baja;4;1;Libre
6892;Sector10_Preferencia_Baja;4;2;Libre
6893;Sector10_Preferencia_Baja;4;3;Libre
6894;Sector10_Preferencia_Baja;4;4;Libre
6895;Sector10_Preferencia_Baja;4;5;Libre
6896;Sector10_Preferencia_Baja;4;6;Libre
6897;Sector10_Preferencia_Baja;4;7;Libre
6898;Sector10_Preferencia_Baja;4;8;Libre
6899;Sector10_Preferencia_Baja;4;9;Libre
6900;Sector10_Preferencia_Baja;4;10;Libre
6901;Sector10_Preferencia_Baja;4;11;Libre
6902;Sector10_Preferencia_Baja;4;12;Libre
6903;Sector10_Preferencia_Baja;4;13;Libre
6904;Sector10_Preferencia_Baja;4;14;Libre
6905;Sector10_Preferencia_Baja;4;15;Libre
6906;Sector10_Preferencia_Baja;4;16;Libre
6907;Sector10_Preferencia_Baja;4;17;Libre
6908;Sector10_Preferencia_Baja;4;18;Libre
6909;Sector10_Preferencia_Baja;4;19;Libre
6910;Sector10_Preferencia_Baja;4;20;Libre
6911;Sector10_Preferencia_Baja;3;1;Libre
6912;Sector10_Preferencia_Baja;3;2;Libre
6913;Sector10_Preferencia_Baja;3;3;Libre
6914;Sector10_Preferencia_Baja;3;4;Libre
6915;Sector10_Preferencia_Baja;3;5;Libre
6916;Sector10_Preferencia_Baja;3;6;Libre
6917;Sector10_Preferencia_Baja;3;7;Libre
6918;Sector10_Preferencia_Baja;3;8;Libre
6919;Sector10_Preferencia_Baja;3;9;Libre
6920;Sector10_Preferencia_Baja;3;10;Libre
6921;Sector10_Preferencia_Baja;3;11;Libre
6922;Sector10_Preferencia_Baja;3;12;Libre
6923;Sector10_Preferencia_Baja;3;13;Libre
6924;Sector10_Preferencia_Baja;3;14;Libre
6925;Sector10_Preferencia_Baja;3;15;Libre
6926;Sector10_Preferencia_Baja;3;16;Libre
6927;Sector10_Preferencia_Baja;3;17;Libre
6928;Sector10_Preferencia_Baja;3;18;Libre
6929;Sector10_Preferencia_Baja;3;19;Libre
6930;Sector10_Preferencia_Baja;3;20;Libre
6931;Sector10_Preferencia_Baja;2;1;Libre
6932;Sector10_Preferencia_Baja;2;2;Libre
6933;Sector10_Preferencia_Baja;2;3;Libre
6934;Sector10_Preferencia_Baja;2;4;Libre
6935;Sector10_Preferencia_Baja;2;5;Libre
6936;Sector10_Preferencia_Baja;2;6;Libre
6937;Sector10_Preferencia_Baja;2;7;Libre
6938;Sector10_Preferencia_Baja;2;8;Libre
6939;Sector10_Preferencia_Baja;2;9;Libre
6940;Sector10_Preferencia_Baja;2;10;Libre
6941;Sector10_Preferencia_Baja;2;11;Libre
6942;Sector10_Preferencia_Baja;2;12;Libre
6943;Sector10_Preferencia_Baja;2;13;Libre
6944;Sector10_Preferencia_Baja;2;14;Libre
6945;Sector10_Preferencia_Baja;2;15;Libre
6946;Sector10_Preferencia_Baja;2;16;Libre
6947;Sector10_Preferencia_Baja;2;17;Libre
6948;Sector10_Preferencia_Baja;2;18;Libre
6949;Sector10_Preferencia_Baja;2;19;Libre
6950;Sector10_Preferencia_Baja;2;20;Libre
6951;Sector10_Preferencia_Baja;1;1;Libre
6952;Sector10_Preferencia_Baja;1;2;Libre
6953;Sector10_Preferencia_Baja;1;3;Libre
6954;Sector10_Preferencia_Baja;1;4;Libre
6955;Sector10_Preferencia_Baja;1;5;Libre
6956;Sector10_Preferencia_Baja;1;6;Libre
6957;Sector10_Preferencia_Baja;1;7;Libre
6958;Sector10_Preferencia_Baja;1;8;Libre
6959;Sector10_Preferencia_Baja;1;9;Libre
6960;Sector10_Preferencia_Baja;1;10;Libre
6961;Sector10_Preferencia_Baja;1;11;Libre
6962;Sector10_Preferencia_Baja;1;12;Libre
6963;Sector10_Preferencia_Baja;1;13;Libre
6964;Sector10_Preferencia_Baja;1;14;Libre
6965;Sector10_Preferencia_Baja;1;15;Libre
6966;Sector10_Preferencia_Baja;1;16;Libre
6967;Sector10_Preferencia_Baja;1;17;Libre
6968;Sector10_Preferencia_Baja;1;18;Libre
6969;Sector10_Preferencia_Baja;1;19;Libre
6970;Sector10_Preferencia_Baja;1;20;Libre
6971;Sector11_Preferencia_Baja;8;1;Libre
6972;Sector11_Preferencia_Baja;8;2;Libre
6973;Sector11_Preferencia_Baja;8;3;Libre
6974;Sector11_Preferencia_Baja;8;4;Libre
6975;Sector11_Preferencia_Baja;8;5;Libre
6976;Sector11_Preferencia_Baja;8;6;Libre
6977;Sector11_Preferencia_Baja;8;7;Libre
6978;Sector11_Preferencia_Baja;8;8;Libre
6979;Sector11_Preferencia_Baja;8;9;Libre
6980;Sector11_Preferencia_Baja;8;10;Libre
6981;Sector11_Preferencia_Baja;8;11;Libre
6982;Sector11_Preferencia_Baja;8;12;Libre
6983;Sector11_Preferencia_Baja;8;13;Libre
6984;Sector11_Preferencia_Baja;8;14;Libre
6985;Sector11_Preferencia_Baja;8;15;Libre
6986;Sector11_Preferencia_Baja;8;16;Libre
6987;Sector11_Preferencia_Baja;8;17;Libre
6988;Sector11_Preferencia_Baja;8;18;Libre
6989;Sector11_Preferencia_Baja;8;19;Libre
6990;Sector11_Preferencia_Baja;8;20;Libre
6991;Sector11_Preferencia_Baja;7;1;Libre
6992;Sector11_Preferencia_Baja;7;2;Libre
6993;Sector11_Preferencia_Baja;7;3;Libre
6994;Sector11_Preferencia_Baja;7;4;Libre
6995;Sector11_Preferencia_Baja;7;5;Libre
6996;Sector11_Preferencia_Baja;7;6;Libre
6997;Sector11_Preferencia_Baja;7;7;Libre
6998;Sector11_Preferencia_Baja;7;8;Libre
6999;Sector11_Preferencia_Baja;7;9;Libre
7000;Sector11_Preferencia_Baja;7;10;Libre
7001;Sector11_Preferencia_Baja;7;11;Libre
7002;Sector11_Preferencia_Baja;7;12;Libre
7003;Sector11_Preferencia_Baja;7;13;Libre
7004;Sector11_Preferencia_Baja;7;14;Libre
7005;Sector11_Preferencia_Baja;7;15;Libre
7006;Sector11_Preferencia_Baja;7;16;Libre
7007;Sector11_Preferencia_Baja;7;17;Libre
7008;Sector11_Preferencia_Baja;7;18;Libre
7009;Sector11_Preferencia_Baja;7;19;Libre
7010;Sector11_Preferencia_Baja;7;20;Libre
7011;Sector11_Preferencia_Baja;6;1;Libre
7012;Sector11_Preferencia_Baja;6;2;Libre
7013;Sector11_Preferencia_Baja;6;3;Libre
7014;Sector11_Preferencia_Baja;6;4;Libre
7015;Sector11_Preferencia_Baja;6;5;Libre
7016;Sector11_Preferencia_Baja;6;6;Libre
7017;Sector11_Preferencia_Baja;6;7;Libre
7018;Sector11_Preferencia_Baja;6;8;Libre
7019;Sector11_Preferencia_Baja;6;9;Libre
7020;Sector11_Preferencia_Baja;6;10;Libre
7021;Sector11_Preferencia_Baja;6;11;Libre
7022;Sector11_Preferencia_Baja;6;12;Libre
7023;Sector11_Preferencia_Baja;6;13;Libre
7024;Sector11_Preferencia_Baja;6;14;Libre
7025;Sector11_Preferencia_Baja;6;15;Libre
7026;Sector11_Preferencia_Baja;6;16;Libre
7027;Sector11_Preferencia_Baja;6;17;Libre
7028;Sector11_Preferencia_Baja;6;18;Libre
7029;Sector11_Preferencia_Baja;6;19;Libre
7030;Sector11_Preferencia_Baja;6;20;Libre
7031;Sector11_Preferencia_Baja;5;1;Libre
7032;Sector11_Preferencia_Baja;5;2;Libre
7033;Sector11_Preferencia_Baja;5;3;Libre
7034;Sector11_Preferencia_Baja;5;4;Libre
7035;Sector11_Preferencia_Baja;5;5;Libre
7036;Sector11_Preferencia_Baja;5;6;Libre
7037;Sector11_Preferencia_Baja;5;7;Libre
7038;Sector11_Preferencia_Baja;5;8;Libre
7039;Sector11_Preferencia_Baja;5;9;Libre
7040;Sector11_Preferencia_Baja;5;10;Libre
7041;Sector11_Preferencia_Baja;5;11;Libre
7042;Sector11_Preferencia_Baja;5;12;Libre
7043;Sector11_Preferencia_Baja;5;13;Libre
7044;Sector11_Preferencia_Baja;5;14;Libre
7045;Sector11_Preferencia_Baja;5;15;Libre
7046;Sector11_Preferencia_Baja;5;16;Libre
7047;Sector11_Preferencia_Baja;5;17;Libre
7048;Sector11_Preferencia_Baja;5;18;Libre
7049;Sector11_Preferencia_Baja;5;19;Libre
7050;Sector11_Preferencia_Baja;5;20;Libre
7051;Sector11_Preferencia_Baja;4;1;Libre
7052;Sector11_Preferencia_Baja;4;2;Libre
7053;Sector11_Preferencia_Baja;4;3;Libre
7054;Sector11_Preferencia_Baja;4;4;Libre
7055;Sector11_Preferencia_Baja;4;5;Libre
7056;Sector11_Preferencia_Baja;4;6;Libre
7057;Sector11_Preferencia_Baja;4;7;Libre
7058;Sector11_Preferencia_Baja;4;8;Libre
7059;Sector11_Preferencia_Baja;4;9;Libre
7060;Sector11_Preferencia_Baja;4;10;Libre
7061;Sector11_Preferencia_Baja;4;11;Libre
7062;Sector11_Preferencia_Baja;4;12;Libre
7063;Sector11_Preferencia_Baja;4;13;Libre
7064;Sector11_Preferencia_Baja;4;14;Libre
7065;Sector11_Preferencia_Baja;4;15;Libre
7066;Sector11_Preferencia_Baja;4;16;Libre
7067;Sector11_Preferencia_Baja;4;17;Libre
7068;Sector11_Preferencia_Baja;4;18;Libre
7069;Sector11_Preferencia_Baja;4;19;Libre
7070;Sector11_Preferencia_Baja;4;20;Libre
7071;Sector11_Preferencia_Baja;3;1;Libre
7072;Sector11_Preferencia_Baja;3;2;Libre
7073;Sector11_Preferencia_Baja;3;3;Libre
7074;Sector11_Preferencia_Baja;3;4;Libre
7075;Sector11_Preferencia_Baja;3;5;Libre
7076;Sector11_Preferencia_Baja;3;6;Libre
7077;Sector11_Preferencia_Baja;3;7;Libre
7078;Sector11_Preferencia_Baja;3;8;Libre
7079;Sector11_Preferencia_Baja;3;9;Libre
7080;Sector11_Preferencia_Baja;3;10;Libre
7081;Sector11_Preferencia_Baja;3;11;Libre
7082;Sector11_Preferencia_Baja;3;12;Libre
7083;Sector11_Preferencia_Baja;3;13;Libre
7084;Sector11_Preferencia_Baja;3;14;Libre
7085;Sector11_Preferencia_Baja;3;15;Libre
7086;Sector11_Preferencia_Baja;3;16;Libre
7087;Sector11_Preferencia_Baja;3;17;Libre
7088;Sector11_Preferencia_Baja;3;18;Libre
7089;Sector11_Preferencia_Baja;3;19;Libre
7090;Sector11_Preferencia_Baja;3;20;Libre
7091;Sector11_Preferencia_Baja;2;1;Libre
7092;Sector11_Preferencia_Baja;2;2;Libre
7093;Sector11_Preferencia_Baja;2;3;Libre
7094;Sector11_Preferencia_Baja;2;4;Libre
7095;Sector11_Preferencia_Baja;2;5;Libre
7096;Sector11_Preferencia_Baja;2;6;Libre
7097;Sector11_Preferencia_Baja;2;7;Libre
7098;Sector11_Preferencia_Baja;2;8;Libre
7099;Sector11_Preferencia_Baja;2;9;Libre
7100;Sector11_Preferencia_Baja;2;10;Libre
7101;Sector11_Preferencia_Baja;2;11;Libre
7102;Sector11_Preferencia_Baja;2;12;Libre
7103;Sector11_Preferencia_Baja;2;13;Libre
7104;Sector11_Preferencia_Baja;2;14;Libre
7105;Sector11_Preferencia_Baja;2;15;Libre
7106;Sector11_Preferencia_Baja;2;16;Libre
7107;Sector11_Preferencia_Baja;2;17;Libre
7108;Sector11_Preferencia_Baja;2;18;Libre
7109;Sector11_Preferencia_Baja;2;19;Libre
7110;Sector11_Preferencia_Baja;2;20;Libre
7111;Sector11_Preferencia_Baja;1;1;Libre
7112;Sector11_Preferencia_Baja;1;2;Libre
7113;Sector11_Preferencia_Baja;1;3;Libre
7114;Sector11_Preferencia_Baja;1;4;Libre
7115;Sector11_Preferencia_Baja;1;5;Libre
7116;Sector11_Preferencia_Baja;1;6;Libre
7117;Sector11_Preferencia_Baja;1;7;Libre
7118;Sector11_Preferencia_Baja;1;8;Libre
7119;Sector11_Preferencia_Baja;1;9;Libre
7120;Sector11_Preferencia_Baja;1;10;Libre
7121;Sector11_Preferencia_Baja;1;11;Libre
7122;Sector11_Preferencia_Baja;1;12;Libre
7123;Sector11_Preferencia_Baja;1;13;Libre
7124;Sector11_Preferencia_Baja;1;14;Libre
7125;Sector11_Preferencia_Baja;1;15;Libre
7126;Sector11_Preferencia_Baja;1;16;Libre
7127;Sector11_Preferencia_Baja;1;17;Libre
7128;Sector11_Preferencia_Baja;1;18;Libre
7129;Sector11_Preferencia_Baja;1;19;Libre
7130;Sector11_Preferencia_Baja;1;20;Libre
7131;Sector12_Preferencia_Baja;8;1;Libre
7132;Sector12_Preferencia_Baja;8;2;Libre
7133;Sector12_Preferencia_Baja;8;3;Libre
7134;Sector12_Preferencia_Baja;8;4;Libre
7135;Sector12_Preferencia_Baja;8;5;Libre
7136;Sector12_Preferencia_Baja;8;6;Libre
7137;Sector12_Preferencia_Baja;8;7;Libre
7138;Sector12_Preferencia_Baja;8;8;Libre
7139;Sector12_Preferencia_Baja;8;9;Libre
7140;Sector12_Preferencia_Baja;8;10;Libre
7141;Sector12_Preferencia_Baja;8;11;Libre
7142;Sector12_Preferencia_Baja;8;12;Libre
7143;Sector12_Preferencia_Baja;8;13;Libre
7144;Sector12_Preferencia_Baja;8;14;Libre
7145;Sector12_Preferencia_Baja;8;15;Libre
7146;Sector12_Preferencia_Baja;8;16;Libre
7147;Sector12_Preferencia_Baja;8;17;Libre
7148;Sector12_Preferencia_Baja;8;18;Libre
7149;Sector12_Preferencia_Baja;8;19;Libre
7150;Sector12_Preferencia_Baja;8;20;Libre
7151;Sector12_Preferencia_Baja;7;1;Libre
7152;Sector12_Preferencia_Baja;7;2;Libre
7153;Sector12_Preferencia_Baja;7;3;Libre
7154;Sector12_Preferencia_Baja;7;4;Libre
7155;Sector12_Preferencia_Baja;7;5;Libre
7156;Sector12_Preferencia_Baja;7;6;Libre
7157;Sector12_Preferencia_Baja;7;7;Libre
7158;Sector12_Preferencia_Baja;7;8;Libre
7159;Sector12_Preferencia_Baja;7;9;Libre
7160;Sector12_Preferencia_Baja;7;10;Libre
7161;Sector12_Preferencia_Baja;7;11;Libre
7162;Sector12_Preferencia_Baja;7;12;Libre
7163;Sector12_Preferencia_Baja;7;13;Libre
7164;Sector12_Preferencia_Baja;7;14;Libre
7165;Sector12_Preferencia_Baja;7;15;Libre
7166;Sector12_Preferencia_Baja;7;16;Libre
7167;Sector12_Preferencia_Baja;7;17;Libre
7168;Sector12_Preferencia_Baja;7;18;Libre
7169;Sector12_Preferencia_Baja;7;19;Libre
7170;Sector12_Preferencia_Baja;7;20;Libre
7171;Sector12_Preferencia_Baja;6;1;Libre
7172;Sector12_Preferencia_Baja;6;2;Libre
7173;Sector12_Preferencia_Baja;6;3;Libre
7174;Sector12_Preferencia_Baja;6;4;Libre
7175;Sector12_Preferencia_Baja;6;5;Libre
7176;Sector12_Preferencia_Baja;6;6;Libre
7177;Sector12_Preferencia_Baja;6;7;Libre
7178;Sector12_Preferencia_Baja;6;8;Libre
7179;Sector12_Preferencia_Baja;6;9;Libre
7180;Sector12_Preferencia_Baja;6;10;Libre
7181;Sector12_Preferencia_Baja;6;11;Libre
7182;Sector12_Preferencia_Baja;6;12;Libre
7183;Sector12_Preferencia_Baja;6;13;Libre
7184;Sector12_Preferencia_Baja;6;14;Libre
7185;Sector12_Preferencia_Baja;6;15;Libre
7186;Sector12_Preferencia_Baja;6;16;Libre
7187;Sector12_Preferencia_Baja;6;17;Libre
7188;Sector12_Preferencia_Baja;6;18;Libre
7189;Sector12_Preferencia_Baja;6;19;Libre
7190;Sector12_Preferencia_Baja;6;20;Libre
7191;Sector12_Preferencia_Baja;5;1;Libre
7192;Sector12_Preferencia_Baja;5;2;Libre
7193;Sector12_Preferencia_Baja;5;3;Libre
7194;Sector12_Preferencia_Baja;5;4;Libre
7195;Sector12_Preferencia_Baja;5;5;Libre
7196;Sector12_Preferencia_Baja;5;6;Libre
7197;Sector12_Preferencia_Baja;5;7;Libre
7198;Sector12_Preferencia_Baja;5;8;Libre
7199;Sector12_Preferencia_Baja;5;9;Libre
7200;Sector12_Preferencia_Baja;5;10;Libre
7201;Sector12_Preferencia_Baja;5;11;Libre
7202;Sector12_Preferencia_Baja;5;12;Libre
7203;Sector12_Preferencia_Baja;5;13;Libre
7204;Sector12_Preferencia_Baja;5;14;Libre
7205;Sector12_Preferencia_Baja;5;15;Libre
7206;Sector12_Preferencia_Baja;5;16;Libre
7207;Sector12_Preferencia_Baja;5;17;Libre
7208;Sector12_Preferencia_Baja;5;18;Libre
7209;Sector12_Preferencia_Baja;5;19;Libre
7210;Sector12_Preferencia_Baja;5;20;Libre
7211;Sector12_Preferencia_Baja;4;1;Libre
7212;Sector12_Preferencia_Baja;4;2;Libre
7213;Sector12_Preferencia_Baja;4;3;Libre
7214;Sector12_Preferencia_Baja;4;4;Libre
7215;Sector12_Preferencia_Baja;4;5;Libre
7216;Sector12_Preferencia_Baja;4;6;Libre
7217;Sector12_Preferencia_Baja;4;7;Libre
7218;Sector12_Preferencia_Baja;4;8;Libre
7219;Sector12_Preferencia_Baja;4;9;Libre
7220;Sector12_Preferencia_Baja;4;10;Libre
7221;Sector12_Preferencia_Baja;4;11;Libre
7222;Sector12_Preferencia_Baja;4;12;Libre
7223;Sector12_Preferencia_Baja;4;13;Libre
7224;Sector12_Preferencia_Baja;4;14;Libre
7225;Sector12_Preferencia_Baja;4;15;Libre
7226;Sector12_Preferencia_Baja;4;16;Libre
7227;Sector12_Preferencia_Baja;4;17;Libre
7228;Sector12_Preferencia_Baja;4;18;Libre
7229;Sector12_Preferencia_Baja;4;19;Libre
7230;Sector12_Preferencia_Baja;4;20;Libre
7231;Sector12_Preferencia_Baja;3;1;Libre
7232;Sector12_Preferencia_Baja;3;2;Libre
7233;Sector12_Preferencia_Baja;3;3;Libre
7234;Sector12_Preferencia_Baja;3;4;Libre
7235;Sector12_Preferencia_Baja;3;5;Libre
7236;Sector12_Preferencia_Baja;3;6;Libre
7237;Sector12_Preferencia_Baja;3;7;Libre
7238;Sector12_Preferencia_Baja;3;8;Libre
7239;Sector12_Preferencia_Baja;3;9;Libre
7240;Sector12_Preferencia_Baja;3;10;Libre
7241;Sector12_Preferencia_Baja;3;11;Libre
7242;Sector12_Preferencia_Baja;3;12;Libre
7243;Sector12_Preferencia_Baja;3;13;Libre
7244;Sector12_Preferencia_Baja;3;14;Libre
7245;Sector12_Preferencia_Baja;3;15;Libre
7246;Sector12_Preferencia_Baja;3;16;Libre
7247;Sector12_Preferencia_Baja;3;17;Libre
7248;Sector12_Preferencia_Baja;3;18;Libre
7249;Sector12_Preferencia_Baja;3;19;Libre
7250;Sector12_Preferencia_Baja;3;20;Libre
7251;Sector12_Preferencia_Baja;2;1;Libre
7252;Sector12_Preferencia_Baja;2;2;Libre
7253;Sector12_Preferencia_Baja;2;3;Libre
7254;Sector12_Preferencia_Baja;2;4;Libre
7255;Sector12_Preferencia_Baja;2;5;Libre
7256;Sector12_Preferencia_Baja;2;6;Libre
7257;Sector12_Preferencia_Baja;2;7;Libre
7258;Sector12_Preferencia_Baja;2;8;Libre
7259;Sector12_Preferencia_Baja;2;9;Libre
7260;Sector12_Preferencia_Baja;2;10;Libre
7261;Sector12_Preferencia_Baja;2;11;Libre
7262;Sector12_Preferencia_Baja;2;12;Libre
7263;Sector12_Preferencia_Baja;2;13;Libre
7264;Sector12_Preferencia_Baja;2;14;Libre
7265;Sector12_Preferencia_Baja;2;15;Libre
7266;Sector12_Preferencia_Baja;2;16;Libre
7267;Sector12_Preferencia_Baja;2;17;Libre
7268;Sector12_Preferencia_Baja;2;18;Libre
7269;Sector12_Preferencia_Baja;2;19;Libre
7270;Sector12_Preferencia_Baja;2;20;Libre
7271;Sector12_Preferencia_Baja;1;1;Libre
7272;Sector12_Preferencia_Baja;1;2;Libre
7273;Sector12_Preferencia_Baja;1;3;Libre
7274;Sector12_Preferencia_Baja;1;4;Libre
7275;Sector12_Preferencia_Baja;1;5;Libre
7276;Sector12_Preferencia_Baja;1;6;Libre
7277;Sector12_Preferencia_Baja;1;7;Libre
7278;Sector12_Preferencia_Baja;1;8;Libre
7279;Sector12_Preferencia_Baja;1;9;Libre
7280;Sector12_Preferencia_Baja;1;10;Libre
7281;Sector12_Preferencia_Baja;1;11;Libre
7282;Sector12_Preferencia_Baja;1;12;Libre
7283;Sector12_Preferencia_Baja;1;13;Libre
7284;Sector12_Preferencia_Baja;1;14;Libre
7285;Sector12_Preferencia_Baja;1;15;Libre
7286;Sector12_Preferencia_Baja;1;16;Libre
7287;Sector12_Preferencia_Baja;1;17;Libre
7288;Sector12_Preferencia_Baja;1;18;Libre
7289;Sector12_Preferencia_Baja;1;19;Libre
7290;Sector12_Preferencia_Baja;1;20;Libre
7291;Sector13_Preferencia_Baja;8;1;Libre
7292;Sector13_Preferencia_Baja;8;2;Libre
7293;Sector13_Preferencia_Baja;8;3;Libre
7294;Sector13_Preferencia_Baja;8;4;Libre
7295;Sector13_Preferencia_Baja;8;5;Libre
7296;Sector13_Preferencia_Baja;8;6;Libre
7297;Sector13_Preferencia_Baja;8;7;Libre
7298;Sector13_Preferencia_Baja;8;8;Libre
7299;Sector13_Preferencia_Baja;8;9;Libre
7300;Sector13_Preferencia_Baja;8;10;Libre
7301;Sector13_Preferencia_Baja;8;11;Libre
7302;Sector13_Preferencia_Baja;8;12;Libre
7303;Sector13_Preferencia_Baja;8;13;Libre
7304;Sector13_Preferencia_Baja;8;14;Libre
7305;Sector13_Preferencia_Baja;8;15;Libre
7306;Sector13_Preferencia_Baja;8;16;Libre
7307;Sector13_Preferencia_Baja;8;17;Libre
7308;Sector13_Preferencia_Baja;8;18;Libre
7309;Sector13_Preferencia_Baja;8;19;Libre
7310;Sector13_Preferencia_Baja;8;20;Libre
7311;Sector13_Preferencia_Baja;7;1;Libre
7312;Sector13_Preferencia_Baja;7;2;Libre
7313;Sector13_Preferencia_Baja;7;3;Libre
7314;Sector13_Preferencia_Baja;7;4;Libre
7315;Sector13_Preferencia_Baja;7;5;Libre
7316;Sector13_Preferencia_Baja;7;6;Libre
7317;Sector13_Preferencia_Baja;7;7;Libre
7318;Sector13_Preferencia_Baja;7;8;Libre
7319;Sector13_Preferencia_Baja;7;9;Libre
7320;Sector13_Preferencia_Baja;7;10;Libre
7321;Sector13_Preferencia_Baja;7;11;Libre
7322;Sector13_Preferencia_Baja;7;12;Libre
7323;Sector13_Preferencia_Baja;7;13;Libre
7324;Sector13_Preferencia_Baja;7;14;Libre
7325;Sector13_Preferencia_Baja;7;15;Libre
7326;Sector13_Preferencia_Baja;7;16;Libre
7327;Sector13_Preferencia_Baja;7;17;Libre
7328;Sector13_Preferencia_Baja;7;18;Libre
7329;Sector13_Preferencia_Baja;7;19;Libre
7330;Sector13_Preferencia_Baja;7;20;Libre
7331;Sector13_Preferencia_Baja;6;1;Libre
7332;Sector13_Preferencia_Baja;6;2;Libre
7333;Sector13_Preferencia_Baja;6;3;Libre
7334;Sector13_Preferencia_Baja;6;4;Libre
7335;Sector13_Preferencia_Baja;6;5;Libre
7336;Sector13_Preferencia_Baja;6;6;Libre
7337;Sector13_Preferencia_Baja;6;7;Libre
7338;Sector13_Preferencia_Baja;6;8;Libre
7339;Sector13_Preferencia_Baja;6;9;Libre
7340;Sector13_Preferencia_Baja;6;10;Libre
7341;Sector13_Preferencia_Baja;6;11;Libre
7342;Sector13_Preferencia_Baja;6;12;Libre
7343;Sector13_Preferencia_Baja;6;13;Libre
7344;Sector13_Preferencia_Baja;6;14;Libre
7345;Sector13_Preferencia_Baja;6;15;Libre
7346;Sector13_Preferencia_Baja;6;16;Libre
7347;Sector13_Preferencia_Baja;6;17;Libre
7348;Sector13_Preferencia_Baja;6;18;Libre
7349;Sector13_Preferencia_Baja;6;19;Libre
7350;Sector13_Preferencia_Baja;6;20;Libre
7351;Sector13_Preferencia_Baja;5;1;Libre
7352;Sector13_Preferencia_Baja;5;2;Libre
7353;Sector13_Preferencia_Baja;5;3;Libre
7354;Sector13_Preferencia_Baja;5;4;Libre
7355;Sector13_Preferencia_Baja;5;5;Libre
7356;Sector13_Preferencia_Baja;5;6;Libre
7357;Sector13_Preferencia_Baja;5;7;Libre
7358;Sector13_Preferencia_Baja;5;8;Libre
7359;Sector13_Preferencia_Baja;5;9;Libre
7360;Sector13_Preferencia_Baja;5;10;Libre
7361;Sector13_Preferencia_Baja;5;11;Libre
7362;Sector13_Preferencia_Baja;5;12;Libre
7363;Sector13_Preferencia_Baja;5;13;Libre
7364;Sector13_Preferencia_Baja;5;14;Libre
7365;Sector13_Preferencia_Baja;5;15;Libre
7366;Sector13_Preferencia_Baja;5;16;Libre
7367;Sector13_Preferencia_Baja;5;17;Libre
7368;Sector13_Preferencia_Baja;5;18;Libre
7369;Sector13_Preferencia_Baja;5;19;Libre
7370;Sector13_Preferencia_Baja;5;20;Libre
7371;Sector13_Preferencia_Baja;4;1;Libre
7372;Sector13_Preferencia_Baja;4;2;Libre
7373;Sector13_Preferencia_Baja;4;3;Libre
7374;Sector13_Preferencia_Baja;4;4;Libre
7375;Sector13_Preferencia_Baja;4;5;Libre
7376;Sector13_Preferencia_Baja;4;6;Libre
7377;Sector13_Preferencia_Baja;4;7;Libre
7378;Sector13_Preferencia_Baja;4;8;Libre
7379;Sector13_Preferencia_Baja;4;9;Libre
7380;Sector13_Preferencia_Baja;4;10;Libre
7381;Sector13_Preferencia_Baja;4;11;Libre
7382;Sector13_Preferencia_Baja;4;12;Libre
7383;Sector13_Preferencia_Baja;4;13;Libre
7384;Sector13_Preferencia_Baja;4;14;Libre
7385;Sector13_Preferencia_Baja;4;15;Libre
7386;Sector13_Preferencia_Baja;4;16;Libre
7387;Sector13_Preferencia_Baja;4;17;Libre
7388;Sector13_Preferencia_Baja;4;18;Libre
7389;Sector13_Preferencia_Baja;4;19;Libre
7390;Sector13_Preferencia_Baja;4;20;Libre
7391;Sector13_Preferencia_Baja;3;1;Libre
7392;Sector13_Preferencia_Baja;3;2;Libre
7393;Sector13_Preferencia_Baja;3;3;Libre
7394;Sector13_Preferencia_Baja;3;4;Libre
7395;Sector13_Preferencia_Baja;3;5;Libre
7396;Sector13_Preferencia_Baja;3;6;Libre
7397;Sector13_Preferencia_Baja;3;7;Libre
7398;Sector13_Preferencia_Baja;3;8;Libre
7399;Sector13_Preferencia_Baja;3;9;Libre
7400;Sector13_Preferencia_Baja;3;10;Libre
7401;Sector13_Preferencia_Baja;3;11;Libre
7402;Sector13_Preferencia_Baja;3;12;Libre
7403;Sector13_Preferencia_Baja;3;13;Libre
7404;Sector13_Preferencia_Baja;3;14;Libre
7405;Sector13_Preferencia_Baja;3;15;Libre
7406;Sector13_Preferencia_Baja;3;16;Libre
7407;Sector13_Preferencia_Baja;3;17;Libre
7408;Sector13_Preferencia_Baja;3;18;Libre
7409;Sector13_Preferencia_Baja;3;19;Libre
7410;Sector13_Preferencia_Baja;3;20;Libre
7411;Sector13_Preferencia_Baja;2;1;Libre
7412;Sector13_Preferencia_Baja;2;2;Libre
7413;Sector13_Preferencia_Baja;2;3;Libre
7414;Sector13_Preferencia_Baja;2;4;Libre
7415;Sector13_Preferencia_Baja;2;5;Libre
7416;Sector13_Preferencia_Baja;2;6;Libre
7417;Sector13_Preferencia_Baja;2;7;Libre
7418;Sector13_Preferencia_Baja;2;8;Libre
7419;Sector13_Preferencia_Baja;2;9;Libre
7420;Sector13_Preferencia_Baja;2;10;Libre
7421;Sector13_Preferencia_Baja;2;11;Libre
7422;Sector13_Preferencia_Baja;2;12;Libre
7423;Sector13_Preferencia_Baja;2;13;Libre
7424;Sector13_Preferencia_Baja;2;14;Libre
7425;Sector13_Preferencia_Baja;2;15;Libre
7426;Sector13_Preferencia_Baja;2;16;Libre
7427;Sector13_Preferencia_Baja;2;17;Libre
7428;Sector13_Preferencia_Baja;2;18;Libre
7429;Sector13_Preferencia_Baja;2;19;Libre
7430;Sector13_Preferencia_Baja;2;20;Libre
7431;Sector13_Preferencia_Baja;1;1;Libre
7432;Sector13_Preferencia_Baja;1;2;Libre
7433;Sector13_Preferencia_Baja;1;3;Libre
7434;Sector13_Preferencia_Baja;1;4;Libre
7435;Sector13_Preferencia_Baja;1;5;Libre
7436;Sector13_Preferencia_Baja;1;6;Libre
7437;Sector13_Preferencia_Baja;1;7;Libre
7438;Sector13_Preferencia_Baja;1;8;Libre
7439;Sector13_Preferencia_Baja;1;9;Libre
7440;Sector13_Preferencia_Baja;1;10;Libre
7441;Sector13_Preferencia_Baja;1;11;Libre
7442;Sector13_Preferencia_Baja;1;12;Libre
7443;Sector13_Preferencia_Baja;1;13;Libre
7444;Sector13_Preferencia_Baja;1;14;Libre
7445;Sector13_Preferencia_Baja;1;15;Libre
7446;Sector13_Preferencia_Baja;1;16;Libre
7447;Sector13_Preferencia_Baja;1;17;Libre
7448;Sector13_Preferencia_Baja;1;18;Libre
7449;Sector13_Preferencia_Baja;1;19;Libre
7450;Sector13_Preferencia_Baja;1;20;Libre
