3611;Sector1_Preferencia_Media;8;1;Libre
3612;Sector1_Preferencia_Media;8;2;Libre
3613;Sector1_Preferencia_Media;8;3;Libre
3614;Sector1_Preferencia_Media;8;4;Libre
3615;Sector1_Preferencia_Media;8;5;Libre
3616;Sector1_Preferencia_Media;8;6;Libre
3617;Sector1_Preferencia_Media;8;7;Libre
3618;Sector1_Preferencia_Media;8;8;Libre
3619;Sector1_Preferencia_Media;8;9;Libre
3620;Sector1_Preferencia_Media;8;10;Libre
3621;Sector1_Preferencia_Media;8;11;Libre
3622;Sector1_Preferencia_Media;8;12;Libre
3623;Sector1_Preferencia_Media;8;13;Libre
3624;Sector1_Preferencia_Media;8;14;Libre
3625;Sector1_Preferencia_Media;8;15;Libre
3626;Sector1_Preferencia_Media;8;16;Libre
3627;Sector1_Preferencia_Media;8;17;Libre
3628;Sector1_Preferencia_Media;8;18;Libre
3629;Sector1_Preferencia_Media;8;19;Libre
3630;Sector1_Preferencia_Media;8;20;Libre
3631;Sector1_Preferencia_Media;7;1;Libre
3632;Sector1_Preferencia_Media;7;2;Libre
3633;Sector1_Preferencia_Media;7;3;Libre
3634;Sector1_Preferencia_Media;7;4;Libre
3635;Sector1_Preferencia_Media;7;5;Libre
3636;Sector1_Preferencia_Media;7;6;Libre
3637;Sector1_Preferencia_Media;7;7;Libre
3638;Sector1_Preferencia_Media;7;8;Libre
3639;Sector1_Preferencia_Media;7;9;Libre
3640;Sector1_Preferencia_Media;7;10;Libre
3641;Sector1_Preferencia_Media;7;11;Libre
3642;Sector1_Preferencia_Media;7;12;Libre
3643;Sector1_Preferencia_Media;7;13;Libre
3644;Sector1_Preferencia_Media;7;14;Libre
3645;Sector1_Preferencia_Media;7;15;Libre
3646;Sector1_Preferencia_Media;7;16;Libre
3647;Sector1_Preferencia_Media;7;17;Libre
3648;Sector1_Preferencia_Media;7;18;Libre
3649;Sector1_Preferencia_Media;7;19;Libre
3650;Sector1_Preferencia_Media;7;20;Libre
3651;Sector1_Preferencia_Media;6;1;Libre
3652;Sector1_Preferencia_Media;6;2;Libre
3653;Sector1_Preferencia_Media;6;3;Libre
3654;Sector1_Preferencia_Media;6;4;Libre
3655;Sector1_Preferencia_Media;6;5;Libre
3656;Sector1_Preferencia_Media;6;6;Libre
3657;Sector1_Preferencia_Media;6;7;Libre
3658;Sector1_Preferencia_Media;6;8;Libre
3659;Sector1_Preferencia_Media;6;9;Libre
3660;Sector1_Preferencia_Media;6;10;Libre
3661;Sector1_Preferencia_Media;6;11;Libre
3662;Sector1_Preferencia_Media;6;12;Libre
3663;Sector1_Preferencia_Media;6;13;Libre
3664;Sector1_Preferencia_Media;6;14;Libre
3665;Sector1_Preferencia_Media;6;15;Libre
3666;Sector1_Preferencia_Media;6;16;Libre
3667;Sector1_Preferencia_Media;6;17;Libre
3668;Sector1_Preferencia_Media;6;18;Libre
3669;Sector1_Preferencia_Media;6;19;Libre
3670;Sector1_Preferencia_Media;6;20;Libre
3671;Sector1_Preferencia_Media;5;1;Libre
3672;Sector1_Preferencia_Media;5;2;Libre
3673;Sector1_Preferencia_Media;5;3;Libre
3674;Sector1_Preferencia_Media;5;4;Libre
3675;Sector1_Preferencia_Media;5;5;Libre
3676;Sector1_Preferencia_Media;5;6;Libre
3677;Sector1_Preferencia_Media;5;7;Libre
3678;Sector1_Preferencia_Media;5;8;Libre
3679;Sector1_Preferencia_Media;5;9;Libre
3680;Sector1_Preferencia_Media;5;10;Libre
3681;Sector1_Preferencia_Media;5;11;Libre
3682;Sector1_Preferencia_Media;5;12;Libre
3683;Sector1_Preferencia_Media;5;13;Libre
3684;Sector1_Preferencia_Media;5;14;Libre
3685;Sector1_Preferencia_Media;5;15;Libre
3686;Sector1_Preferencia_Media;5;16;Libre
3687;Sector1_Preferencia_Media;5;17;Libre
3688;Sector1_Preferencia_Media;5;18;Libre
3689;Sector1_Preferencia_Media;5;19;Libre
3690;Sector1_Preferencia_Media;5;20;Libre
3691;Sector1_Preferencia_Media;4;1;Libre
3692;Sector1_Preferencia_Media;4;2;Libre
3693;Sector1_Preferencia_Media;4;3;Libre
3694;Sector1_Preferencia_Media;4;4;Libre
3695;Sector1_Preferencia_Media;4;5;Libre
3696;Sector1_Preferencia_Media;4;6;Libre
3697;Sector1_Preferencia_Media;4;7;Libre
3698;Sector1_Preferencia_Media;4;8;Libre
3699;Sector1_Preferencia_Media;4;9;Libre
3700;Sector1_Preferencia_Media;4;10;Libre
3701;Sector1_Preferencia_Media;4;11;Libre
3702;Sector1_Preferencia_Media;4;12;Libre
3703;Sector1_Preferencia_Media;4;13;Libre
3704;Sector1_Preferencia_Media;4;14;Libre
3705;Sector1_Preferencia_Media;4;15;Libre
3706;Sector1_Preferencia_Media;4;16;Libre
3707;Sector1_Preferencia_Media;4;17;Libre
3708;Sector1_Preferencia_Media;4;18;Libre
3709;Sector1_Preferencia_Media;4;19;Libre
3710;Sector1_Preferencia_Media;4;20;Libre
3711;Sector1_Preferencia_Media;3;1;Libre
3712;Sector1_Preferencia_Media;3;2;Libre
3713;Sector1_Preferencia_Media;3;3;Libre
3714;Sector1_Preferencia_Media;3;4;Libre
3715;Sector1_Preferencia_Media;3;5;Libre
3716;Sector1_Preferencia_Media;3;6;Libre
3717;Sector1_Preferencia_Media;3;7;Libre
3718;Sector1_Preferencia_Media;3;8;Libre
3719;Sector1_Preferencia_Media;3;9;Libre
3720;Sector1_Preferencia_Media;3;10;Libre
3721;Sector1_Preferencia_Media;3;11;Libre
3722;Sector1_Preferencia_Media;3;12;Libre
3723;Sector1_Preferencia_Media;3;13;Libre
3724;Sector1_Preferencia_Media;3;14;Libre
3725;Sector1_Preferencia_Media;3;15;Libre
3726;Sector1_Preferencia_Media;3;16;Libre
3727;Sector1_Preferencia_Media;3;17;Libre
3728;Sector1_Preferencia_Media;3;18;Libre
3729;Sector1_Preferencia_Media;3;19;Libre
3730;Sector1_Preferencia_Media;3;20;Libre
3731;Sector1_Preferencia_Media;2;1;Libre
3732;Sector1_Preferencia_Media;2;2;Libre
3733;Sector1_Preferencia_Media;2;3;Libre
3734;Sector1_Preferencia_Media;2;4;Libre
3735;Sector1_Preferencia_Media;2;5;Libre
3736;Sector1_Preferencia_Media;2;6;Libre
3737;Sector1_Preferencia_Media;2;7;Libre
3738;Sector1_Preferencia_Media;2;8;Libre
3739;Sector1_Preferencia_Media;2;9;Libre
3740;Sector1_Preferencia_Media;2;10;Libre
3741;Sector1_Preferencia_Media;2;11;Libre
3742;Sector1_Preferencia_Media;2;12;Libre
3743;Sector1_Preferencia_Media;2;13;Libre
3744;Sector1_Preferencia_Media;2;14;Libre
3745;Sector1_Preferencia_Media;2;15;Libre
3746;Sector1_Preferencia_Media;2;16;Libre
3747;Sector1_Preferencia_Media;2;17;Libre
3748;Sector1_Preferencia_Media;2;18;Libre
3749;Sector1_Preferencia_Media;2;19;Libre
3750;Sector1_Preferencia_Media;2;20;Libre
3751;Sector1_Preferencia_Media;1;1;Libre
3752;Sector1_Preferencia_Media;1;2;Libre
3753;Sector1_Preferencia_Media;1;3;Libre
3754;Sector1_Preferencia_Media;1;4;Libre
3755;Sector1_Preferencia_Media;1;5;Libre
3756;Sector1_Preferencia_Media;1;6;Libre
3757;Sector1_Preferencia_Media;1;7;Libre
3758;Sector1_Preferencia_Media;1;8;Libre
3759;Sector1_Preferencia_Media;1;9;Libre
3760;Sector1_Preferencia_Media;1;10;Libre
3761;Sector1_Preferencia_Media;1;11;Libre
3762;Sector1_Preferencia_Media;1;12;Libre
3763;Sector1_Preferencia_Media;1;13;Libre
3764;Sector1_Preferencia_Media;1;14;Libre
3765;Sector1_Preferencia_Media;1;15;Libre
3766;Sector1_Preferencia_Media;1;16;Libre
3767;Sector1_Preferencia_Media;1;17;Libre
3768;Sector1_Preferencia_Media;1;18;Libre
3769;Sector1_Preferencia_Media;1;19;Libre
3770;Sector1_Preferencia_Media;1;20;Libre
3771;Sector2_Preferencia_Media;8;1;Libre
3772;Sector2_Preferencia_Media;8;2;Libre
3773;Sector2_Preferencia_Media;8;3;Libre
3774;Sector2_Preferencia_Media;8;4;Libre
3775;Sector2_Preferencia_Media;8;5;Libre
3776;Sector2_Preferencia_Media;8;6;Libre
3777;Sector2_Preferencia_Media;8;7;Libre
3778;Sector2_Preferencia_Media;8;8;Libre
3779;Sector2_Preferencia_Media;8;9;Libre
3780;Sector2_Preferencia_Media;8;10;Libre
3781;Sector2_Preferencia_Media;8;11;Libre
3782;Sector2_Preferencia_Media;8;12;Libre
3783;Sector2_Preferencia_Media;8;13;Libre
3784;Sector2_Preferencia_Media;8;14;Libre
3785;Sector2_Preferencia_Media;8;15;Libre
3786;Sector2_Preferencia_Media;8;16;Libre
3787;Sector2_Preferencia_Media;8;17;Libre
3788;Sector2_Preferencia_Media;8;18;Libre
3789;Sector2_Preferencia_Media;8;19;Libre
3790;Sector2_Preferencia_Media;8;20;Libre
3791;Sector2_Preferencia_Media;7;1;Libre
3792;Sector2_Preferencia_Media;7;2;Libre
3793;Sector2_Preferencia_Media;7;3;Libre
3794;Sector2_Preferencia_Media;7;4;Libre
3795;Sector2_Preferencia_Media;7;5;Libre
3796;Sector2_Preferencia_Media;7;6;Libre
3797;Sector2_Preferencia_Media;7;7;Libre
3798;Sector2_Preferencia_Media;7;8;Libre
3799;Sector2_Preferencia_Media;7;9;Libre
3800;Sector2_Preferencia_Media;7;10;Libre
3801;Sector2_Preferencia_Media;7;11;Libre
3802;Sector2_Preferencia_Media;7;12;Libre
3803;Sector2_Preferencia_Media;7;13;Libre
3804;Sector2_Preferencia_Media;7;14;Libre
3805;Sector2_Preferencia_Media;7;15;Libre
3806;Sector2_Preferencia_Media;7;16;Libre
3807;Sector2_Preferencia_Media;7;17;Libre
3808;Sector2_Preferencia_Media;7;18;Libre
3809;Sector2_Preferencia_Media;7;19;Libre
3810;Sector2_Preferencia_Media;7;20;Libre
3811;Sector2_Preferencia_Media;6;1;Libre
3812;Sector2_Preferencia_Media;6;2;Libre
3813;Sector2_Preferencia_Media;6;3;Libre
3814;Sector2_Preferencia_Media;6;4;Libre
3815;Sector2_Preferencia_Media;6;5;Libre
3816;Sector2_Preferencia_Media;6;6;Libre
3817;Sector2_Preferencia_Media;6;7;Libre
3818;Sector2_Preferencia_Media;6;8;Libre
3819;Sector2_Preferencia_Media;6;9;Libre
3820;Sector2_Preferencia_Media;6;10;Libre
3821;Sector2_Preferencia_Media;6;11;Libre
3822;Sector2_Preferencia_Media;6;12;Libre
3823;Sector2_Preferencia_Media;6;13;Libre
3824;Sector2_Preferencia_Media;6;14;Libre
3825;Sector2_Preferencia_Media;6;15;Libre
3826;Sector2_Preferencia_Media;6;16;Libre
3827;Sector2_Preferencia_Media;6;17;Libre
3828;Sector2_Preferencia_Media;6;18;Libre
3829;Sector2_Preferencia_Media;6;19;Libre
3830;Sector2_Preferencia_Media;6;20;Libre
3831;Sector2_Preferencia_Media;5;1;Libre
3832;Sector2_Preferencia_Media;5;2;Libre
3833;Sector2_Preferencia_Media;5;3;Libre
3834;Sector2_Preferencia_Media;5;4;Libre
3835;Sector2_Preferencia_Media;5;5;Libre
3836;Sector2_Preferencia_Media;5;6;Libre
3837;Sector2_Preferencia_Media;5;7;Libre
3838;Sector2_Preferencia_Media;5;8;Libre
3839;Sector2_Preferencia_Media;5;9;Libre
3840;Sector2_Preferencia_Media;5;10;Libre
3841;Sector2_Preferencia_Media;5;11;Libre
3842;Sector2_Preferencia_Media;5;12;Libre
3843;Sector2_Preferencia_Media;5;13;Libre
3844;Sector2_Preferencia_Media;5;14;Libre
3845;Sector2_Preferencia_Media;5;15;Libre
3846;Sector2_Preferencia_Media;5;16;Libre
3847;Sector2_Preferencia_Media;5;17;Libre
3848;Sector2_Preferencia_Media;5;18;Libre
3849;Sector2_Preferencia_Media;5;19;Libre
3850;Sector2_Preferencia_Media;5;20;Libre
3851;Sector2_Preferencia_Media;4;1;Libre
3852;Sector2_Preferencia_Media;4;2;Libre
3853;Sector2_Preferencia_Media;4;3;Libre
3854;Sector2_Preferencia_Media;4;4;Libre
3855;Sector2_Preferencia_Media;4;5;Libre
3856;Sector2_Preferencia_Media;4;6;Libre
3857;Sector2_Preferencia_Media;4;7;Libre
3858;Sector2_Preferencia_Media;4;8;Libre
3859;Sector2_Preferencia_Media;4;9;Libre
3860;Sector2_Preferencia_Media;4;10;Libre
3861;Sector2_Preferencia_Media;4;11;Libre
3862;Sector2_Preferencia_Media;4;12;Libre
3863;Sector2_Preferencia_Media;4;13;Libre
3864;Sector2_Preferencia_Media;4;14;Libre
3865;Sector2_Preferencia_Media;4;15;Libre
3866;Sector2_Preferencia_Media;4;16;Libre
3867;Sector2_Preferencia_Media;4;17;Libre
3868;Sector2_Preferencia_Media;4;18;Libre
3869;Sector2_Preferencia_Media;4;19;Libre
3870;Sector2_Preferencia_Media;4;20;Libre
3871;Sector2_Preferencia_Media;3;1;Libre
3872;Sector2_Preferencia_Media;3;2;Libre
3873;Sector2_Preferencia_Media;3;3;Libre
3874;Sector2_Preferencia_Media;3;4;Libre
3875;Sector2_Preferencia_Media;3;5;Libre
3876;Sector2_Preferencia_Media;3;6;Libre
3877;Sector2_Preferencia_Media;3;7;Libre
3878;Sector2_Preferencia_Media;3;8;Libre
3879;Sector2_Preferencia_Media;3;9;Libre
3880;Sector2_Preferencia_Media;3;10;Libre
3881;Sector2_Preferencia_Media;3;11;Libre
3882;Sector2_Preferencia_Media;3;12;Libre
3883;Sector2_Preferencia_Media;3;13;Libre
3884;Sector2_Preferencia_Media;3;14;Libre
3885;Sector2_Preferencia_Media;3;15;Libre
3886;Sector2_Preferencia_Media;3;16;Libre
3887;Sector2_Preferencia_Media;3;17;Libre
3888;Sector2_Preferencia_Media;3;18;Libre
3889;Sector2_Preferencia_Media;3;19;Libre
3890;Sector2_Preferencia_Media;3;20;Libre
3891;Sector2_Preferencia_Media;2;1;Libre
3892;Sector2_Preferencia_Media;2;2;Libre
3893;Sector2_Preferencia_Media;2;3;Libre
3894;Sector2_Preferencia_Media;2;4;Libre
3895;Sector2_Preferencia_Media;2;5;Libre
3896;Sector2_Preferencia_Media;2;6;Libre
3897;Sector2_Preferencia_Media;2;7;Libre
3898;Sector2_Preferencia_Media;2;8;Libre
3899;Sector2_Preferencia_Media;2;9;Libre
3900;Sector2_Preferencia_Media;2;10;Libre
3901;Sector2_Preferencia_Media;2;11;Libre
3902;Sector2_Preferencia_Media;2;12;Libre
3903;Sector2_Preferencia_Media;2;13;Libre
3904;Sector2_Preferencia_Media;2;14;Libre
3905;Sector2_Preferencia_Media;2;15;Libre
3906;Sector2_Preferencia_Media;2;16;Libre
3907;Sector2_Preferencia_Media;2;17;Libre
3908;Sector2_Preferencia_Media;2;18;Libre
3909;Sector2_Preferencia_Media;2;19;Libre
3910;Sector2_Preferencia_Media;2;20;Libre
3911;Sector2_Preferencia_Media;1;1;Libre
3912;Sector2_Preferencia_Media;1;2;Libre
3913;Sector2_Preferencia_Media;1;3;Libre
3914;Sector2_Preferencia_Media;1;4;Libre
3915;Sector2_Preferencia_Media;1;5;Libre
3916;Sector2_Preferencia_Media;1;6;Libre
3917;Sector2_Preferencia_Media;1;7;Libre
3918;Sector2_Preferencia_Media;1;8;Libre
3919;Sector2_Preferencia_Media;1;9;Libre
3920;Sector2_Preferencia_Media;1;10;Libre
3921;Sector2_Preferencia_Media;1;11;Libre
3922;Sector2_Preferencia_Media;1;12;Libre
3923;Sector2_Preferencia_Media;1;13;Libre
3924;Sector2_Preferencia_Media;1;14;Libre
3925;Sector2_Preferencia_Media;1;15;Libre
3926;Sector2_Preferencia_Media;1;16;Libre
3927;Sector2_Preferencia_Media;1;17;Libre
3928;Sector2_Preferencia_Media;1;18;Libre
3929;Sector2_Preferencia_Media;1;19;Libre
3930;Sector2_Preferencia_Media;1;20;Libre
3931;Sector3_Preferencia_Media;8;1;Libre
3932;Sector3_Preferencia_Media;8;2;Libre
3933;Sector3_Preferencia_Media;8;3;Libre
3934;Sector3_Preferencia_Media;8;4;Libre
3935;Sector3_Preferencia_Media;8;5;Libre
3936;Sector3_Preferencia_Media;8;6;Libre
3937;Sector3_Preferencia_Media;8;7;Libre
3938;Sector3_Preferencia_Media;8;8;Libre
3939;Sector3_Preferencia_Media;8;9;Libre
3940;Sector3_Preferencia_Media;8;10;Libre
3941;Sector3_Preferencia_Media;8;11;Libre
3942;Sector3_Preferencia_Media;8;12;Libre
3943;Sector3_Preferencia_Media;8;13;Libre
3944;Sector3_Preferencia_Media;8;14;Libre
3945;Sector3_Preferencia_Media;8;15;Libre
3946;Sector3_Preferencia_Media;8;16;Libre
3947;Sector3_Preferencia_Media;8;17;Libre
3948;Sector3_Preferencia_Media;8;18;Libre
3949;Sector3_Preferencia_Media;8;19;Libre
3950;Sector3_Preferencia_Media;8;20;Libre
3951;Sector3_Preferencia_Media;7;1;Libre
3952;Sector3_Preferencia_Media;7;2;Libre
3953;Sector3_Preferencia_Media;7;3;Libre
3954;Sector3_Preferencia_Media;7;4;Libre
3955;Sector3_Preferencia_Media;7;5;Libre
3956;Sector3_Preferencia_Media;7;6;Libre
3957;Sector3_Preferencia_Media;7;7;Libre
3958;Sector3_Preferencia_Media;7;8;Libre
3959;Sector3_Preferencia_Media;7;9;Libre
3960;Sector3_Preferencia_Media;7;10;Libre
3961;Sector3_Preferencia_Media;7;11;Libre
3962;Sector3_Preferencia_Media;7;12;Libre
3963;Sector3_Preferencia_Media;7;13;Libre
3964;Sector3_Preferencia_Media;7;14;Libre
3965;Sector3_Preferencia_Media;7;15;Libre
3966;Sector3_Preferencia_Media;7;16;Libre
3967;Sector3_Preferencia_Media;7;17;Libre
3968;Sector3_Preferencia_Media;7;18;Libre
3969;Sector3_Preferencia_Media;7;19;Libre
3970;Sector3_Preferencia_Media;7;20;Libre
3971;Sector3_Preferencia_Media;6;1;Libre
3972;Sector3_Preferencia_Media;6;2;Libre
3973;Sector3_Preferencia_Media;6;3;Libre
3974;Sector3_Preferencia_Media;6;4;Libre
3975;Sector3_Preferencia_Media;6;5;Libre
3976;Sector3_Preferencia_Media;6;6;Libre
3977;Sector3_Preferencia_Media;6;7;Libre
3978;Sector3_Preferencia_Media;6;8;Libre
3979;Sector3_Preferencia_Media;6;9;Libre
3980;Sector3_Preferencia_Media;6;10;Libre
3981;Sector3_Preferencia_Media;6;11;Libre
3982;Sector3_Preferencia_Media;6;12;Libre
3983;Sector3_Preferencia_Media;6;13;Libre
3984;Sector3_Preferencia_Media;6;14;Libre
3985;Sector3_Preferencia_Media;6;15;Libre
3986;Sector3_Preferencia_Media;6;16;Libre
3987;Sector3_Preferencia_Media;6;17;Libre
3988;Sector3_Preferencia_Media;6;18;Libre
3989;Sector3_Preferencia_Media;6;19;Libre
3990;Sector3_Preferencia_Media;6;20;Libre
3991;Sector3_Preferencia_Media;5;1;Libre
3992;Sector3_Preferencia_Media;5;2;Libre
3993;Sector3_Preferencia_Media;5;3;Libre
3994;Sector3_Preferencia_Media;5;4;Libre
3995;Sector3_Preferencia_Media;5;5;Libre
3996;Sector3_Preferencia_Media;5;6;Libre
3997;Sector3_Preferencia_Media;5;7;Libre
3998;Sector3_Preferencia_Media;5;8;Libre
3999;Sector3_Preferencia_Media;5;9;Libre
4000;Sector3_Preferencia_Media;5;10;Libre
4001;Sector3_Preferencia_Media;5;11;Libre
4002;Sector3_Preferencia_Media;5;12;Libre
4003;Sector3_Preferencia_Media;5;13;Libre
4004;Sector3_Preferencia_Media;5;14;Libre
4005;Sector3_Preferencia_Media;5;15;Libre
4006;Sector3_Preferencia_Media;5;16;Libre
4007;Sector3_Preferencia_Media;5;17;Libre
4008;Sector3_Preferencia_Media;5;18;Libre
4009;Sector3_Preferencia_Media;5;19;Libre
4010;Sector3_Preferencia_Media;5;20;Libre
4011;Sector3_Preferencia_Media;4;1;Libre
4012;Sector3_Preferencia_Media;4;2;Libre
4013;Sector3_Preferencia_Media;4;3;Libre
4014;Sector3_Preferencia_Media;4;4;Libre
4015;Sector3_Preferencia_Media;4;5;Libre
4016;Sector3_Preferencia_Media;4;6;Libre
4017;Sector3_Preferencia_Media;4;7;Libre
4018;Sector3_Preferencia_Media;4;8;Libre
4019;Sector3_Preferencia_Media;4;9;Libre
4020;Sector3_Preferencia_Media;4;10;Libre
4021;Sector3_Preferencia_Media;4;11;Libre
4022;Sector3_Preferencia_Media;4;12;Libre
4023;Sector3_Preferencia_Media;4;13;Libre
4024;Sector3_Preferencia_Media;4;14;Libre
4025;Sector3_Preferencia_Media;4;15;Libre
4026;Sector3_Preferencia_Media;4;16;Libre
4027;Sector3_Preferencia_Media;4;17;Libre
4028;Sector3_Preferencia_Media;4;18;Libre
4029;Sector3_Preferencia_Media;4;19;Libre
4030;Sector3_Preferencia_Media;4;20;Libre
4031;Sector3_Preferencia_Media;3;1;Libre
4032;Sector3_Preferencia_Media;3;2;Libre
4033;Sector3_Preferencia_Media;3;3;Libre
4034;Sector3_Preferencia_Media;3;4;Libre
4035;Sector3_Preferencia_Media;3;5;Libre
4036;Sector3_Preferencia_Media;3;6;Libre
4037;Sector3_Preferencia_Media;3;7;Libre
4038;Sector3_Preferencia_Media;3;8;Libre
4039;Sector3_Preferencia_Media;3;9;Libre
4040;Sector3_Preferencia_Media;3;10;Libre
4041;Sector3_Preferencia_Media;3;11;Libre
4042;Sector3_Preferencia_Media;3;12;Libre
4043;Sector3_Preferencia_Media;3;13;Libre
4044;Sector3_Preferencia_Media;3;14;Libre
4045;Sector3_Preferencia_Media;3;15;Libre
4046;Sector3_Preferencia_Media;3;16;Libre
4047;Sector3_Preferencia_Media;3;17;Libre
4048;Sector3_Preferencia_Media;3;18;Libre
4049;Sector3_Preferencia_Media;3;19;Libre
4050;Sector3_Preferencia_Media;3;20;Libre
4051;Sector3_Preferencia_Media;2;1;Libre
4052;Sector3_Preferencia_Media;2;2;Libre
4053;Sector3_Preferencia_Media;2;3;Libre
4054;Sector3_Preferencia_Media;2;4;Libre
4055;Sector3_Preferencia_Media;2;5;Libre
4056;Sector3_Preferencia_Media;2;6;Libre
4057;Sector3_Preferencia_Media;2;7;Libre
4058;Sector3_Preferencia_Media;2;8;Libre
4059;Sector3_Preferencia_Media;2;9;Libre
4060;Sector3_Preferencia_Media;2;10;Libre
4061;Sector3_Preferencia_Media;2;11;Libre
4062;Sector3_Preferencia_Media;2;12;Libre
4063;Sector3_Preferencia_Media;2;13;Libre
4064;Sector3_Preferencia_Media;2;14;Libre
4065;Sector3_Preferencia_Media;2;15;Libre
4066;Sector3_Preferencia_Media;2;16;Libre
4067;Sector3_Preferencia_Media;2;17;Libre
4068;Sector3_Preferencia_Media;2;18;Libre
4069;Sector3_Preferencia_Media;2;19;Libre
4070;Sector3_Preferencia_Media;2;20;Libre
4071;Sector3_Preferencia_Media;1;1;Libre
4072;Sector3_Preferencia_Media;1;2;Libre
4073;Sector3_Preferencia_Media;1;3;Libre
4074;Sector3_Preferencia_Media;1;4;Libre
4075;Sector3_Preferencia_Media;1;5;Libre
4076;Sector3_Preferencia_Media;1;6;Libre
4077;Sector3_Preferencia_Media;1;7;Libre
4078;Sector3_Preferencia_Media;1;8;Libre
4079;Sector3_Preferencia_Media;1;9;Libre
4080;Sector3_Preferencia_Media;1;10;Libre
4081;Sector3_Preferencia_Media;1;11;Libre
4082;Sector3_Preferencia_Media;1;12;Libre
4083;Sector3_Preferencia_Media;1;13;Libre
4084;Sector3_Preferencia_Media;1;14;Libre
4085;Sector3_Preferencia_Media;1;15;Libre
4086;Sector3_Preferencia_Media;1;16;Libre
4087;Sector3_Preferencia_Media;1;17;Libre
4088;Sector3_Preferencia_Media;1;18;Libre
4089;Sector3_Preferencia_Media;1;19;Libre
4090;Sector3_Preferencia_Media;1;20;Libre
4091;Sector4_Preferencia_Media;8;1;Libre
4092;Sector4_Preferencia_Media;8;2;Libre
4093;Sector4_Preferencia_Media;8;3;Libre
4094;Sector4_Preferencia_Media;8;4;Libre
4095;Sector4_Preferencia_Media;8;5;Libre
4096;Sector4_Preferencia_Media;8;6;Libre
4097;Sector4_Preferencia_Media;8;7;Libre
4098;Sector4_Preferencia_Media;8;8;Libre
4099;Sector4_Preferencia_Media;8;9;Libre
4100;Sector4_Preferencia_Media;8;10;Libre
4101;Sector4_Preferencia_Media;8;11;Libre
4102;Sector4_Preferencia_Media;8;12;Libre
4103;Sector4_Preferencia_Media;8;13;Libre
4104;Sector4_Preferencia_Media;8;14;Libre
4105;Sector4_Preferencia_Media;8;15;Libre
4106;Sector4_Preferencia_Media;8;16;Libre
4107;Sector4_Preferencia_Media;8;17;Libre
4108;Sector4_Preferencia_Media;8;18;Libre
4109;Sector4_Preferencia_Media;8;19;Libre
4110;Sector4_Preferencia_Media;8;20;Libre
4111;Sector4_Preferencia_Media;7;1;Libre
4112;Sector4_Preferencia_Media;7;2;Libre
4113;Sector4_Preferencia_Media;7;3;Libre
4114;Sector4_Preferencia_Media;7;4;Libre
4115;Sector4_Preferencia_Media;7;5;Libre
4116;Sector4_Preferencia_Media;7;6;Libre
4117;Sector4_Preferencia_Media;7;7;Libre
4118;Sector4_Preferencia_Media;7;8;Libre
4119;Sector4_Preferencia_Media;7;9;Libre
4120;Sector4_Preferencia_Media;7;10;Libre
4121;Sector4_Preferencia_Media;7;11;Libre
4122;Sector4_Preferencia_Media;7;12;Libre
4123;Sector4_Preferencia_Media;7;13;Libre
4124;Sector4_Preferencia_Media;7;14;Libre
4125;Sector4_Preferencia_Media;7;15;Libre
4126;Sector4_Preferencia_Media;7;16;Libre
4127;Sector4_Preferencia_Media;7;17;Libre
4128;Sector4_Preferencia_Media;7;18;Libre
4129;Sector4_Preferencia_Media;7;19;Libre
4130;Sector4_Preferencia_Media;7;20;Libre
4131;Sector4_Preferencia_Media;6;1;Libre
4132;Sector4_Preferencia_Media;6;2;Libre
4133;Sector4_Preferencia_Media;6;3;Libre
4134;Sector4_Preferencia_Media;6;4;Libre
4135;Sector4_Preferencia_Media;6;5;Libre
4136;Sector4_Preferencia_Media;6;6;Libre
4137;Sector4_Preferencia_Media;6;7;Libre
4138;Sector4_Preferencia_Media;6;8;Libre
4139;Sector4_Preferencia_Media;6;9;Libre
4140;Sector4_Preferencia_Media;6;10;Libre
4141;Sector4_Preferencia_Media;6;11;Libre
4142;Sector4_Preferencia_Media;6;12;Libre
4143;Sector4_Preferencia_Media;6;13;Libre
4144;Sector4_Preferencia_Media;6;14;Libre
4145;Sector4_Preferencia_Media;6;15;Libre
4146;Sector4_Preferencia_Media;6;16;Libre
4147;Sector4_Preferencia_Media;6;17;Libre
4148;Sector4_Preferencia_Media;6;18;Libre
4149;Sector4_Preferencia_Media;6;19;Libre
4150;Sector4_Preferencia_Media;6;20;Libre
4151;Sector4_Preferencia_Media;5;1;Libre
4152;Sector4_Preferencia_Media;5;2;Libre
4153;Sector4_Preferencia_Media;5;3;Libre
4154;Sector4_Preferencia_Media;5;4;Libre
4155;Sector4_Preferencia_Media;5;5;Libre
4156;Sector4_Preferencia_Media;5;6;Libre
4157;Sector4_Preferencia_Media;5;7;Libre
4158;Sector4_Preferencia_Media;5;8;Libre
4159;Sector4_Preferencia_Media;5;9;Libre
4160;Sector4_Preferencia_Media;5;10;Libre
4161;Sector4_Preferencia_Media;5;11;Libre
4162;Sector4_Preferencia_Media;5;12;Libre
4163;Sector4_Preferencia_Media;5;13;Libre
4164;Sector4_Preferencia_Media;5;14;Libre
4165;Sector4_Preferencia_Media;5;15;Libre
4166;Sector4_Preferencia_Media;5;16;Libre
4167;Sector4_Preferencia_Media;5;17;Libre
4168;Sector4_Preferencia_Media;5;18;Libre
4169;Sector4_Preferencia_Media;5;19;Libre
4170;Sector4_Preferencia_Media;5;20;Libre
4171;Sector4_Preferencia_Media;4;1;Libre
4172;Sector4_Preferencia_Media;4;2;Libre
4173;Sector4_Preferencia_Media;4;3;Libre
4174;Sector4_Preferencia_Media;4;4;Libre
4175;Sector4_Preferencia_Media;4;5;Libre
4176;Sector4_Preferencia_Media;4;6;Libre
4177;Sector4_Preferencia_Media;4;7;Libre
4178;Sector4_Preferencia_Media;4;8;Libre
4179;Sector4_Preferencia_Media;4;9;Libre
4180;Sector4_Preferencia_Media;4;10;Libre
4181;Sector4_Preferencia_Media;4;11;Libre
4182;Sector4_Preferencia_Media;4;12;Libre
4183;Sector4_Preferencia_Media;4;13;Libre
4184;Sector4_Preferencia_Media;4;14;Libre
4185;Sector4_Preferencia_Media;4;15;Libre
4186;Sector4_Preferencia_Media;4;16;Libre
4187;Sector4_Preferencia_Media;4;17;Libre
4188;Sector4_Preferencia_Media;4;18;Libre
4189;Sector4_Preferencia_Media;4;19;Libre
4190;Sector4_Preferencia_Media;4;20;Libre
4191;Sector4_Preferencia_Media;3;1;Libre
4192;Sector4_Preferencia_Media;3;2;Libre
4193;Sector4_Preferencia_Media;3;3;Libre
4194;Sector4_Preferencia_Media;3;4;Libre
4195;Sector4_Preferencia_Media;3;5;Libre
4196;Sector4_Preferencia_Media;3;6;Libre
4197;Sector4_Preferencia_Media;3;7;Libre
4198;Sector4_Preferencia_Media;3;8;Libre
4199;Sector4_Preferencia_Media;3;9;Libre
4200;Sector4_Preferencia_Media;3;10;Libre
4201;Sector4_Preferencia_Media;3;11;Libre
4202;Sector4_Preferencia_Media;3;12;Libre
4203;Sector4_Preferencia_Media;3;13;Libre
4204;Sector4_Preferencia_Media;3;14;Libre
4205;Sector4_Preferencia_Media;3;15;Libre
4206;Sector4_Preferencia_Media;3;16;Libre
4207;Sector4_Preferencia_Media;3;17;Libre
4208;Sector4_Preferencia_Media;3;18;Libre
4209;Sector4_Preferencia_Media;3;19;Libre
4210;Sector4_Preferencia_Media;3;20;Libre
4211;Sector4_Preferencia_Media;2;1;Libre
4212;Sector4_Preferencia_Media;2;2;Libre
4213;Sector4_Preferencia_Media;2;3;Libre
4214;Sector4_Preferencia_Media;2;4;Libre
4215;Sector4_Preferencia_Media;2;5;Libre
4216;Sector4_Preferencia_Media;2;6;Libre
4217;Sector4_Preferencia_Media;2;7;Libre
4218;Sector4_Preferencia_Media;2;8;Libre
4219;Sector4_Preferencia_Media;2;9;Libre
4220;Sector4_Preferencia_Media;2;10;Libre
4221;Sector4_Preferencia_Media;2;11;Libre
4222;Sector4_Preferencia_Media;2;12;Libre
4223;Sector4_Preferencia_Media;2;13;Libre
4224;Sector4_Preferencia_Media;2;14;Libre
4225;Sector4_Preferencia_Media;2;15;Libre
4226;Sector4_Preferencia_Media;2;16;Libre
4227;Sector4_Preferencia_Media;2;17;Libre
4228;Sector4_Preferencia_Media;2;18;Libre
4229;Sector4_Preferencia_Media;2;19;Libre
4230;Sector4_Preferencia_Media;2;20;Libre
4231;Sector4_Preferencia_Media;1;1;Libre
4232;Sector4_Preferencia_Media;1;2;Libre
4233;Sector4_Preferencia_Media;1;3;Libre
4234;Sector4_Preferencia_Media;1;4;Libre
4235;Sector4_Preferencia_Media;1;5;Libre
4236;Sector4_Preferencia_Media;1;6;Libre
4237;Sector4_Preferencia_Media;1;7;Libre
4238;Sector4_Preferencia_Media;1;8;Libre
4239;Sector4_Preferencia_Media;1;9;Libre
4240;Sector4_Preferencia_Media;1;10;Libre
4241;Sector4_Preferencia_Media;1;11;Libre
4242;Sector4_Preferencia_Media;1;12;Libre
4243;Sector4_Preferencia_Media;1;13;Libre
4244;Sector4_Preferencia_Media;1;14;Libre
4245;Sector4_Preferencia_Media;1;15;Libre
4246;Sector4_Preferencia_Media;1;16;Libre
4247;Sector4_Preferencia_Media;1;17;Libre
4248;Sector4_Preferencia_Media;1;18;Libre
4249;Sector4_Preferencia_Media;1;19;Libre
4250;Sector4_Preferencia_Media;1;20;Libre
4251;Sector5_Preferencia_Media;8;1;Libre
4252;Sector5_Preferencia_Media;8;2;Libre
4253;Sector5_Preferencia_Media;8;3;Libre
4254;Sector5_Preferencia_Media;8;4;Libre
4255;Sector5_Preferencia_Media;8;5;Libre
4256;Sector5_Preferencia_Media;8;6;Libre
4257;Sector5_Preferencia_Media;8;7;Libre
4258;Sector5_Preferencia_Media;8;8;Libre
4259;Sector5_Preferencia_Media;8;9;Libre
4260;Sector5_Preferencia_Media;8;10;Libre
4261;Sector5_Preferencia_Media;8;11;Libre
4262;Sector5_Preferencia_Media;8;12;Libre
4263;Sector5_Preferencia_Media;8;13;Libre
4264;Sector5_Preferencia_Media;8;14;Libre
4265;Sector5_Preferencia_Media;8;15;Libre
4266;Sector5_Preferencia_Media;8;16;Libre
4267;Sector5_Preferencia_Media;8;17;Libre
4268;Sector5_Preferencia_Media;8;18;Libre
4269;Sector5_Preferencia_Media;8;19;Libre
4270;Sector5_Preferencia_Media;8;20;Libre
4271;Sector5_Preferencia_Media;7;1;Libre
4272;Sector5_Preferencia_Media;7;2;Libre
4273;Sector5_Preferencia_Media;7;3;Libre
4274;Sector5_Preferencia_Media;7;4;Libre
4275;Sector5_Preferencia_Media;7;5;Libre
4276;Sector5_Preferencia_Media;7;6;Libre
4277;Sector5_Preferencia_Media;7;7;Libre
4278;Sector5_Preferencia_Media;7;8;Libre
4279;Sector5_Preferencia_Media;7;9;Libre
4280;Sector5_Preferencia_Media;7;10;Libre
4281;Sector5_Preferencia_Media;7;11;Libre
4282;Sector5_Preferencia_Media;7;12;Libre
4283;Sector5_Preferencia_Media;7;13;Libre
4284;Sector5_Preferencia_Media;7;14;Libre
4285;Sector5_Preferencia_Media;7;15;Libre
4286;Sector5_Preferencia_Media;7;16;Libre
4287;Sector5_Preferencia_Media;7;17;Libre
4288;Sector5_Preferencia_Media;7;18;Libre
4289;Sector5_Preferencia_Media;7;19;Libre
4290;Sector5_Preferencia_Media;7;20;Libre
4291;Sector5_Preferencia_Media;6;1;Libre
4292;Sector5_Preferencia_Media;6;2;Libre
4293;Sector5_Preferencia_Media;6;3;Libre
4294;Sector5_Preferencia_Media;6;4;Libre
4295;Sector5_Preferencia_Media;6;5;Libre
4296;Sector5_Preferencia_Media;6;6;Libre
4297;Sector5_Preferencia_Media;6;7;Libre
4298;Sector5_Preferencia_Media;6;8;Libre
4299;Sector5_Preferencia_Media;6;9;Libre
4300;Sector5_Preferencia_Media;6;10;Libre
4301;Sector5_Preferencia_Media;6;11;Libre
4302;Sector5_Preferencia_Media;6;12;Libre
4303;Sector5_Preferencia_Media;6;13;Libre
4304;Sector5_Preferencia_Media;6;14;Libre
4305;Sector5_Preferencia_Media;6;15;Libre
4306;Sector5_Preferencia_Media;6;16;Libre
4307;Sector5_Preferencia_Media;6;17;Libre
4308;Sector5_Preferencia_Media;6;18;Libre
4309;Sector5_Preferencia_Media;6;19;Libre
4310;Sector5_Preferencia_Media;6;20;Libre
4311;Sector5_Preferencia_Media;5;1;Libre
4312;Sector5_Preferencia_Media;5;2;Libre
4313;Sector5_Preferencia_Media;5;3;Libre
4314;Sector5_Preferencia_Media;5;4;Libre
4315;Sector5_Preferencia_Media;5;5;Libre
4316;Sector5_Preferencia_Media;5;6;Libre
4317;Sector5_Preferencia_Media;5;7;Libre
4318;Sector5_Preferencia_Media;5;8;Libre
4319;Sector5_Preferencia_Media;5;9;Libre
4320;Sector5_Preferencia_Media;5;10;Libre
4321;Sector5_Preferencia_Media;5;11;Libre
4322;Sector5_Preferencia_Media;5;12;Libre
4323;Sector5_Preferencia_Media;5;13;Libre
4324;Sector5_Preferencia_Media;5;14;Libre
4325;Sector5_Preferencia_Media;5;15;Libre
4326;Sector5_Preferencia_Media;5;16;Libre
4327;Sector5_Preferencia_Media;5;17;Libre
4328;Sector5_Preferencia_Media;5;18;Libre
4329;Sector5_Preferencia_Media;5;19;Libre
4330;Sector5_Preferencia_Media;5;20;Libre
4331;Sector5_Preferencia_Media;4;1;Libre
4332;Sector5_Preferencia_Media;4;2;Libre
4333;Sector5_Preferencia_Media;4;3;Libre
4334;Sector5_Preferencia_Media;4;4;Libre
4335;Sector5_Preferencia_Media;4;5;Libre
4336;Sector5_Preferencia_Media;4;6;Libre
4337;Sector5_Preferencia_Media;4;7;Libre
4338;Sector5_Preferencia_Media;4;8;Libre
4339;Sector5_Preferencia_Media;4;9;Libre
4340;Sector5_Preferencia_Media;4;10;Libre
4341;Sector5_Preferencia_Media;4;11;Libre
4342;Sector5_Preferencia_Media;4;12;Libre
4343;Sector5_Preferencia_Media;4;13;Libre
4344;Sector5_Preferencia_Media;4;14;Libre
4345;Sector5_Preferencia_Media;4;15;Libre
4346;Sector5_Preferencia_Media;4;16;Libre
4347;Sector5_Preferencia_Media;4;17;Libre
4348;Sector5_Preferencia_Media;4;18;Libre
4349;Sector5_Preferencia_Media;4;19;Libre
4350;Sector5_Preferencia_Media;4;20;Libre
4351;Sector5_Preferencia_Media;3;1;Libre
4352;Sector5_Preferencia_Media;3;2;Libre
4353;Sector5_Preferencia_Media;3;3;Libre
4354;Sector5_Preferencia_Media;3;4;Libre
4355;Sector5_Preferencia_Media;3;5;Libre
4356;Sector5_Preferencia_Media;3;6;Libre
4357;Sector5_Preferencia_Media;3;7;Libre
4358;Sector5_Preferencia_Media;3;8;Libre
4359;Sector5_Preferencia_Media;3;9;Libre
4360;Sector5_Preferencia_Media;3;10;Libre
4361;Sector5_Preferencia_Media;3;11;Libre
4362;Sector5_Preferencia_Media;3;12;Libre
4363;Sector5_Preferencia_Media;3;13;Libre
4364;Sector5_Preferencia_Media;3;14;Libre
4365;Sector5_Preferencia_Media;3;15;Libre
4366;Sector5_Preferencia_Media;3;16;Libre
4367;Sector5_Preferencia_Media;3;17;Libre
4368;Sector5_Preferencia_Media;3;18;Libre
4369;Sector5_Preferencia_Media;3;19;Libre
4370;Sector5_Preferencia_Media;3;20;Libre
4371;Sector5_Preferencia_Media;2;1;Libre
4372;Sector5_Preferencia_Media;2;2;Libre
4373;Sector5_Preferencia_Media;2;3;Libre
4374;Sector5_Preferencia_Media;2;4;Libre
4375;Sector5_Preferencia_Media;2;5;Libre
4376;Sector5_Preferencia_Media;2;6;Libre
4377;Sector5_Preferencia_Media;2;7;Libre
4378;Sector5_Preferencia_Media;2;8;Libre
4379;Sector5_Preferencia_Media;2;9;Libre
4380;Sector5_Preferencia_Media;2;10;Libre
4381;Sector5_Preferencia_Media;2;11;Libre
4382;Sector5_Preferencia_Media;2;12;Libre
4383;Sector5_Preferencia_Media;2;13;Libre
4384;Sector5_Preferencia_Media;2;14;Libre
4385;Sector5_Preferencia_Media;2;15;Libre
4386;Sector5_Preferencia_Media;2;16;Libre
4387;Sector5_Preferencia_Media;2;17;Libre
4388;Sector5_Preferencia_Media;2;18;Libre
4389;Sector5_Preferencia_Media;2;19;Libre
4390;Sector5_Preferencia_Media;2;20;Libre
4391;Sector5_Preferencia_Media;1;1;Libre
4392;Sector5_Preferencia_Media;1;2;Libre
4393;Sector5_Preferencia_Media;1;3;Libre
4394;Sector5_Preferencia_Media;1;4;Libre
4395;Sector5_Preferencia_Media;1;5;Libre
4396;Sector5_Preferencia_Media;1;6;Libre
4397;Sector5_Preferencia_Media;1;7;Libre
4398;Sector5_Preferencia_Media;1;8;Libre
4399;Sector5_Preferencia_Media;1;9;Libre
4400;Sector5_Preferencia_Media;1;10;Libre
4401;Sector5_Preferencia_Media;1;11;Libre
4402;Sector5_Preferencia_Media;1;12;Libre
4403;Sector5_Preferencia_Media;1;13;Libre
4404;Sector5_Preferencia_Media;1;14;Libre
4405;Sector5_Preferencia_Media;1;15;Libre
4406;Sector5_Preferencia_Media;1;16;Libre
4407;Sector5_Preferencia_Media;1;17;Libre
4408;Sector5_Preferencia_Media;1;18;Libre
4409;Sector5_Preferencia_Media;1;19;Libre
4410;Sector5_Preferencia_Media;1;20;Libre
4411;Sector6_Preferencia_Media;8;1;Libre
4412;Sector6_Preferencia_Media;8;2;Libre
4413;Sector6_Preferencia_Media;8;3;Libre
4414;Sector6_Preferencia_Media;8;4;Libre
4415;Sector6_Preferencia_Media;8;5;Libre
4416;Sector6_Preferencia_Media;8;6;Libre
4417;Sector6_Preferencia_Media;8;7;Libre
4418;Sector6_Preferencia_Media;8;8;Libre
4419;Sector6_Preferencia_Media;8;9;Libre
4420;Sector6_Preferencia_Media;8;10;Libre
4421;Sector6_Preferencia_Media;8;11;Libre
4422;Sector6_Preferencia_Media;8;12;Libre
4423;Sector6_Preferencia_Media;8;13;Libre
4424;Sector6_Preferencia_Media;8;14;Libre
4425;Sector6_Preferencia_Media;8;15;Libre
4426;Sector6_Preferencia_Media;8;16;Libre
4427;Sector6_Preferencia_Media;8;17;Libre
4428;Sector6_Preferencia_Media;8;18;Libre
4429;Sector6_Preferencia_Media;8;19;Libre
4430;Sector6_Preferencia_Media;8;20;Libre
4431;Sector6_Preferencia_Media;7;1;Libre
4432;Sector6_Preferencia_Media;7;2;Libre
4433;Sector6_Preferencia_Media;7;3;Libre
4434;Sector6_Preferencia_Media;7;4;Libre
4435;Sector6_Preferencia_Media;7;5;Libre
4436;Sector6_Preferencia_Media;7;6;Libre
4437;Sector6_Preferencia_Media;7;7;Libre
4438;Sector6_Preferencia_Media;7;8;Libre
4439;Sector6_Preferencia_Media;7;9;Libre
4440;Sector6_Preferencia_Media;7;10;Libre
4441;Sector6_Preferencia_Media;7;11;Libre
4442;Sector6_Preferencia_Media;7;12;Libre
4443;Sector6_Preferencia_Media;7;13;Libre
4444;Sector6_Preferencia_Media;7;14;Libre
4445;Sector6_Preferencia_Media;7;15;Libre
4446;Sector6_Preferencia_Media;7;16;Libre
4447;Sector6_Preferencia_Media;7;17;Libre
4448;Sector6_Preferencia_Media;7;18;Libre
4449;Sector6_Preferencia_Media;7;19;Libre
4450;Sector6_Preferencia_Media;7;20;Libre
4451;Sector6_Preferencia_Media;6;1;Libre
4452;Sector6_Preferencia_Media;6;2;Libre
4453;Sector6_Preferencia_Media;6;3;Libre
4454;Sector6_Preferencia_Media;6;4;Libre
4455;Sector6_Preferencia_Media;6;5;Libre
4456;Sector6_Preferencia_Media;6;6;Libre
4457;Sector6_Preferencia_Media;6;7;Libre
4458;Sector6_Preferencia_Media;6;8;Libre
4459;Sector6_Preferencia_Media;6;9;Libre
4460;Sector6_Preferencia_Media;6;10;Libre
4461;Sector6_Preferencia_Media;6;11;Libre
4462;Sector6_Preferencia_Media;6;12;Libre
4463;Sector6_Preferencia_Media;6;13;Libre
4464;Sector6_Preferencia_Media;6;14;Libre
4465;Sector6_Preferencia_Media;6;15;Libre
4466;Sector6_Preferencia_Media;6;16;Libre
4467;Sector6_Preferencia_Media;6;17;Libre
4468;Sector6_Preferencia_Media;6;18;Libre
4469;Sector6_Preferencia_Media;6;19;Libre
4470;Sector6_Preferencia_Media;6;20;Libre
4471;Sector6_Preferencia_Media;5;1;Libre
4472;Sector6_Preferencia_Media;5;2;Libre
4473;Sector6_Preferencia_Media;5;3;Libre
4474;Sector6_Preferencia_Media;5;4;Libre
4475;Sector6_Preferencia_Media;5;5;Libre
4476;Sector6_Preferencia_Media;5;6;Libre
4477;Sector6_Preferencia_Media;5;7;Libre
4478;Sector6_Preferencia_Media;5;8;Libre
4479;Sector6_Preferencia_Media;5;9;Libre
4480;Sector6_Preferencia_Media;5;10;Libre
4481;Sector6_Preferencia_Media;5;11;Libre
4482;Sector6_Preferencia_Media;5;12;Libre
4483;Sector6_Preferencia_Media;5;13;Libre
4484;Sector6_Preferencia_Media;5;14;Libre
4485;Sector6_Preferencia_Media;5;15;Libre
4486;Sector6_Preferencia_Media;5;16;Libre
4487;Sector6_Preferencia_Media;5;17;Libre
4488;Sector6_Preferencia_Media;5;18;Libre
4489;Sector6_Preferencia_Media;5;19;Libre
4490;Sector6_Preferencia_Media;5;20;Libre
4491;Sector6_Preferencia_Media;4;1;Libre
4492;Sector6_Preferencia_Media;4;2;Libre
4493;Sector6_Preferencia_Media;4;3;Libre
4494;Sector6_Preferencia_Media;4;4;Libre
4495;Sector6_Preferencia_Media;4;5;Libre
4496;Sector6_Preferencia_Media;4;6;Libre
4497;Sector6_Preferencia_Media;4;7;Libre
4498;Sector6_Preferencia_Media;4;8;Libre
4499;Sector6_Preferencia_Media;4;9;Libre
4500;Sector6_Preferencia_Media;4;10;Libre
4501;Sector6_Preferencia_Media;4;11;Libre
4502;Sector6_Preferencia_Media;4;12;Libre
4503;Sector6_Preferencia_Media;4;13;Libre
4504;Sector6_Preferencia_Media;4;14;Libre
4505;Sector6_Preferencia_Media;4;15;Libre
4506;Sector6_Preferencia_Media;4;16;Libre
4507;Sector6_Preferencia_Media;4;17;Libre
4508;Sector6_Preferencia_Media;4;18;Libre
4509;Sector6_Preferencia_Media;4;19;Libre
4510;Sector6_Preferencia_Media;4;20;Libre
4511;Sector6_Preferencia_Media;3;1;Libre
4512;Sector6_Preferencia_Media;3;2;Libre
4513;Sector6_Preferencia_Media;3;3;Libre
4514;Sector6_Preferencia_Media;3;4;Libre
4515;Sector6_Preferencia_Media;3;5;Libre
4516;Sector6_Preferencia_Media;3;6;Libre
4517;Sector6_Preferencia_Media;3;7;Libre
4518;Sector6_Preferencia_Media;3;8;Libre
4519;Sector6_Preferencia_Media;3;9;Libre
4520;Sector6_Preferencia_Media;3;10;Libre
4521;Sector6_Preferencia_Media;3;11;Libre
4522;Sector6_Preferencia_Media;3;12;Libre
4523;Sector6_Preferencia_Media;3;13;Libre
4524;Sector6_Preferencia_Media;3;14;Libre
4525;Sector6_Preferencia_Media;3;15;Libre
4526;Sector6_Preferencia_Media;3;16;Libre
4527;Sector6_Preferencia_Media;3;17;Libre
4528;Sector6_Preferencia_Media;3;18;Libre
4529;Sector6_Preferencia_Media;3;19;Libre
4530;Sector6_Preferencia_Media;3;20;Libre
4531;Sector6_Preferencia_Media;2;1;Libre
4532;Sector6_Preferencia_Media;2;2;Libre
4533;Sector6_Preferencia_Media;2;3;Libre
4534;Sector6_Preferencia_Media;2;4;Libre
4535;Sector6_Preferencia_Media;2;5;Libre
4536;Sector6_Preferencia_Media;2;6;Libre
4537;Sector6_Preferencia_Media;2;7;Libre
4538;Sector6_Preferencia_Media;2;8;Libre
4539;Sector6_Preferencia_Media;2;9;Libre
4540;Sector6_Preferencia_Media;2;10;Libre
4541;Sector6_Preferencia_Media;2;11;Libre
4542;Sector6_Preferencia_Media;2;12;Libre
4543;Sector6_Preferencia_Media;2;13;Libre
4544;Sector6_Preferencia_Media;2;14;Libre
4545;Sector6_Preferencia_Media;2;15;Libre
4546;Sector6_Preferencia_Media;2;16;Libre
4547;Sector6_Preferencia_Media;2;17;Libre
4548;Sector6_Preferencia_Media;2;18;Libre
4549;Sector6_Preferencia_Media;2;19;Libre
4550;Sector6_Preferencia_Media;2;20;Libre
4551;Sector6_Preferencia_Media;1;1;Libre
4552;Sector6_Preferencia_Media;1;2;Libre
4553;Sector6_Preferencia_Media;1;3;Libre
4554;Sector6_Preferencia_Media;1;4;Libre
4555;Sector6_Preferencia_Media;1;5;Libre
4556;Sector6_Preferencia_Media;1;6;Libre
4557;Sector6_Preferencia_Media;1;7;Libre
4558;Sector6_Preferencia_Media;1;8;Libre
4559;Sector6_Preferencia_Media;1;9;Libre
4560;Sector6_Preferencia_Media;1;10;Libre
4561;Sector6_Preferencia_Media;1;11;Libre
4562;Sector6_Preferencia_Media;1;12;Libre
4563;Sector6_Preferencia_Media;1;13;Libre
4564;Sector6_Preferencia_Media;1;14;Libre
4565;Sector6_Preferencia_Media;1;15;Libre
4566;Sector6_Preferencia_Media;1;16;Libre
4567;Sector6_Preferencia_Media;1;17;Libre
4568;Sector6_Preferencia_Media;1;18;Libre
4569;Sector6_Preferencia_Media;1;19;Libre
4570;Sector6_Preferencia_Media;1;20;Libre
4571;Sector7_Preferencia_Media;8;1;Libre
4572;Sector7_Preferencia_Media;8;2;Libre
4573;Sector7_Preferencia_Media;8;3;Libre
4574;Sector7_Preferencia_Media;8;4;Libre
4575;Sector7_Preferencia_Media;8;5;Libre
4576;Sector7_Preferencia_Media;8;6;Libre
4577;Sector7_Preferencia_Media;8;7;Libre
4578;Sector7_Preferencia_Media;8;8;Libre
4579;Sector7_Preferencia_Media;8;9;Libre
4580;Sector7_Preferencia_Media;8;10;Libre
4581;Sector7_Preferencia_Media;8;11;Libre
4582;Sector7_Preferencia_Media;8;12;Libre
4583;Sector7_Preferencia_Media;8;13;Libre
4584;Sector7_Preferencia_Media;8;14;Libre
4585;Sector7_Preferencia_Media;8;15;Libre
4586;Sector7_Preferencia_Media;8;16;Libre
4587;Sector7_Preferencia_Media;8;17;Libre
4588;Sector7_Preferencia_Media;8;18;Libre
4589;Sector7_Preferencia_Media;8;19;Libre
4590;Sector7_Preferencia_Media;8;20;Libre
4591;Sector7_Preferencia_Media;7;1;Libre
4592;Sector7_Preferencia_Media;7;2;Libre
4593;Sector7_Preferencia_Media;7;3;Libre
4594;Sector7_Preferencia_Media;7;4;Libre
4595;Sector7_Preferencia_Media;7;5;Libre
4596;Sector7_Preferencia_Media;7;6;Libre
4597;Sector7_Preferencia_Media;7;7;Libre
4598;Sector7_Preferencia_Media;7;8;Libre
4599;Sector7_Preferencia_Media;7;9;Libre
4600;Sector7_Preferencia_Media;7;10;Libre
4601;Sector7_Preferencia_Media;7;11;Libre
4602;Sector7_Preferencia_Media;7;12;Libre
4603;Sector7_Preferencia_Media;7;13;Libre
4604;Sector7_Preferencia_Media;7;14;Libre
4605;Sector7_Preferencia_Media;7;15;Libre
4606;Sector7_Preferencia_Media;7;16;Libre
4607;Sector7_Preferencia_Media;7;17;Libre
4608;Sector7_Preferencia_Media;7;18;Libre
4609;Sector7_Preferencia_Media;7;19;Libre
4610;Sector7_Preferencia_Media;7;20;Libre
4611;Sector7_Preferencia_Media;6;1;Libre
4612;Sector7_Preferencia_Media;6;2;Libre
4613;Sector7_Preferencia_Media;6;3;Libre
4614;Sector7_Preferencia_Media;6;4;Libre
4615;Sector7_Preferencia_Media;6;5;Libre
4616;Sector7_Preferencia_Media;6;6;Libre
4617;Sector7_Preferencia_Media;6;7;Libre
4618;Sector7_Preferencia_Media;6;8;Libre
4619;Sector7_Preferencia_Media;6;9;Libre
4620;Sector7_Preferencia_Media;6;10;Libre
4621;Sector7_Preferencia_Media;6;11;Libre
4622;Sector7_Preferencia_Media;6;12;Libre
4623;Sector7_Preferencia_Media;6;13;Libre
4624;Sector7_Preferencia_Media;6;14;Libre
4625;Sector7_Preferencia_Media;6;15;Libre
4626;Sector7_Preferencia_Media;6;16;Libre
4627;Sector7_Preferencia_Media;6;17;Libre
4628;Sector7_Preferencia_Media;6;18;Libre
4629;Sector7_Preferencia_Media;6;19;Libre
4630;Sector7_Preferencia_Media;6;20;Libre
4631;Sector7_Preferencia_Media;5;1;Libre
4632;Sector7_Preferencia_Media;5;2;Libre
4633;Sector7_Preferencia_Media;5;3;Libre
4634;Sector7_Preferencia_Media;5;4;Libre
4635;Sector7_Preferencia_Media;5;5;Libre
4636;Sector7_Preferencia_Media;5;6;Libre
4637;Sector7_Preferencia_Media;5;7;Libre
4638;Sector7_Preferencia_Media;5;8;Libre
4639;Sector7_Preferencia_Media;5;9;Libre
4640;Sector7_Preferencia_Media;5;10;Libre
4641;Sector7_Preferencia_Media;5;11;Libre
4642;Sector7_Preferencia_Media;5;12;Libre
4643;Sector7_Preferencia_Media;5;13;Libre
4644;Sector7_Preferencia_Media;5;14;Libre
4645;Sector7_Preferencia_Media;5;15;Libre
4646;Sector7_Preferencia_Media;5;16;Libre
4647;Sector7_Preferencia_Media;5;17;Libre
4648;Sector7_Preferencia_Media;5;18;Libre
4649;Sector7_Preferencia_Media;5;19;Libre
4650;Sector7_Preferencia_Media;5;20;Libre
4651;Sector7_Preferencia_Media;4;1;Libre
4652;Sector7_Preferencia_Media;4;2;Libre
4653;Sector7_Preferencia_Media;4;3;Libre
4654;Sector7_Preferencia_Media;4;4;Libre
4655;Sector7_Preferencia_Media;4;5;Libre
4656;Sector7_Preferencia_Media;4;6;Libre
4657;Sector7_Preferencia_Media;4;7;Libre
4658;Sector7_Preferencia_Media;4;8;Libre
4659;Sector7_Preferencia_Media;4;9;Libre
4660;Sector7_Preferencia_Media;4;10;Libre
4661;Sector7_Preferencia_Media;4;11;Libre
4662;Sector7_Preferencia_Media;4;12;Libre
4663;Sector7_Preferencia_Media;4;13;Libre
4664;Sector7_Preferencia_Media;4;14;Libre
4665;Sector7_Preferencia_Media;4;15;Libre
4666;Sector7_Preferencia_Media;4;16;Libre
4667;Sector7_Preferencia_Media;4;17;Libre
4668;Sector7_Preferencia_Media;4;18;Libre
4669;Sector7_Preferencia_Media;4;19;Libre
4670;Sector7_Preferencia_Media;4;20;Libre
4671;Sector7_Preferencia_Media;3;1;Libre
4672;Sector7_Preferencia_Media;3;2;Libre
4673;Sector7_Preferencia_Media;3;3;Libre
4674;Sector7_Preferencia_Media;3;4;Libre
4675;Sector7_Preferencia_Media;3;5;Libre
4676;Sector7_Preferencia_Media;3;6;Libre
4677;Sector7_Preferencia_Media;3;7;Libre
4678;Sector7_Preferencia_Media;3;8;Libre
4679;Sector7_Preferencia_Media;3;9;Libre
4680;Sector7_Preferencia_Media;3;10;Libre
4681;Sector7_Preferencia_Media;3;11;Libre
4682;Sector7_Preferencia_Media;3;12;Libre
4683;Sector7_Preferencia_Media;3;13;Libre
4684;Sector7_Preferencia_Media;3;14;Libre
4685;Sector7_Preferencia_Media;3;15;Libre
4686;Sector7_Preferencia_Media;3;16;Libre
4687;Sector7_Preferencia_Media;3;17;Libre
4688;Sector7_Preferencia_Media;3;18;Libre
4689;Sector7_Preferencia_Media;3;19;Libre
4690;Sector7_Preferencia_Media;3;20;Libre
4691;Sector7_Preferencia_Media;2;1;Libre
4692;Sector7_Preferencia_Media;2;2;Libre
4693;Sector7_Preferencia_Media;2;3;Libre
4694;Sector7_Preferencia_Media;2;4;Libre
4695;Sector7_Preferencia_Media;2;5;Libre
4696;Sector7_Preferencia_Media;2;6;Libre
4697;Sector7_Preferencia_Media;2;7;Libre
4698;Sector7_Preferencia_Media;2;8;Libre
4699;Sector7_Preferencia_Media;2;9;Libre
4700;Sector7_Preferencia_Media;2;10;Libre
4701;Sector7_Preferencia_Media;2;11;Libre
4702;Sector7_Preferencia_Media;2;12;Libre
4703;Sector7_Preferencia_Media;2;13;Libre
4704;Sector7_Preferencia_Media;2;14;Libre
4705;Sector7_Preferencia_Media;2;15;Libre
4706;Sector7_Preferencia_Media;2;16;Libre
4707;Sector7_Preferencia_Media;2;17;Libre
4708;Sector7_Preferencia_Media;2;18;Libre
4709;Sector7_Preferencia_Media;2;19;Libre
4710;Sector7_Preferencia_Media;2;20;Libre
4711;Sector7_Preferencia_Media;1;1;Libre
4712;Sector7_Preferencia_Media;1;2;Libre
4713;Sector7_Preferencia_Media;1;3;Libre
4714;Sector7_Preferencia_Media;1;4;Libre
4715;Sector7_Preferencia_Media;1;5;Libre
4716;Sector7_Preferencia_Media;1;6;Libre
4717;Sector7_Preferencia_Media;1;7;Libre
4718;Sector7_Preferencia_Media;1;8;Libre
4719;Sector7_Preferencia_Media;1;9;Libre
4720;Sector7_Preferencia_Media;1;10;Libre
4721;Sector7_Preferencia_Media;1;11;Libre
4722;Sector7_Preferencia_Media;1;12;Libre
4723;Sector7_Preferencia_Media;1;13;Libre
4724;Sector7_Preferencia_Media;1;14;Libre
4725;Sector7_Preferencia_Media;1;15;Libre
4726;Sector7_Preferencia_Media;1;16;Libre
4727;Sector7_Preferencia_Media;1;17;Libre
4728;Sector7_Preferencia_Media;1;18;Libre
4729;Sector7_Preferencia_Media;1;19;Libre
4730;Sector7_Preferencia_Media;1;20;Libre
4731;Sector8_Preferencia_Media;8;1;Libre
4732;Sector8_Preferencia_Media;8;2;Libre
4733;Sector8_Preferencia_Media;8;3;Libre
4734;Sector8_Preferencia_Media;8;4;Libre
4735;Sector8_Preferencia_Media;8;5;Libre
4736;Sector8_Preferencia_Media;8;6;Libre
4737;Sector8_Preferencia_Media;8;7;Libre
4738;Sector8_Preferencia_Media;8;8;Libre
4739;Sector8_Preferencia_Media;8;9;Libre
4740;Sector8_Preferencia_Media;8;10;Libre
4741;Sector8_Preferencia_Media;8;11;Libre
4742;Sector8_Preferencia_Media;8;12;Libre
4743;Sector8_Preferencia_Media;8;13;Libre
4744;Sector8_Preferencia_Media;8;14;Libre
4745;Sector8_Preferencia_Media;8;15;Libre
4746;Sector8_Preferencia_Media;8;16;Libre
4747;Sector8_Preferencia_Media;8;17;Libre
4748;Sector8_Preferencia_Media;8;18;Libre
4749;Sector8_Preferencia_Media;8;19;Libre
4750;Sector8_Preferencia_Media;8;20;Libre
4751;Sector8_Preferencia_Media;7;1;Libre
4752;Sector8_Preferencia_Media;7;2;Libre
4753;Sector8_Preferencia_Media;7;3;Libre
4754;Sector8_Preferencia_Media;7;4;Libre
4755;Sector8_Preferencia_Media;7;5;Libre
4756;Sector8_Preferencia_Media;7;6;Libre
4757;Sector8_Preferencia_Media;7;7;Libre
4758;Sector8_Preferencia_Media;7;8;Libre
4759;Sector8_Preferencia_Media;7;9;Libre
4760;Sector8_Preferencia_Media;7;10;Libre
4761;Sector8_Preferencia_Media;7;11;Libre
4762;Sector8_Preferencia_Media;7;12;Libre
4763;Sector8_Preferencia_Media;7;13;Libre
4764;Sector8_Preferencia_Media;7;14;Libre
4765;Sector8_Preferencia_Media;7;15;Libre
4766;Sector8_Preferencia_Media;7;16;Libre
4767;Sector8_Preferencia_Media;7;17;Libre
4768;Sector8_Preferencia_Media;7;18;Libre
4769;Sector8_Preferencia_Media;7;19;Libre
4770;Sector8_Preferencia_Media;7;20;Libre
4771;Sector8_Preferencia_Media;6;1;Libre
4772;Sector8_Preferencia_Media;6;2;Libre
4773;Sector8_Preferencia_Media;6;3;Libre
4774;Sector8_Preferencia_Media;6;4;Libre
4775;Sector8_Preferencia_Media;6;5;Libre
4776;Sector8_Preferencia_Media;6;6;Libre
4777;Sector8_Preferencia_Media;6;7;Libre
4778;Sector8_Preferencia_Media;6;8;Libre
4779;Sector8_Preferencia_Media;6;9;Libre
4780;Sector8_Preferencia_Media;6;10;Libre
4781;Sector8_Preferencia_Media;6;11;Libre
4782;Sector8_Preferencia_Media;6;12;Libre
4783;Sector8_Preferencia_Media;6;13;Libre
4784;Sector8_Preferencia_Media;6;14;Libre
4785;Sector8_Preferencia_Media;6;15;Libre
4786;Sector8_Preferencia_Media;6;16;Libre
4787;Sector8_Preferencia_Media;6;17;Libre
4788;Sector8_Preferencia_Media;6;18;Libre
4789;Sector8_Preferencia_Media;6;19;Libre
4790;Sector8_Preferencia_Media;6;20;Libre
4791;Sector8_Preferencia_Media;5;1;Libre
4792;Sector8_Preferencia_Media;5;2;Libre
4793;Sector8_Preferencia_Media;5;3;Libre
4794;Sector8_Preferencia_Media;5;4;Libre
4795;Sector8_Preferencia_Media;5;5;Libre
4796;Sector8_Preferencia_Media;5;6;Libre
4797;Sector8_Preferencia_Media;5;7;Libre
4798;Sector8_Preferencia_Media;5;8;Libre
4799;Sector8_Preferencia_Media;5;9;Libre
4800;Sector8_Preferencia_Media;5;10;Libre
4801;Sector8_Preferencia_Media;5;11;Libre
4802;Sector8_Preferencia_Media;5;12;Libre
4803;Sector8_Preferencia_Media;5;13;Libre
4804;Sector8_Preferencia_Media;5;14;Libre
4805;Sector8_Preferencia_Media;5;15;Libre
4806;Sector8_Preferencia_Media;5;16;Libre
4807;Sector8_Preferencia_Media;5;17;Libre
4808;Sector8_Preferencia_Media;5;18;Libre
4809;Sector8_Preferencia_Media;5;19;Libre
4810;Sector8_Preferencia_Media;5;20;Libre
4811;Sector8_Preferencia_Media;4;1;Libre
4812;Sector8_Preferencia_Media;4;2;Libre
4813;Sector8_Preferencia_Media;4;3;Libre
4814;Sector8_Preferencia_Media;4;4;Libre
4815;Sector8_Preferencia_Media;4;5;Libre
4816;Sector8_Preferencia_Media;4;6;Libre
4817;Sector8_Preferencia_Media;4;7;Libre
4818;Sector8_Preferencia_Media;4;8;Libre
4819;Sector8_Preferencia_Media;4;9;Libre
4820;Sector8_Preferencia_Media;4;10;Libre
4821;Sector8_Preferencia_Media;4;11;Libre
4822;Sector8_Preferencia_Media;4;12;Libre
4823;Sector8_Preferencia_Media;4;13;Libre
4824;Sector8_Preferencia_Media;4;14;Libre
4825;Sector8_Preferencia_Media;4;15;Libre
4826;Sector8_Preferencia_Media;4;16;Libre
4827;Sector8_Preferencia_Media;4;17;Libre
4828;Sector8_Preferencia_Media;4;18;Libre
4829;Sector8_Preferencia_Media;4;19;Libre
4830;Sector8_Preferencia_Media;4;20;Libre
4831;Sector8_Preferencia_Media;3;1;Libre
4832;Sector8_Preferencia_Media;3;2;Libre
4833;Sector8_Preferencia_Media;3;3;Libre
4834;Sector8_Preferencia_Media;3;4;Libre
4835;Sector8_Preferencia_Media;3;5;Libre
4836;Sector8_Preferencia_Media;3;6;Libre
4837;Sector8_Preferencia_Media;3;7;Libre
4838;Sector8_Preferencia_Media;3;8;Libre
4839;Sector8_Preferencia_Media;3;9;Libre
4840;Sector8_Preferencia_Media;3;10;Libre
4841;Sector8_Preferencia_Media;3;11;Libre
4842;Sector8_Preferencia_Media;3;12;Libre
4843;Sector8_Preferencia_Media;3;13;Libre
4844;Sector8_Preferencia_Media;3;14;Libre
4845;Sector8_Preferencia_Media;3;15;Libre
4846;Sector8_Preferencia_Media;3;16;Libre
4847;Sector8_Preferencia_Media;3;17;Libre
4848;Sector8_Preferencia_Media;3;18;Libre
4849;Sector8_Preferencia_Media;3;19;Libre
4850;Sector8_Preferencia_Media;3;20;Libre
4851;Sector8_Preferencia_Media;2;1;Libre
4852;Sector8_Preferencia_Media;2;2;Libre
4853;Sector8_Preferencia_Media;2;3;Libre
4854;Sector8_Preferencia_Media;2;4;Libre
4855;Sector8_Preferencia_Media;2;5;Libre
4856;Sector8_Preferencia_Media;2;6;Libre
4857;Sector8_Preferencia_Media;2;7;Libre
4858;Sector8_Preferencia_Media;2;8;Libre
4859;Sector8_Preferencia_Media;2;9;Libre
4860;Sector8_Preferencia_Media;2;10;Libre
4861;Sector8_Preferencia_Media;2;11;Libre
4862;Sector8_Preferencia_Media;2;12;Libre
4863;Sector8_Preferencia_Media;2;13;Libre
4864;Sector8_Preferencia_Media;2;14;Libre
4865;Sector8_Preferencia_Media;2;15;Libre
4866;Sector8_Preferencia_Media;2;16;Libre
4867;Sector8_Preferencia_Media;2;17;Libre
4868;Sector8_Preferencia_Media;2;18;Libre
4869;Sector8_Preferencia_Media;2;19;Libre
4870;Sector8_Preferencia_Media;2;20;Libre
4871;Sector8_Preferencia_Media;1;1;Libre
4872;Sector8_Preferencia_Media;1;2;Libre
4873;Sector8_Preferencia_Media;1;3;Libre
4874;Sector8_Preferencia_Media;1;4;Libre
4875;Sector8_Preferencia_Media;1;5;Libre
4876;Sector8_Preferencia_Media;1;6;Libre
4877;Sector8_Preferencia_Media;1;7;Libre
4878;Sector8_Preferencia_Media;1;8;Libre
4879;Sector8_Preferencia_Media;1;9;Libre
4880;Sector8_Preferencia_Media;1;10;Libre
4881;Sector8_Preferencia_Media;1;11;Libre
4882;Sector8_Preferencia_Media;1;12;Libre
4883;Sector8_Preferencia_Media;1;13;Libre
4884;Sector8_Preferencia_Media;1;14;Libre
4885;Sector8_Preferencia_Media;1;15;Libre
4886;Sector8_Preferencia_Media;1;16;Libre
4887;Sector8_Preferencia_Media;1;17;Libre
4888;Sector8_Preferencia_Media;1;18;Libre
4889;Sector8_Preferencia_Media;1;19;Libre
4890;Sector8_Preferencia_Media;1;20;Libre
4891;Sector9_Preferencia_Media;8;1;Libre
4892;Sector9_Preferencia_Media;8;2;Libre
4893;Sector9_Preferencia_Media;8;3;Libre
4894;Sector9_Preferencia_Media;8;4;Libre
4895;Sector9_Preferencia_Media;8;5;Libre
4896;Sector9_Preferencia_Media;8;6;Libre
4897;Sector9_Preferencia_Media;8;7;Libre
4898;Sector9_Preferencia_Media;8;8;Libre
4899;Sector9_Preferencia_Media;8;9;Libre
4900;Sector9_Preferencia_Media;8;10;Libre
4901;Sector9_Preferencia_Media;8;11;Libre
4902;Sector9_Preferencia_Media;8;12;Libre
4903;Sector9_Preferencia_Media;8;13;Libre
4904;Sector9_Preferencia_Media;8;14;Libre
4905;Sector9_Preferencia_Media;8;15;Libre
4906;Sector9_Preferencia_Media;8;16;Libre
4907;Sector9_Preferencia_Media;8;17;Libre
4908;Sector9_Preferencia_Media;8;18;Libre
4909;Sector9_Preferencia_Media;8;19;Libre
4910;Sector9_Preferencia_Media;8;20;Libre
4911;Sector9_Preferencia_Media;7;1;Libre
4912;Sector9_Preferencia_Media;7;2;Libre
4913;Sector9_Preferencia_Media;7;3;Libre
4914;Sector9_Preferencia_Media;7;4;Libre
4915;Sector9_Preferencia_Media;7;5;Libre
4916;Sector9_Preferencia_Media;7;6;Libre
4917;Sector9_Preferencia_Media;7;7;Libre
4918;Sector9_Preferencia_Media;7;8;Libre
4919;Sector9_Preferencia_Media;7;9;Libre
4920;Sector9_Preferencia_Media;7;10;Libre
4921;Sector9_Preferencia_Media;7;11;Libre
4922;Sector9_Preferencia_Media;7;12;Libre
4923;Sector9_Preferencia_Media;7;13;Libre
4924;Sector9_Preferencia_Media;7;14;Libre
4925;Sector9_Preferencia_Media;7;15;Libre
4926;Sector9_Preferencia_Media;7;16;Libre
4927;Sector9_Preferencia_Media;7;17;Libre
4928;Sector9_Preferencia_Media;7;18;Libre
4929;Sector9_Preferencia_Media;7;19;Libre
4930;Sector9_Preferencia_Media;7;20;Libre
4931;Sector9_Preferencia_Media;6;1;Libre
4932;Sector9_Preferencia_Media;6;2;Libre
4933;Sector9_Preferencia_Media;6;3;Libre
4934;Sector9_Preferencia_Media;6;4;Libre
4935;Sector9_Preferencia_Media;6;5;Libre
4936;Sector9_Preferencia_Media;6;6;Libre
4937;Sector9_Preferencia_Media;6;7;Libre
4938;Sector9_Preferencia_Media;6;8;Libre
4939;Sector9_Preferencia_Media;6;9;Libre
4940;Sector9_Preferencia_Media;6;10;Libre
4941;Sector9_Preferencia_Media;6;11;Libre
4942;Sector9_Preferencia_Media;6;12;Libre
4943;Sector9_Preferencia_Media;6;13;Libre
4944;Sector9_Preferencia_Media;6;14;Libre
4945;Sector9_Preferencia_Media;6;15;Libre
4946;Sector9_Preferencia_Media;6;16;Libre
4947;Sector9_Preferencia_Media;6;17;Libre
4948;Sector9_Preferencia_Media;6;18;Libre
4949;Sector9_Preferencia_Media;6;19;Libre
4950;Sector9_Preferencia_Media;6;20;Libre
4951;Sector9_Preferencia_Media;5;1;Libre
4952;Sector9_Preferencia_Media;5;2;Libre
4953;Sector9_Preferencia_Media;5;3;Libre
4954;Sector9_Preferencia_Media;5;4;Libre
4955;Sector9_Preferencia_Media;5;5;Libre
4956;Sector9_Preferencia_Media;5;6;Libre
4957;Sector9_Preferencia_Media;5;7;Libre
4958;Sector9_Preferencia_Media;5;8;Libre
4959;Sector9_Preferencia_Media;5;9;Libre
4960;Sector9_Preferencia_Media;5;10;Libre
4961;Sector9_Preferencia_Media;5;11;Libre
4962;Sector9_Preferencia_Media;5;12;Libre
4963;Sector9_Preferencia_Media;5;13;Libre
4964;Sector9_Preferencia_Media;5;14;Libre
4965;Sector9_Preferencia_Media;5;15;Libre
4966;Sector9_Preferencia_Media;5;16;Libre
4967;Sector9_Preferencia_Media;5;17;Libre
4968;Sector9_Preferencia_Media;5;18;Libre
4969;Sector9_Preferencia_Media;5;19;Libre
4970;Sector9_Preferencia_Media;5;20;Libre
4971;Sector9_Preferencia_Media;4;1;Libre
4972;Sector9_Preferencia_Media;4;2;Libre
4973;Sector9_Preferencia_Media;4;3;Libre
4974;Sector9_Preferencia_Media;4;4;Libre
4975;Sector9_Preferencia_Media;4;5;Libre
4976;Sector9_Preferencia_Media;4;6;Libre
4977;Sector9_Preferencia_Media;4;7;Libre
4978;Sector9_Preferencia_Media;4;8;Libre
4979;Sector9_Preferencia_Media;4;9;Libre
4980;Sector9_Preferencia_Media;4;10;Libre
4981;Sector9_Preferencia_Media;4;11;Libre
4982;Sector9_Preferencia_Media;4;12;Libre
4983;Sector9_Preferencia_Media;4;13;Libre
4984;Sector9_Preferencia_Media;4;14;Libre
4985;Sector9_Preferencia_Media;4;15;Libre
4986;Sector9_Preferencia_Media;4;16;Libre
4987;Sector9_Preferencia_Media;4;17;Libre
4988;Sector9_Preferencia_Media;4;18;Libre
4989;Sector9_Preferencia_Media;4;19;Libre
4990;Sector9_Preferencia_Media;4;20;Libre
4991;Sector9_Preferencia_Media;3;1;Libre
4992;Sector9_Preferencia_Media;3;2;Libre
4993;Sector9_Preferencia_Media;3;3;Libre
4994;Sector9_Preferencia_Media;3;4;Libre
4995;Sector9_Preferencia_Media;3;5;Libre
4996;Sector9_Preferencia_Media;3;6;Libre
4997;Sector9_Preferencia_Media;3;7;Libre
4998;Sector9_Preferencia_Media;3;8;Libre
4999;Sector9_Preferencia_Media;3;9;Libre
5000;Sector9_Preferencia_Media;3;10;Libre
5001;Sector9_Preferencia_Media;3;11;Libre
5002;Sector9_Preferencia_Media;3;12;Libre
5003;Sector9_Preferencia_Media;3;13;Libre
5004;Sector9_Preferencia_Media;3;14;Libre
5005;Sector9_Preferencia_Media;3;15;Libre
5006;Sector9_Preferencia_Media;3;16;Libre
5007;Sector9_Preferencia_Media;3;17;Libre
5008;Sector9_Preferencia_Media;3;18;Libre
5009;Sector9_Preferencia_Media;3;19;Libre
5010;Sector9_Preferencia_Media;3;20;Libre
5011;Sector9_Preferencia_Media;2;1;Libre
5012;Sector9_Preferencia_Media;2;2;Libre
5013;Sector9_Preferencia_Media;2;3;Libre
5014;Sector9_Preferencia_Media;2;4;Libre
5015;Sector9_Preferencia_Media;2;5;Libre
5016;Sector9_Preferencia_Media;2;6;Libre
5017;Sector9_Preferencia_Media;2;7;Libre
5018;Sector9_Preferencia_Media;2;8;Libre
5019;Sector9_Preferencia_Media;2;9;Libre
5020;Sector9_Preferencia_Media;2;10;Libre
5021;Sector9_Preferencia_Media;2;11;Libre
5022;Sector9_Preferencia_Media;2;12;Libre
5023;Sector9_Preferencia_Media;2;13;Libre
5024;Sector9_Preferencia_Media;2;14;Libre
5025;Sector9_Preferencia_Media;2;15;Libre
5026;Sector9_Preferencia_Media;2;16;Libre
5027;Sector9_Preferencia_Media;2;17;Libre
5028;Sector9_Preferencia_Media;2;18;Libre
5029;Sector9_Preferencia_Media;2;19;Libre
5030;Sector9_Preferencia_Media;2;20;Libre
5031;Sector9_Preferencia_Media;1;1;Libre
5032;Sector9_Preferencia_Media;1;2;Libre
5033;Sector9_Preferencia_Media;1;3;Libre
5034;Sector9_Preferencia_Media;1;4;Libre
5035;Sector9_Preferencia_Media;1;5;Libre
5036;Sector9_Preferencia_Media;1;6;Libre
5037;Sector9_Preferencia_Media;1;7;Libre
5038;Sector9_Preferencia_Media;1;8;Libre
5039;Sector9_Preferencia_Media;1;9;Libre
5040;Sector9_Preferencia_Media;1;10;Libre
5041;Sector9_Preferencia_Media;1;11;Libre
5042;Sector9_Preferencia_Media;1;12;Libre
5043;Sector9_Preferencia_Media;1;13;Libre
5044;Sector9_Preferencia_Media;1;14;Libre
5045;Sector9_Preferencia_Media;1;15;Libre
5046;Sector9_Preferencia_Media;1;16;Libre
5047;Sector9_Preferencia_Media;1;17;Libre
5048;Sector9_Preferencia_Media;1;18;Libre
5049;Sector9_Preferencia_Media;1;19;Libre
5050;Sector9_Preferencia_Media;1;20;Libre
5051;Sector10_Preferencia_Media;8;1;Libre
5052;Sector10_Preferencia_Media;8;2;Libre
5053;Sector10_Preferencia_Media;8;3;Libre
5054;Sector10_Preferencia_Media;8;4;Libre
5055;Sector10_Preferencia_Media;8;5;Libre
5056;Sector10_Preferencia_Media;8;6;Libre
5057;Sector10_Preferencia_Media;8;7;Libre
5058;Sector10_Preferencia_Media;8;8;Libre
5059;Sector10_Preferencia_Media;8;9;Libre
5060;Sector10_Preferencia_Media;8;10;Libre
5061;Sector10_Preferencia_Media;8;11;Libre
5062;Sector10_Preferencia_Media;8;12;Libre
5063;Sector10_Preferencia_Media;8;13;Libre
5064;Sector10_Preferencia_Media;8;14;Libre
5065;Sector10_Preferencia_Media;8;15;Libre
5066;Sector10_Preferencia_Media;8;16;Libre
5067;Sector10_Preferencia_Media;8;17;Libre
5068;Sector10_Preferencia_Media;8;18;Libre
5069;Sector10_Preferencia_Media;8;19;Libre
5070;Sector10_Preferencia_Media;8;20;Libre
5071;Sector10_Preferencia_Media;7;1;Libre
5072;Sector10_Preferencia_Media;7;2;Libre
5073;Sector10_Preferencia_Media;7;3;Libre
5074;Sector10_Preferencia_Media;7;4;Libre
5075;Sector10_Preferencia_Media;7;5;Libre
5076;Sector10_Preferencia_Media;7;6;Libre
5077;Sector10_Preferencia_Media;7;7;Libre
5078;Sector10_Preferencia_Media;7;8;Libre
5079;Sector10_Preferencia_Media;7;9;Libre
5080;Sector10_Preferencia_Media;7;10;Libre
5081;Sector10_Preferencia_Media;7;11;Libre
5082;Sector10_Preferencia_Media;7;12;Libre
5083;Sector10_Preferencia_Media;7;13;Libre
5084;Sector10_Preferencia_Media;7;14;Libre
5085;Sector10_Preferencia_Media;7;15;Libre
5086;Sector10_Preferencia_Media;7;16;Libre
5087;Sector10_Preferencia_Media;7;17;Libre
5088;Sector10_Preferencia_Media;7;18;Libre
5089;Sector10_Preferencia_Media;7;19;Libre
5090;Sector10_Preferencia_Media;7;20;Libre
5091;Sector10_Preferencia_Media;6;1;Libre
5092;Sector10_Preferencia_Media;6;2;Libre
5093;Sector10_Preferencia_Media;6;3;Libre
5094;Sector10_Preferencia_Media;6;4;Libre
5095;Sector10_Preferencia_Media;6;5;Libre
5096;Sector10_Preferencia_Media;6;6;Libre
5097;Sector10_Preferencia_Media;6;7;Libre
5098;Sector10_Preferencia_Media;6;8;Libre
5099;Sector10_Preferencia_Media;6;9;Libre
5100;Sector10_Preferencia_Media;6;10;Libre
5101;Sector10_Preferencia_Media;6;11;Libre
5102;Sector10_Preferencia_Media;6;12;Libre
5103;Sector10_Preferencia_Media;6;13;Libre
5104;Sector10_Preferencia_Media;6;14;Libre
5105;Sector10_Preferencia_Media;6;15;Libre
5106;Sector10_Preferencia_Media;6;16;Libre
5107;Sector10_Preferencia_Media;6;17;Libre
5108;Sector10_Preferencia_Media;6;18;Libre
5109;Sector10_Preferencia_Media;6;19;Libre
5110;Sector10_Preferencia_Media;6;20;Libre
5111;Sector10_Preferencia_Media;5;1;Libre
5112;Sector10_Preferencia_Media;5;2;Libre
5113;Sector10_Preferencia_Media;5;3;Libre
5114;Sector10_Preferencia_Media;5;4;Libre
5115;Sector10_Preferencia_Media;5;5;Libre
5116;Sector10_Preferencia_Media;5;6;Libre
5117;Sector10_Preferencia_Media;5;7;Libre
5118;Sector10_Preferencia_Media;5;8;Libre
5119;Sector10_Preferencia_Media;5;9;Libre
5120;Sector10_Preferencia_Media;5;10;Libre
5121;Sector10_Preferencia_Media;5;11;Libre
5122;Sector10_Preferencia_Media;5;12;Libre
5123;Sector10_Preferencia_Media;5;13;Libre
5124;Sector10_Preferencia_Media;5;14;Libre
5125;Sector10_Preferencia_Media;5;15;Libre
5126;Sector10_Preferencia_Media;5;16;Libre
5127;Sector10_Preferencia_Media;5;17;Libre
5128;Sector10_Preferencia_Media;5;18;Libre
5129;Sector10_Preferencia_Media;5;19;Libre
5130;Sector10_Preferencia_Media;5;20;Libre
5131;Sector10_Preferencia_Media;4;1;Libre
5132;Sector10_Preferencia_Media;4;2;Libre
5133;Sector10_Preferencia_Media;4;3;Libre
5134;Sector10_Preferencia_Media;4;4;Libre
5135;Sector10_Preferencia_Media;4;5;Libre
5136;Sector10_Preferencia_Media;4;6;Libre
5137;Sector10_Preferencia_Media;4;7;Libre
5138;Sector10_Preferencia_Media;4;8;Libre
5139;Sector10_Preferencia_Media;4;9;Libre
5140;Sector10_Preferencia_Media;4;10;Libre
5141;Sector10_Preferencia_Media;4;11;Libre
5142;Sector10_Preferencia_Media;4;12;Libre
5143;Sector10_Preferencia_Media;4;13;Libre
5144;Sector10_Preferencia_Media;4;14;Libre
5145;Sector10_Preferencia_Media;4;15;Libre
5146;Sector10_Preferencia_Media;4;16;Libre
5147;Sector10_Preferencia_Media;4;17;Libre
5148;Sector10_Preferencia_Media;4;18;Libre
5149;Sector10_Preferencia_Media;4;19;Libre
5150;Sector10_Preferencia_Media;4;20;Libre
5151;Sector10_Preferencia_Media;3;1;Libre
5152;Sector10_Preferencia_Media;3;2;Libre
5153;Sector10_Preferencia_Media;3;3;Libre
5154;Sector10_Preferencia_Media;3;4;Libre
5155;Sector10_Preferencia_Media;3;5;Libre
5156;Sector10_Preferencia_Media;3;6;Libre
5157;Sector10_Preferencia_Media;3;7;Libre
5158;Sector10_Preferencia_Media;3;8;Libre
5159;Sector10_Preferencia_Media;3;9;Libre
5160;Sector10_Preferencia_Media;3;10;Libre
5161;Sector10_Preferencia_Media;3;11;Libre
5162;Sector10_Preferencia_Media;3;12;Libre
5163;Sector10_Preferencia_Media;3;13;Libre
5164;Sector10_Preferencia_Media;3;14;Libre
5165;Sector10_Preferencia_Media;3;15;Libre
5166;Sector10_Preferencia_Media;3;16;Libre
5167;Sector10_Preferencia_Media;3;17;Libre
5168;Sector10_Preferencia_Media;3;18;Libre
5169;Sector10_Preferencia_Media;3;19;Libre
5170;Sector10_Preferencia_Media;3;20;Libre
5171;Sector10_Preferencia_Media;2;1;Libre
5172;Sector10_Preferencia_Media;2;2;Libre
5173;Sector10_Preferencia_Media;2;3;Libre
5174;Sector10_Preferencia_Media;2;4;Libre
5175;Sector10_Preferencia_Media;2;5;Libre
5176;Sector10_Preferencia_Media;2;6;Libre
5177;Sector10_Preferencia_Media;2;7;Libre
5178;Sector10_Preferencia_Media;2;8;Libre
5179;Sector10_Preferencia_Media;2;9;Libre
5180;Sector10_Preferencia_Media;2;10;Libre
5181;Sector10_Preferencia_Media;2;11;Libre
5182;Sector10_Preferencia_Media;2;12;Libre
5183;Sector10_Preferencia_Media;2;13;Libre
5184;Sector10_Preferencia_Media;2;14;Libre
5185;Sector10_Preferencia_Media;2;15;Libre
5186;Sector10_Preferencia_Media;2;16;Libre
5187;Sector10_Preferencia_Media;2;17;Libre
5188;Sector10_Preferencia_Media;2;18;Libre
5189;Sector10_Preferencia_Media;2;19;Libre
5190;Sector10_Preferencia_Media;2;20;Libre
5191;Sector10_Preferencia_Media;1;1;Libre
5192;Sector10_Preferencia_Media;1;2;Libre
5193;Sector10_Preferencia_Media;1;3;Libre
5194;Sector10_Preferencia_Media;1;4;Libre
5195;Sector10_Preferencia_Media;1;5;Libre
5196;Sector10_Preferencia_Media;1;6;Libre
5197;Sector10_Preferencia_Media;1;7;Libre
5198;Sector10_Preferencia_Media;1;8;Libre
5199;Sector10_Preferencia_Media;1;9;Libre
5200;Sector10_Preferencia_Media;1;10;Libre
5201;Sector10_Preferencia_Media;1;11;Libre
5202;Sector10_Preferencia_Media;1;12;Libre
5203;Sector10_Preferencia_Media;1;13;Libre
5204;Sector10_Preferencia_Media;1;14;Libre
5205;Sector10_Preferencia_Media;1;15;Libre
5206;Sector10_Preferencia_Media;1;16;Libre
5207;Sector10_Preferencia_Media;1;17;Libre
5208;Sector10_Preferencia_Media;1;18;Libre
5209;Sector10_Preferencia_Media;1;19;Libre
5210;Sector10_Preferencia_Media;1;20;Libre
5211;Sector11_Preferencia_Media;8;1;Libre
5212;Sector11_Preferencia_Media;8;2;Libre
5213;Sector11_Preferencia_Media;8;3;Libre
5214;Sector11_Preferencia_Media;8;4;Libre
5215;Sector11_Preferencia_Media;8;5;Libre
5216;Sector11_Preferencia_Media;8;6;Libre
5217;Sector11_Preferencia_Media;8;7;Libre
5218;Sector11_Preferencia_Media;8;8;Libre
5219;Sector11_Preferencia_Media;8;9;Libre
5220;Sector11_Preferencia_Media;8;10;Libre
5221;Sector11_Preferencia_Media;8;11;Libre
5222;Sector11_Preferencia_Media;8;12;Libre
5223;Sector11_Preferencia_Media;8;13;Libre
5224;Sector11_Preferencia_Media;8;14;Libre
5225;Sector11_Preferencia_Media;8;15;Libre
5226;Sector11_Preferencia_Media;8;16;Libre
5227;Sector11_Preferencia_Media;8;17;Libre
5228;Sector11_Preferencia_Media;8;18;Libre
5229;Sector11_Preferencia_Media;8;19;Libre
5230;Sector11_Preferencia_Media;8;20;Libre
5231;Sector11_Preferencia_Media;7;1;Libre
5232;Sector11_Preferencia_Media;7;2;Libre
5233;Sector11_Preferencia_Media;7;3;Libre
5234;Sector11_Preferencia_Media;7;4;Libre
5235;Sector11_Preferencia_Media;7;5;Libre
5236;Sector11_Preferencia_Media;7;6;Libre
5237;Sector11_Preferencia_Media;7;7;Libre
5238;Sector11_Preferencia_Media;7;8;Libre
5239;Sector11_Preferencia_Media;7;9;Libre
5240;Sector11_Preferencia_Media;7;10;Libre
5241;Sector11_Preferencia_Media;7;11;Libre
5242;Sector11_Preferencia_Media;7;12;Libre
5243;Sector11_Preferencia_Media;7;13;Libre
5244;Sector11_Preferencia_Media;7;14;Libre
5245;Sector11_Preferencia_Media;7;15;Libre
5246;Sector11_Preferencia_Media;7;16;Libre
5247;Sector11_Preferencia_Media;7;17;Libre
5248;Sector11_Preferencia_Media;7;18;Libre
5249;Sector11_Preferencia_Media;7;19;Libre
5250;Sector11_Preferencia_Media;7;20;Libre
5251;Sector11_Preferencia_Media;6;1;Libre
5252;Sector11_Preferencia_Media;6;2;Libre
5253;Sector11_Preferencia_Media;6;3;Libre
5254;Sector11_Preferencia_Media;6;4;Libre
5255;Sector11_Preferencia_Media;6;5;Libre
5256;Sector11_Preferencia_Media;6;6;Libre
5257;Sector11_Preferencia_Media;6;7;Libre
5258;Sector11_Preferencia_Media;6;8;Libre
5259;Sector11_Preferencia_Media;6;9;Libre
5260;Sector11_Preferencia_Media;6;10;Libre
5261;Sector11_Preferencia_Media;6;11;Libre
5262;Sector11_Preferencia_Media;6;12;Libre
5263;Sector11_Preferencia_Media;6;13;Libre
5264;Sector11_Preferencia_Media;6;14;Libre
5265;Sector11_Preferencia_Media;6;15;Libre
5266;Sector11_Preferencia_Media;6;16;Libre
5267;Sector11_Preferencia_Media;6;17;Libre
5268;Sector11_Preferencia_Media;6;18;Libre
5269;Sector11_Preferencia_Media;6;19;Libre
5270;Sector11_Preferencia_Media;6;20;Libre
5271;Sector11_Preferencia_Media;5;1;Libre
5272;Sector11_Preferencia_Media;5;2;Libre
5273;Sector11_Preferencia_Media;5;3;Libre
5274;Sector11_Preferencia_Media;5;4;Libre
5275;Sector11_Preferencia_Media;5;5;Libre
5276;Sector11_Preferencia_Media;5;6;Libre
5277;Sector11_Preferencia_Media;5;7;Libre
5278;Sector11_Preferencia_Media;5;8;Libre
5279;Sector11_Preferencia_Media;5;9;Libre
5280;Sector11_Preferencia_Media;5;10;Libre
5281;Sector11_Preferencia_Media;5;11;Libre
5282;Sector11_Preferencia_Media;5;12;Libre
5283;Sector11_Preferencia_Media;5;13;Libre
5284;Sector11_Preferencia_Media;5;14;Libre
5285;Sector11_Preferencia_Media;5;15;Libre
5286;Sector11_Preferencia_Media;5;16;Libre
5287;Sector11_Preferencia_Media;5;17;Libre
5288;Sector11_Preferencia_Media;5;18;Libre
5289;Sector11_Preferencia_Media;5;19;Libre
5290;Sector11_Preferencia_Media;5;20;Libre
5291;Sector11_Preferencia_Media;4;1;Libre
5292;Sector11_Preferencia_Media;4;2;Libre
5293;Sector11_Preferencia_Media;4;3;Libre
5294;Sector11_Preferencia_Media;4;4;Libre
5295;Sector11_Preferencia_Media;4;5;Libre
5296;Sector11_Preferencia_Media;4;6;Libre
5297;Sector11_Preferencia_Media;4;7;Libre
5298;Sector11_Preferencia_Media;4;8;Libre
5299;Sector11_Preferencia_Media;4;9;Libre
5300;Sector11_Preferencia_Media;4;10;Libre
5301;Sector11_Preferencia_Media;4;11;Libre
5302;Sector11_Preferencia_Media;4;12;Libre
5303;Sector11_Preferencia_Media;4;13;Libre
5304;Sector11_Preferencia_Media;4;14;Libre
5305;Sector11_Preferencia_Media;4;15;Libre
5306;Sector11_Preferencia_Media;4;16;Libre
5307;Sector11_Preferencia_Media;4;17;Libre
5308;Sector11_Preferencia_Media;4;18;Libre
5309;Sector11_Preferencia_Media;4;19;Libre
5310;Sector11_Preferencia_Media;4;20;Libre
5311;Sector11_Preferencia_Media;3;1;Libre
5312;Sector11_Preferencia_Media;3;2;Libre
5313;Sector11_Preferencia_Media;3;3;Libre
5314;Sector11_Preferencia_Media;3;4;Libre
5315;Sector11_Preferencia_Media;3;5;Libre
5316;Sector11_Preferencia_Media;3;6;Libre
5317;Sector11_Preferencia_Media;3;7;Libre
5318;Sector11_Preferencia_Media;3;8;Libre
5319;Sector11_Preferencia_Media;3;9;Libre
5320;Sector11_Preferencia_Media;3;10;Libre
5321;Sector11_Preferencia_Media;3;11;Libre
5322;Sector11_Preferencia_Media;3;12;Libre
5323;Sector11_Preferencia_Media;3;13;Libre
5324;Sector11_Preferencia_Media;3;14;Libre
5325;Sector11_Preferencia_Media;3;15;Libre
5326;Sector11_Preferencia_Media;3;16;Libre
5327;Sector11_Preferencia_Media;3;17;Libre
5328;Sector11_Preferencia_Media;3;18;Libre
5329;Sector11_Preferencia_Media;3;19;Libre
5330;Sector11_Preferencia_Media;3;20;Libre
5331;Sector11_Preferencia_Media;2;1;Libre
5332;Sector11_Preferencia_Media;2;2;Libre
5333;Sector11_Preferencia_Media;2;3;Libre
5334;Sector11_Preferencia_Media;2;4;Libre
5335;Sector11_Preferencia_Media;2;5;Libre
5336;Sector11_Preferencia_Media;2;6;Libre
5337;Sector11_Preferencia_Media;2;7;Libre
5338;Sector11_Preferencia_Media;2;8;Libre
5339;Sector11_Preferencia_Media;2;9;Libre
5340;Sector11_Preferencia_Media;2;10;Libre
5341;Sector11_Preferencia_Media;2;11;Libre
5342;Sector11_Preferencia_Media;2;12;Libre
5343;Sector11_Preferencia_Media;2;13;Libre
5344;Sector11_Preferencia_Media;2;14;Libre
5345;Sector11_Preferencia_Media;2;15;Libre
5346;Sector11_Preferencia_Media;2;16;Libre
5347;Sector11_Preferencia_Media;2;17;Libre
5348;Sector11_Preferencia_Media;2;18;Libre
5349;Sector11_Preferencia_Media;2;19;Libre
5350;Sector11_Preferencia_Media;2;20;Libre
5351;Sector11_Preferencia_Media;1;1;Libre
5352;Sector11_Preferencia_Media;1;2;Libre
5353;Sector11_Preferencia_Media;1;3;Libre
5354;Sector11_Preferencia_Media;1;4;Libre
5355;Sector11_Preferencia_Media;1;5;Libre
5356;Sector11_Preferencia_Media;1;6;Libre
5357;Sector11_Preferencia_Media;1;7;Libre
5358;Sector11_Preferencia_Media;1;8;Libre
5359;Sector11_Preferencia_Media;1;9;Libre
5360;Sector11_Preferencia_Media;1;10;Libre
5361;Sector11_Preferencia_Media;1;11;Libre
5362;Sector11_Preferencia_Media;1;12;Libre
5363;Sector11_Preferencia_Media;1;13;Libre
5364;Sector11_Preferencia_Media;1;14;Libre
5365;Sector11_Preferencia_Media;1;15;Libre
5366;Sector11_Preferencia_Media;1;16;Libre
5367;Sector11_Preferencia_Media;1;17;Libre
5368;Sector11_Preferencia_Media;1;18;Libre
5369;Sector11_Preferencia_Media;1;19;Libre
5370;Sector11_Preferencia_Media;1;20;Libre
