9983;Sector1_Tribuna_Alta;8;1;Libre
9984;Sector1_Tribuna_Alta;8;2;Libre
9985;Sector1_Tribuna_Alta;8;3;Libre
9986;Sector1_Tribuna_Alta;8;4;Libre
9987;Sector1_Tribuna_Alta;8;5;Libre
9988;Sector1_Tribuna_Alta;8;6;Libre
9989;Sector1_Tribuna_Alta;8;7;Libre
9990;Sector1_Tribuna_Alta;8;8;Libre
9991;Sector1_Tribuna_Alta;8;9;Libre
9992;Sector1_Tribuna_Alta;8;10;Libre
9993;Sector1_Tribuna_Alta;8;11;Libre
9994;Sector1_Tribuna_Alta;8;12;Libre
9995;Sector1_Tribuna_Alta;8;13;Libre
9996;Sector1_Tribuna_Alta;8;14;Libre
9997;Sector1_Tribuna_Alta;8;15;Libre
9998;Sector1_Tribuna_Alta;8;16;Libre
9999;Sector1_Tribuna_Alta;8;17;Libre
10000;Sector1_Tribuna_Alta;8;18;Libre
10001;Sector1_Tribuna_Alta;8;19;Libre
10002;Sector1_Tribuna_Alta;8;20;Libre
10003;Sector1_Tribuna_Alta;7;1;Libre
10004;Sector1_Tribuna_Alta;7;2;Libre
10005;Sector1_Tribuna_Alta;7;3;Libre
10006;Sector1_Tribuna_Alta;7;4;Libre
10007;Sector1_Tribuna_Alta;7;5;Libre
10008;Sector1_Tribuna_Alta;7;6;Libre
10009;Sector1_Tribuna_Alta;7;7;Libre
10010;Sector1_Tribuna_Alta;7;8;Libre
10011;Sector1_Tribuna_Alta;7;9;Libre
10012;Sector1_Tribuna_Alta;7;10;Libre
10013;Sector1_Tribuna_Alta;7;11;Libre
10014;Sector1_Tribuna_Alta;7;12;Libre
10015;Sector1_Tribuna_Alta;7;13;Libre
10016;Sector1_Tribuna_Alta;7;14;Libre
10017;Sector1_Tribuna_Alta;7;15;Libre
10018;Sector1_Tribuna_Alta;7;16;Libre
10019;Sector1_Tribuna_Alta;7;17;Libre
10020;Sector1_Tribuna_Alta;7;18;Libre
10021;Sector1_Tribuna_Alta;7;19;Libre
10022;Sector1_Tribuna_Alta;7;20;Libre
10023;Sector1_Tribuna_Alta;6;1;Libre
10024;Sector1_Tribuna_Alta;6;2;Libre
10025;Sector1_Tribuna_Alta;6;3;Libre
10026;Sector1_Tribuna_Alta;6;4;Libre
10027;Sector1_Tribuna_Alta;6;5;Libre
10028;Sector1_Tribuna_Alta;6;6;Libre
10029;Sector1_Tribuna_Alta;6;7;Libre
10030;Sector1_Tribuna_Alta;6;8;Libre
10031;Sector1_Tribuna_Alta;6;9;Libre
10032;Sector1_Tribuna_Alta;6;10;Libre
10033;Sector1_Tribuna_Alta;6;11;Libre
10034;Sector1_Tribuna_Alta;6;12;Libre
10035;Sector1_Tribuna_Alta;6;13;Libre
10036;Sector1_Tribuna_Alta;6;14;Libre
10037;Sector1_Tribuna_Alta;6;15;Libre
10038;Sector1_Tribuna_Alta;6;16;Libre
10039;Sector1_Tribuna_Alta;6;17;Libre
10040;Sector1_Tribuna_Alta;6;18;Libre
10041;Sector1_Tribuna_Alta;6;19;Libre
10042;Sector1_Tribuna_Alta;6;20;Libre
10043;Sector1_Tribuna_Alta;5;1;Libre
10044;Sector1_Tribuna_Alta;5;2;Libre
10045;Sector1_Tribuna_Alta;5;3;Libre
10046;Sector1_Tribuna_Alta;5;4;Libre
10047;Sector1_Tribuna_Alta;5;5;Libre
10048;Sector1_Tribuna_Alta;5;6;Libre
10049;Sector1_Tribuna_Alta;5;7;Libre
10050;Sector1_Tribuna_Alta;5;8;Libre
10051;Sector1_Tribuna_Alta;5;9;Libre
10052;Sector1_Tribuna_Alta;5;10;Libre
10053;Sector1_Tribuna_Alta;5;11;Libre
10054;Sector1_Tribuna_Alta;5;12;Libre
10055;Sector1_Tribuna_Alta;5;13;Libre
10056;Sector1_Tribuna_Alta;5;14;Libre
10057;Sector1_Tribuna_Alta;5;15;Libre
10058;Sector1_Tribuna_Alta;5;16;Libre
10059;Sector1_Tribuna_Alta;5;17;Libre
10060;Sector1_Tribuna_Alta;5;18;Libre
10061;Sector1_Tribuna_Alta;5;19;Libre
10062;Sector1_Tribuna_Alta;5;20;Libre
10063;Sector1_Tribuna_Alta;4;1;Libre
10064;Sector1_Tribuna_Alta;4;2;Libre
10065;Sector1_Tribuna_Alta;4;3;Libre
10066;Sector1_Tribuna_Alta;4;4;Libre
10067;Sector1_Tribuna_Alta;4;5;Libre
10068;Sector1_Tribuna_Alta;4;6;Libre
10069;Sector1_Tribuna_Alta;4;7;Libre
10070;Sector1_Tribuna_Alta;4;8;Libre
10071;Sector1_Tribuna_Alta;4;9;Libre
10072;Sector1_Tribuna_Alta;4;10;Libre
10073;Sector1_Tribuna_Alta;4;11;Libre
10074;Sector1_Tribuna_Alta;4;12;Libre
10075;Sector1_Tribuna_Alta;4;13;Libre
10076;Sector1_Tribuna_Alta;4;14;Libre
10077;Sector1_Tribuna_Alta;4;15;Libre
10078;Sector1_Tribuna_Alta;4;16;Libre
10079;Sector1_Tribuna_Alta;4;17;Libre
10080;Sector1_Tribuna_Alta;4;18;Libre
10081;Sector1_Tribuna_Alta;4;19;Libre
10082;Sector1_Tribuna_Alta;4;20;Libre
10083;Sector1_Tribuna_Alta;3;1;Libre
10084;Sector1_Tribuna_Alta;3;2;Libre
10085;Sector1_Tribuna_Alta;3;3;Libre
10086;Sector1_Tribuna_Alta;3;4;Libre
10087;Sector1_Tribuna_Alta;3;5;Libre
10088;Sector1_Tribuna_Alta;3;6;Libre
10089;Sector1_Tribuna_Alta;3;7;Libre
10090;Sector1_Tribuna_Alta;3;8;Libre
10091;Sector1_Tribuna_Alta;3;9;Libre
10092;Sector1_Tribuna_Alta;3;10;Libre
10093;Sector1_Tribuna_Alta;3;11;Libre
10094;Sector1_Tribuna_Alta;3;12;Libre
10095;Sector1_Tribuna_Alta;3;13;Libre
10096;Sector1_Tribuna_Alta;3;14;Libre
10097;Sector1_Tribuna_Alta;3;15;Libre
10098;Sector1_Tribuna_Alta;3;16;Libre
10099;Sector1_Tribuna_Alta;3;17;Libre
10100;Sector1_Tribuna_Alta;3;18;Libre
10101;Sector1_Tribuna_Alta;3;19;Libre
10102;Sector1_Tribuna_Alta;3;20;Libre
10103;Sector1_Tribuna_Alta;2;1;Libre
10104;Sector1_Tribuna_Alta;2;2;Libre
10105;Sector1_Tribuna_Alta;2;3;Libre
10106;Sector1_Tribuna_Alta;2;4;Libre
10107;Sector1_Tribuna_Alta;2;5;Libre
10108;Sector1_Tribuna_Alta;2;6;Libre
10109;Sector1_Tribuna_Alta;2;7;Libre
10110;Sector1_Tribuna_Alta;2;8;Libre
10111;Sector1_Tribuna_Alta;2;9;Libre
10112;Sector1_Tribuna_Alta;2;10;Libre
10113;Sector1_Tribuna_Alta;2;11;Libre
10114;Sector1_Tribuna_Alta;2;12;Libre
10115;Sector1_Tribuna_Alta;2;13;Libre
10116;Sector1_Tribuna_Alta;2;14;Libre
10117;Sector1_Tribuna_Alta;2;15;Libre
10118;Sector1_Tribuna_Alta;2;16;Libre
10119;Sector1_Tribuna_Alta;2;17;Libre
10120;Sector1_Tribuna_Alta;2;18;Libre
10121;Sector1_Tribuna_Alta;2;19;Libre
10122;Sector1_Tribuna_Alta;2;20;Libre
10123;Sector1_Tribuna_Alta;1;1;Libre
10124;Sector1_Tribuna_Alta;1;2;Libre
10125;Sector1_Tribuna_Alta;1;3;Libre
10126;Sector1_Tribuna_Alta;1;4;Libre
10127;Sector1_Tribuna_Alta;1;5;Libre
10128;Sector1_Tribuna_Alta;1;6;Libre
10129;Sector1_Tribuna_Alta;1;7;Libre
10130;Sector1_Tribuna_Alta;1;8;Libre
10131;Sector1_Tribuna_Alta;1;9;Libre
10132;Sector1_Tribuna_Alta;1;10;Libre
10133;Sector1_Tribuna_Alta;1;11;Libre
10134;Sector1_Tribuna_Alta;1;12;Libre
10135;Sector1_Tribuna_Alta;1;13;Libre
10136;Sector1_Tribuna_Alta;1;14;Libre
10137;Sector1_Tribuna_Alta;1;15;Libre
10138;Sector1_Tribuna_Alta;1;16;Libre
10139;Sector1_Tribuna_Alta;1;17;Libre
10140;Sector1_Tribuna_Alta;1;18;Libre
10141;Sector1_Tribuna_Alta;1;19;Libre
10142;Sector1_Tribuna_Alta;1;20;Libre
10143;Sector2_Tribuna_Alta;4;1;Libre
10144;Sector2_Tribuna_Alta;4;2;Libre
10145;Sector2_Tribuna_Alta;4;3;Libre
10146;Sector2_Tribuna_Alta;4;4;Libre
10147;Sector2_Tribuna_Alta;4;5;Libre
10148;Sector2_Tribuna_Alta;4;6;Libre
10149;Sector2_Tribuna_Alta;3;1;Libre
10150;Sector2_Tribuna_Alta;3;2;Libre
10151;Sector2_Tribuna_Alta;3;3;Libre
10152;Sector2_Tribuna_Alta;3;4;Libre
10153;Sector2_Tribuna_Alta;3;5;Libre
10154;Sector2_Tribuna_Alta;3;6;Libre
10155;Sector2_Tribuna_Alta;2;1;Libre
10156;Sector2_Tribuna_Alta;2;2;Libre
10157;Sector2_Tribuna_Alta;2;3;Libre
10158;Sector2_Tribuna_Alta;2;4;Libre
10159;Sector2_Tribuna_Alta;2;5;Libre
10160;Sector2_Tribuna_Alta;2;6;Libre
10161;Sector2_Tribuna_Alta;1;1;Libre
10162;Sector2_Tribuna_Alta;1;2;Libre
10163;Sector2_Tribuna_Alta;1;3;Libre
10164;Sector2_Tribuna_Alta;1;4;Libre
10165;Sector2_Tribuna_Alta;1;5;Libre
10166;Sector2_Tribuna_Alta;1;6;Libre
10167;Sector3_Tribuna_Alta;8;1;Libre
10168;Sector3_Tribuna_Alta;8;2;Libre
10169;Sector3_Tribuna_Alta;8;3;Libre
10170;Sector3_Tribuna_Alta;8;4;Libre
10171;Sector3_Tribuna_Alta;8;5;Libre
10172;Sector3_Tribuna_Alta;8;6;Libre
10173;Sector3_Tribuna_Alta;8;7;Libre
10174;Sector3_Tribuna_Alta;8;8;Libre
10175;Sector3_Tribuna_Alta;8;9;Libre
10176;Sector3_Tribuna_Alta;8;10;Libre
10177;Sector3_Tribuna_Alta;8;11;Libre
10178;Sector3_Tribuna_Alta;8;12;Libre
10179;Sector3_Tribuna_Alta;8;13;Libre
10180;Sector3_Tribuna_Alta;8;14;Libre
10181;Sector3_Tribuna_Alta;8;15;Libre
10182;Sector3_Tribuna_Alta;8;16;Libre
10183;Sector3_Tribuna_Alta;8;17;Libre
10184;Sector3_Tribuna_Alta;8;18;Libre
10185;Sector3_Tribuna_Alta;8;19;Libre
10186;Sector3_Tribuna_Alta;8;20;Libre
10187;Sector3_Tribuna_Alta;7;1;Libre
10188;Sector3_Tribuna_Alta;7;2;Libre
10189;Sector3_Tribuna_Alta;7;3;Libre
10190;Sector3_Tribuna_Alta;7;4;Libre
10191;Sector3_Tribuna_Alta;7;5;Libre
10192;Sector3_Tribuna_Alta;7;6;Libre
10193;Sector3_Tribuna_Alta;7;7;Libre
10194;Sector3_Tribuna_Alta;7;8;Libre
10195;Sector3_Tribuna_Alta;7;9;Libre
10196;Sector3_Tribuna_Alta;7;10;Libre
10197;Sector3_Tribuna_Alta;7;11;Libre
10198;Sector3_Tribuna_Alta;7;12;Libre
10199;Sector3_Tribuna_Alta;7;13;Libre
10200;Sector3_Tribuna_Alta;7;14;Libre
10201;Sector3_Tribuna_Alta;7;15;Libre
10202;Sector3_Tribuna_Alta;7;16;Libre
10203;Sector3_Tribuna_Alta;7;17;Libre
10204;Sector3_Tribuna_Alta;7;18;Libre
10205;Sector3_Tribuna_Alta;7;19;Libre
10206;Sector3_Tribuna_Alta;7;20;Libre
10207;Sector3_Tribuna_Alta;6;1;Libre
10208;Sector3_Tribuna_Alta;6;2;Libre
10209;Sector3_Tribuna_Alta;6;3;Libre
10210;Sector3_Tribuna_Alta;6;4;Libre
10211;Sector3_Tribuna_Alta;6;5;Libre
10212;Sector3_Tribuna_Alta;6;6;Libre
10213;Sector3_Tribuna_Alta;6;7;Libre
10214;Sector3_Tribuna_Alta;6;8;Libre
10215;Sector3_Tribuna_Alta;6;9;Libre
10216;Sector3_Tribuna_Alta;6;10;Libre
10217;Sector3_Tribuna_Alta;6;11;Libre
10218;Sector3_Tribuna_Alta;6;12;Libre
10219;Sector3_Tribuna_Alta;6;13;Libre
10220;Sector3_Tribuna_Alta;6;14;Libre
10221;Sector3_Tribuna_Alta;6;15;Libre
10222;Sector3_Tribuna_Alta;6;16;Libre
10223;Sector3_Tribuna_Alta;6;17;Libre
10224;Sector3_Tribuna_Alta;6;18;Libre
10225;Sector3_Tribuna_Alta;6;19;Libre
10226;Sector3_Tribuna_Alta;6;20;Libre
10227;Sector3_Tribuna_Alta;5;1;Libre
10228;Sector3_Tribuna_Alta;5;2;Libre
10229;Sector3_Tribuna_Alta;5;3;Libre
10230;Sector3_Tribuna_Alta;5;4;Libre
10231;Sector3_Tribuna_Alta;5;5;Libre
10232;Sector3_Tribuna_Alta;5;6;Libre
10233;Sector3_Tribuna_Alta;5;7;Libre
10234;Sector3_Tribuna_Alta;5;8;Libre
10235;Sector3_Tribuna_Alta;5;9;Libre
10236;Sector3_Tribuna_Alta;5;10;Libre
10237;Sector3_Tribuna_Alta;5;11;Libre
10238;Sector3_Tribuna_Alta;5;12;Libre
10239;Sector3_Tribuna_Alta;5;13;Libre
10240;Sector3_Tribuna_Alta;5;14;Libre
10241;Sector3_Tribuna_Alta;5;15;Libre
10242;Sector3_Tribuna_Alta;5;16;Libre
10243;Sector3_Tribuna_Alta;5;17;Libre
10244;Sector3_Tribuna_Alta;5;18;Libre
10245;Sector3_Tribuna_Alta;5;19;Libre
10246;Sector3_Tribuna_Alta;5;20;Libre
10247;Sector3_Tribuna_Alta;4;1;Libre
10248;Sector3_Tribuna_Alta;4;2;Libre
10249;Sector3_Tribuna_Alta;4;3;Libre
10250;Sector3_Tribuna_Alta;4;4;Libre
10251;Sector3_Tribuna_Alta;4;5;Libre
10252;Sector3_Tribuna_Alta;4;6;Libre
10253;Sector3_Tribuna_Alta;4;7;Libre
10254;Sector3_Tribuna_Alta;4;8;Libre
10255;Sector3_Tribuna_Alta;4;9;Libre
10256;Sector3_Tribuna_Alta;4;10;Libre
10257;Sector3_Tribuna_Alta;4;11;Libre
10258;Sector3_Tribuna_Alta;4;12;Libre
10259;Sector3_Tribuna_Alta;4;13;Libre
10260;Sector3_Tribuna_Alta;4;14;Libre
10261;Sector3_Tribuna_Alta;4;15;Libre
10262;Sector3_Tribuna_Alta;4;16;Libre
10263;Sector3_Tribuna_Alta;4;17;Libre
10264;Sector3_Tribuna_Alta;4;18;Libre
10265;Sector3_Tribuna_Alta;4;19;Libre
10266;Sector3_Tribuna_Alta;4;20;Libre
10267;Sector3_Tribuna_Alta;3;1;Libre
10268;Sector3_Tribuna_Alta;3;2;Libre
10269;Sector3_Tribuna_Alta;3;3;Libre
10270;Sector3_Tribuna_Alta;3;4;Libre
10271;Sector3_Tribuna_Alta;3;5;Libre
10272;Sector3_Tribuna_Alta;3;6;Libre
10273;Sector3_Tribuna_Alta;3;7;Libre
10274;Sector3_Tribuna_Alta;3;8;Libre
10275;Sector3_Tribuna_Alta;3;9;Libre
10276;Sector3_Tribuna_Alta;3;10;Libre
10277;Sector3_Tribuna_Alta;3;11;Libre
10278;Sector3_Tribuna_Alta;3;12;Libre
10279;Sector3_Tribuna_Alta;3;13;Libre
10280;Sector3_Tribuna_Alta;3;14;Libre
10281;Sector3_Tribuna_Alta;3;15;Libre
10282;Sector3_Tribuna_Alta;3;16;Libre
10283;Sector3_Tribuna_Alta;3;17;Libre
10284;Sector3_Tribuna_Alta;3;18;Libre
10285;Sector3_Tribuna_Alta;3;19;Libre
10286;Sector3_Tribuna_Alta;3;20;Libre
10287;Sector3_Tribuna_Alta;2;1;Libre
10288;Sector3_Tribuna_Alta;2;2;Libre
10289;Sector3_Tribuna_Alta;2;3;Libre
10290;Sector3_Tribuna_Alta;2;4;Libre
10291;Sector3_Tribuna_Alta;2;5;Libre
10292;Sector3_Tribuna_Alta;2;6;Libre
10293;Sector3_Tribuna_Alta;2;7;Libre
10294;Sector3_Tribuna_Alta;2;8;Libre
10295;Sector3_Tribuna_Alta;2;9;Libre
10296;Sector3_Tribuna_Alta;2;10;Libre
10297;Sector3_Tribuna_Alta;2;11;Libre
10298;Sector3_Tribuna_Alta;2;12;Libre
10299;Sector3_Tribuna_Alta;2;13;Libre
10300;Sector3_Tribuna_Alta;2;14;Libre
10301;Sector3_Tribuna_Alta;2;15;Libre
10302;Sector3_Tribuna_Alta;2;16;Libre
10303;Sector3_Tribuna_Alta;2;17;Libre
10304;Sector3_Tribuna_Alta;2;18;Libre
10305;Sector3_Tribuna_Alta;2;19;Libre
10306;Sector3_Tribuna_Alta;2;20;Libre
10307;Sector3_Tribuna_Alta;1;1;Libre
10308;Sector3_Tribuna_Alta;1;2;Libre
10309;Sector3_Tribuna_Alta;1;3;Libre
10310;Sector3_Tribuna_Alta;1;4;Libre
10311;Sector3_Tribuna_Alta;1;5;Libre
10312;Sector3_Tribuna_Alta;1;6;Libre
10313;Sector3_Tribuna_Alta;1;7;Libre
10314;Sector3_Tribuna_Alta;1;8;Libre
10315;Sector3_Tribuna_Alta;1;9;Libre
10316;Sector3_Tribuna_Alta;1;10;Libre
10317;Sector3_Tribuna_Alta;1;11;Libre
10318;Sector3_Tribuna_Alta;1;12;Libre
10319;Sector3_Tribuna_Alta;1;13;Libre
10320;Sector3_Tribuna_Alta;1;14;Libre
10321;Sector3_Tribuna_Alta;1;15;Libre
10322;Sector3_Tribuna_Alta;1;16;Libre
10323;Sector3_Tribuna_Alta;1;17;Libre
10324;Sector3_Tribuna_Alta;1;18;Libre
10325;Sector3_Tribuna_Alta;1;19;Libre
10326;Sector3_Tribuna_Alta;1;20;Libre
10327;Sector4_Tribuna_Alta;4;1;Libre
10328;Sector4_Tribuna_Alta;4;2;Libre
10329;Sector4_Tribuna_Alta;4;3;Libre
10330;Sector4_Tribuna_Alta;4;4;Libre
10331;Sector4_Tribuna_Alta;4;5;Libre
10332;Sector4_Tribuna_Alta;4;6;Libre
10333;Sector4_Tribuna_Alta;3;1;Libre
10334;Sector4_Tribuna_Alta;3;2;Libre
10335;Sector4_Tribuna_Alta;3;3;Libre
10336;Sector4_Tribuna_Alta;3;4;Libre
10337;Sector4_Tribuna_Alta;3;5;Libre
10338;Sector4_Tribuna_Alta;3;6;Libre
10339;Sector4_Tribuna_Alta;2;1;Libre
10340;Sector4_Tribuna_Alta;2;2;Libre
10341;Sector4_Tribuna_Alta;2;3;Libre
10342;Sector4_Tribuna_Alta;2;4;Libre
10343;Sector4_Tribuna_Alta;2;5;Libre
10344;Sector4_Tribuna_Alta;2;6;Libre
10345;Sector4_Tribuna_Alta;1;1;Libre
10346;Sector4_Tribuna_Alta;1;2;Libre
10347;Sector4_Tribuna_Alta;1;3;Libre
10348;Sector4_Tribuna_Alta;1;4;Libre
10349;Sector4_Tribuna_Alta;1;5;Libre
10350;Sector4_Tribuna_Alta;1;6;Libre
10351;Sector5_Tribuna_Alta;8;1;Libre
10352;Sector5_Tribuna_Alta;8;2;Libre
10353;Sector5_Tribuna_Alta;8;3;Libre
10354;Sector5_Tribuna_Alta;8;4;Libre
10355;Sector5_Tribuna_Alta;8;5;Libre
10356;Sector5_Tribuna_Alta;8;6;Libre
10357;Sector5_Tribuna_Alta;8;7;Libre
10358;Sector5_Tribuna_Alta;8;8;Libre
10359;Sector5_Tribuna_Alta;8;9;Libre
10360;Sector5_Tribuna_Alta;8;10;Libre
10361;Sector5_Tribuna_Alta;8;11;Libre
10362;Sector5_Tribuna_Alta;8;12;Libre
10363;Sector5_Tribuna_Alta;8;13;Libre
10364;Sector5_Tribuna_Alta;8;14;Libre
10365;Sector5_Tribuna_Alta;8;15;Libre
10366;Sector5_Tribuna_Alta;8;16;Libre
10367;Sector5_Tribuna_Alta;8;17;Libre
10368;Sector5_Tribuna_Alta;8;18;Libre
10369;Sector5_Tribuna_Alta;8;19;Libre
10370;Sector5_Tribuna_Alta;8;20;Libre
10371;Sector5_Tribuna_Alta;7;1;Libre
10372;Sector5_Tribuna_Alta;7;2;Libre
10373;Sector5_Tribuna_Alta;7;3;Libre
10374;Sector5_Tribuna_Alta;7;4;Libre
10375;Sector5_Tribuna_Alta;7;5;Libre
10376;Sector5_Tribuna_Alta;7;6;Libre
10377;Sector5_Tribuna_Alta;7;7;Libre
10378;Sector5_Tribuna_Alta;7;8;Libre
10379;Sector5_Tribuna_Alta;7;9;Libre
10380;Sector5_Tribuna_Alta;7;10;Libre
10381;Sector5_Tribuna_Alta;7;11;Libre
10382;Sector5_Tribuna_Alta;7;12;Libre
10383;Sector5_Tribuna_Alta;7;13;Libre
10384;Sector5_Tribuna_Alta;7;14;Libre
10385;Sector5_Tribuna_Alta;7;15;Libre
10386;Sector5_Tribuna_Alta;7;16;Libre
10387;Sector5_Tribuna_Alta;7;17;Libre
10388;Sector5_Tribuna_Alta;7;18;Libre
10389;Sector5_Tribuna_Alta;7;19;Libre
10390;Sector5_Tribuna_Alta;7;20;Libre
10391;Sector5_Tribuna_Alta;6;1;Libre
10392;Sector5_Tribuna_Alta;6;2;Libre
10393;Sector5_Tribuna_Alta;6;3;Libre
10394;Sector5_Tribuna_Alta;6;4;Libre
10395;Sector5_Tribuna_Alta;6;5;Libre
10396;Sector5_Tribuna_Alta;6;6;Libre
10397;Sector5_Tribuna_Alta;6;7;Libre
10398;Sector5_Tribuna_Alta;6;8;Libre
10399;Sector5_Tribuna_Alta;6;9;Libre
10400;Sector5_Tribuna_Alta;6;10;Libre
10401;Sector5_Tribuna_Alta;6;11;Libre
10402;Sector5_Tribuna_Alta;6;12;Libre
10403;Sector5_Tribuna_Alta;6;13;Libre
10404;Sector5_Tribuna_Alta;6;14;Libre
10405;Sector5_Tribuna_Alta;6;15;Libre
10406;Sector5_Tribuna_Alta;6;16;Libre
10407;Sector5_Tribuna_Alta;6;17;Libre
10408;Sector5_Tribuna_Alta;6;18;Libre
10409;Sector5_Tribuna_Alta;6;19;Libre
10410;Sector5_Tribuna_Alta;6;20;Libre
10411;Sector5_Tribuna_Alta;5;1;Libre
10412;Sector5_Tribuna_Alta;5;2;Libre
10413;Sector5_Tribuna_Alta;5;3;Libre
10414;Sector5_Tribuna_Alta;5;4;Libre
10415;Sector5_Tribuna_Alta;5;5;Libre
10416;Sector5_Tribuna_Alta;5;6;Libre
10417;Sector5_Tribuna_Alta;5;7;Libre
10418;Sector5_Tribuna_Alta;5;8;Libre
10419;Sector5_Tribuna_Alta;5;9;Libre
10420;Sector5_Tribuna_Alta;5;10;Libre
10421;Sector5_Tribuna_Alta;5;11;Libre
10422;Sector5_Tribuna_Alta;5;12;Libre
10423;Sector5_Tribuna_Alta;5;13;Libre
10424;Sector5_Tribuna_Alta;5;14;Libre
10425;Sector5_Tribuna_Alta;5;15;Libre
10426;Sector5_Tribuna_Alta;5;16;Libre
10427;Sector5_Tribuna_Alta;5;17;Libre
10428;Sector5_Tribuna_Alta;5;18;Libre
10429;Sector5_Tribuna_Alta;5;19;Libre
10430;Sector5_Tribuna_Alta;5;20;Libre
10431;Sector5_Tribuna_Alta;4;1;Libre
10432;Sector5_Tribuna_Alta;4;2;Libre
10433;Sector5_Tribuna_Alta;4;3;Libre
10434;Sector5_Tribuna_Alta;4;4;Libre
10435;Sector5_Tribuna_Alta;4;5;Libre
10436;Sector5_Tribuna_Alta;4;6;Libre
10437;Sector5_Tribuna_Alta;4;7;Libre
10438;Sector5_Tribuna_Alta;4;8;Libre
10439;Sector5_Tribuna_Alta;4;9;Libre
10440;Sector5_Tribuna_Alta;4;10;Libre
10441;Sector5_Tribuna_Alta;4;11;Libre
10442;Sector5_Tribuna_Alta;4;12;Libre
10443;Sector5_Tribuna_Alta;4;13;Libre
10444;Sector5_Tribuna_Alta;4;14;Libre
10445;Sector5_Tribuna_Alta;4;15;Libre
10446;Sector5_Tribuna_Alta;4;16;Libre
10447;Sector5_Tribuna_Alta;4;17;Libre
10448;Sector5_Tribuna_Alta;4;18;Libre
10449;Sector5_Tribuna_Alta;4;19;Libre
10450;Sector5_Tribuna_Alta;4;20;Libre
10451;Sector5_Tribuna_Alta;3;1;Libre
10452;Sector5_Tribuna_Alta;3;2;Libre
10453;Sector5_Tribuna_Alta;3;3;Libre
10454;Sector5_Tribuna_Alta;3;4;Libre
10455;Sector5_Tribuna_Alta;3;5;Libre
10456;Sector5_Tribuna_Alta;3;6;Libre
10457;Sector5_Tribuna_Alta;3;7;Libre
10458;Sector5_Tribuna_Alta;3;8;Libre
10459;Sector5_Tribuna_Alta;3;9;Libre
10460;Sector5_Tribuna_Alta;3;10;Libre
10461;Sector5_Tribuna_Alta;3;11;Libre
10462;Sector5_Tribuna_Alta;3;12;Libre
10463;Sector5_Tribuna_Alta;3;13;Libre
10464;Sector5_Tribuna_Alta;3;14;Libre
10465;Sector5_Tribuna_Alta;3;15;Libre
10466;Sector5_Tribuna_Alta;3;16;Libre
10467;Sector5_Tribuna_Alta;3;17;Libre
10468;Sector5_Tribuna_Alta;3;18;Libre
10469;Sector5_Tribuna_Alta;3;19;Libre
10470;Sector5_Tribuna_Alta;3;20;Libre
10471;Sector5_Tribuna_Alta;2;1;Libre
10472;Sector5_Tribuna_Alta;2;2;Libre
10473;Sector5_Tribuna_Alta;2;3;Libre
10474;Sector5_Tribuna_Alta;2;4;Libre
10475;Sector5_Tribuna_Alta;2;5;Libre
10476;Sector5_Tribuna_Alta;2;6;Libre
10477;Sector5_Tribuna_Alta;2;7;Libre
10478;Sector5_Tribuna_Alta;2;8;Libre
10479;Sector5_Tribuna_Alta;2;9;Libre
10480;Sector5_Tribuna_Alta;2;10;Libre
10481;Sector5_Tribuna_Alta;2;11;Libre
10482;Sector5_Tribuna_Alta;2;12;Libre
10483;Sector5_Tribuna_Alta;2;13;Libre
10484;Sector5_Tribuna_Alta;2;14;Libre
10485;Sector5_Tribuna_Alta;2;15;Libre
10486;Sector5_Tribuna_Alta;2;16;Libre
10487;Sector5_Tribuna_Alta;2;17;Libre
10488;Sector5_Tribuna_Alta;2;18;Libre
10489;Sector5_Tribuna_Alta;2;19;Libre
10490;Sector5_Tribuna_Alta;2;20;Libre
10491;Sector5_Tribuna_Alta;1;1;Libre
10492;Sector5_Tribuna_Alta;1;2;Libre
10493;Sector5_Tribuna_Alta;1;3;Libre
10494;Sector5_Tribuna_Alta;1;4;Libre
10495;Sector5_Tribuna_Alta;1;5;Libre
10496;Sector5_Tribuna_Alta;1;6;Libre
10497;Sector5_Tribuna_Alta;1;7;Libre
10498;Sector5_Tribuna_Alta;1;8;Libre
10499;Sector5_Tribuna_Alta;1;9;Libre
10500;Sector5_Tribuna_Alta;1;10;Libre
10501;Sector5_Tribuna_Alta;1;11;Libre
10502;Sector5_Tribuna_Alta;1;12;Libre
10503;Sector5_Tribuna_Alta;1;13;Libre
10504;Sector5_Tribuna_Alta;1;14;Libre
10505;Sector5_Tribuna_Alta;1;15;Libre
10506;Sector5_Tribuna_Alta;1;16;Libre
10507;Sector5_Tribuna_Alta;1;17;Libre
10508;Sector5_Tribuna_Alta;1;18;Libre
10509;Sector5_Tribuna_Alta;1;19;Libre
10510;Sector5_Tribuna_Alta;1;20;Libre
10511;Sector6_Tribuna_Alta;8;1;Libre
10512;Sector6_Tribuna_Alta;8;2;Libre
10513;Sector6_Tribuna_Alta;8;3;Libre
10514;Sector6_Tribuna_Alta;8;4;Libre
10515;Sector6_Tribuna_Alta;8;5;Libre
10516;Sector6_Tribuna_Alta;8;6;Libre
10517;Sector6_Tribuna_Alta;8;7;Libre
10518;Sector6_Tribuna_Alta;8;8;Libre
10519;Sector6_Tribuna_Alta;8;9;Libre
10520;Sector6_Tribuna_Alta;8;10;Libre
10521;Sector6_Tribuna_Alta;8;11;Libre
10522;Sector6_Tribuna_Alta;8;12;Libre
10523;Sector6_Tribuna_Alta;8;13;Libre
10524;Sector6_Tribuna_Alta;8;14;Libre
10525;Sector6_Tribuna_Alta;8;15;Libre
10526;Sector6_Tribuna_Alta;8;16;Libre
10527;Sector6_Tribuna_Alta;8;17;Libre
10528;Sector6_Tribuna_Alta;8;18;Libre
10529;Sector6_Tribuna_Alta;8;19;Libre
10530;Sector6_Tribuna_Alta;8;20;Libre
10531;Sector6_Tribuna_Alta;7;1;Libre
10532;Sector6_Tribuna_Alta;7;2;Libre
10533;Sector6_Tribuna_Alta;7;3;Libre
10534;Sector6_Tribuna_Alta;7;4;Libre
10535;Sector6_Tribuna_Alta;7;5;Libre
10536;Sector6_Tribuna_Alta;7;6;Libre
10537;Sector6_Tribuna_Alta;7;7;Libre
10538;Sector6_Tribuna_Alta;7;8;Libre
10539;Sector6_Tribuna_Alta;7;9;Libre
10540;Sector6_Tribuna_Alta;7;10;Libre
10541;Sector6_Tribuna_Alta;7;11;Libre
10542;Sector6_Tribuna_Alta;7;12;Libre
10543;Sector6_Tribuna_Alta;7;13;Libre
10544;Sector6_Tribuna_Alta;7;14;Libre
10545;Sector6_Tribuna_Alta;7;15;Libre
10546;Sector6_Tribuna_Alta;7;16;Libre
10547;Sector6_Tribuna_Alta;7;17;Libre
10548;Sector6_Tribuna_Alta;7;18;Libre
10549;Sector6_Tribuna_Alta;7;19;Libre
10550;Sector6_Tribuna_Alta;7;20;Libre
10551;Sector6_Tribuna_Alta;6;1;Libre
10552;Sector6_Tribuna_Alta;6;2;Libre
10553;Sector6_Tribuna_Alta;6;3;Libre
10554;Sector6_Tribuna_Alta;6;4;Libre
10555;Sector6_Tribuna_Alta;6;5;Libre
10556;Sector6_Tribuna_Alta;6;6;Libre
10557;Sector6_Tribuna_Alta;6;7;Libre
10558;Sector6_Tribuna_Alta;6;8;Libre
10559;Sector6_Tribuna_Alta;6;9;Libre
10560;Sector6_Tribuna_Alta;6;10;Libre
10561;Sector6_Tribuna_Alta;6;11;Libre
10562;Sector6_Tribuna_Alta;6;12;Libre
10563;Sector6_Tribuna_Alta;6;13;Libre
10564;Sector6_Tribuna_Alta;6;14;Libre
10565;Sector6_Tribuna_Alta;6;15;Libre
10566;Sector6_Tribuna_Alta;6;16;Libre
10567;Sector6_Tribuna_Alta;6;17;Libre
10568;Sector6_Tribuna_Alta;6;18;Libre
10569;Sector6_Tribuna_Alta;6;19;Libre
10570;Sector6_Tribuna_Alta;6;20;Libre
10571;Sector6_Tribuna_Alta;5;1;Libre
10572;Sector6_Tribuna_Alta;5;2;Libre
10573;Sector6_Tribuna_Alta;5;3;Libre
10574;Sector6_Tribuna_Alta;5;4;Libre
10575;Sector6_Tribuna_Alta;5;5;Libre
10576;Sector6_Tribuna_Alta;5;6;Libre
10577;Sector6_Tribuna_Alta;5;7;Libre
10578;Sector6_Tribuna_Alta;5;8;Libre
10579;Sector6_Tribuna_Alta;5;9;Libre
10580;Sector6_Tribuna_Alta;5;10;Libre
10581;Sector6_Tribuna_Alta;5;11;Libre
10582;Sector6_Tribuna_Alta;5;12;Libre
10583;Sector6_Tribuna_Alta;5;13;Libre
10584;Sector6_Tribuna_Alta;5;14;Libre
10585;Sector6_Tribuna_Alta;5;15;Libre
10586;Sector6_Tribuna_Alta;5;16;Libre
10587;Sector6_Tribuna_Alta;5;17;Libre
10588;Sector6_Tribuna_Alta;5;18;Libre
10589;Sector6_Tribuna_Alta;5;19;Libre
10590;Sector6_Tribuna_Alta;5;20;Libre
10591;Sector6_Tribuna_Alta;4;1;Libre
10592;Sector6_Tribuna_Alta;4;2;Libre
10593;Sector6_Tribuna_Alta;4;3;Libre
10594;Sector6_Tribuna_Alta;4;4;Libre
10595;Sector6_Tribuna_Alta;4;5;Libre
10596;Sector6_Tribuna_Alta;4;6;Libre
10597;Sector6_Tribuna_Alta;4;7;Libre
10598;Sector6_Tribuna_Alta;4;8;Libre
10599;Sector6_Tribuna_Alta;4;9;Libre
10600;Sector6_Tribuna_Alta;4;10;Libre
10601;Sector6_Tribuna_Alta;4;11;Libre
10602;Sector6_Tribuna_Alta;4;12;Libre
10603;Sector6_Tribuna_Alta;4;13;Libre
10604;Sector6_Tribuna_Alta;4;14;Libre
10605;Sector6_Tribuna_Alta;4;15;Libre
10606;Sector6_Tribuna_Alta;4;16;Libre
10607;Sector6_Tribuna_Alta;4;17;Libre
10608;Sector6_Tribuna_Alta;4;18;Libre
10609;Sector6_Tribuna_Alta;4;19;Libre
10610;Sector6_Tribuna_Alta;4;20;Libre
10611;Sector6_Tribuna_Alta;3;1;Libre
10612;Sector6_Tribuna_Alta;3;2;Libre
10613;Sector6_Tribuna_Alta;3;3;Libre
10614;Sector6_Tribuna_Alta;3;4;Libre
10615;Sector6_Tribuna_Alta;3;5;Libre
10616;Sector6_Tribuna_Alta;3;6;Libre
10617;Sector6_Tribuna_Alta;3;7;Libre
10618;Sector6_Tribuna_Alta;3;8;Libre
10619;Sector6_Tribuna_Alta;3;9;Libre
10620;Sector6_Tribuna_Alta;3;10;Libre
10621;Sector6_Tribuna_Alta;3;11;Libre
10622;Sector6_Tribuna_Alta;3;12;Libre
10623;Sector6_Tribuna_Alta;3;13;Libre
10624;Sector6_Tribuna_Alta;3;14;Libre
10625;Sector6_Tribuna_Alta;3;15;Libre
10626;Sector6_Tribuna_Alta;3;16;Libre
10627;Sector6_Tribuna_Alta;3;17;Libre
10628;Sector6_Tribuna_Alta;3;18;Libre
10629;Sector6_Tribuna_Alta;3;19;Libre
10630;Sector6_Tribuna_Alta;3;20;Libre
10631;Sector6_Tribuna_Alta;2;1;Libre
10632;Sector6_Tribuna_Alta;2;2;Libre
10633;Sector6_Tribuna_Alta;2;3;Libre
10634;Sector6_Tribuna_Alta;2;4;Libre
10635;Sector6_Tribuna_Alta;2;5;Libre
10636;Sector6_Tribuna_Alta;2;6;Libre
10637;Sector6_Tribuna_Alta;2;7;Libre
10638;Sector6_Tribuna_Alta;2;8;Libre
10639;Sector6_Tribuna_Alta;2;9;Libre
10640;Sector6_Tribuna_Alta;2;10;Libre
10641;Sector6_Tribuna_Alta;2;11;Libre
10642;Sector6_Tribuna_Alta;2;12;Libre
10643;Sector6_Tribuna_Alta;2;13;Libre
10644;Sector6_Tribuna_Alta;2;14;Libre
10645;Sector6_Tribuna_Alta;2;15;Libre
10646;Sector6_Tribuna_Alta;2;16;Libre
10647;Sector6_Tribuna_Alta;2;17;Libre
10648;Sector6_Tribuna_Alta;2;18;Libre
10649;Sector6_Tribuna_Alta;2;19;Libre
10650;Sector6_Tribuna_Alta;2;20;Libre
10651;Sector6_Tribuna_Alta;1;1;Libre
10652;Sector6_Tribuna_Alta;1;2;Libre
10653;Sector6_Tribuna_Alta;1;3;Libre
10654;Sector6_Tribuna_Alta;1;4;Libre
10655;Sector6_Tribuna_Alta;1;5;Libre
10656;Sector6_Tribuna_Alta;1;6;Libre
10657;Sector6_Tribuna_Alta;1;7;Libre
10658;Sector6_Tribuna_Alta;1;8;Libre
10659;Sector6_Tribuna_Alta;1;9;Libre
10660;Sector6_Tribuna_Alta;1;10;Libre
10661;Sector6_Tribuna_Alta;1;11;Libre
10662;Sector6_Tribuna_Alta;1;12;Libre
10663;Sector6_Tribuna_Alta;1;13;Libre
10664;Sector6_Tribuna_Alta;1;14;Libre
10665;Sector6_Tribuna_Alta;1;15;Libre
10666;Sector6_Tribuna_Alta;1;16;Libre
10667;Sector6_Tribuna_Alta;1;17;Libre
10668;Sector6_Tribuna_Alta;1;18;Libre
10669;Sector6_Tribuna_Alta;1;19;Libre
10670;Sector6_Tribuna_Alta;1;20;Libre
10671;Sector7_Tribuna_Alta;4;1;Libre
10672;Sector7_Tribuna_Alta;4;2;Libre
10673;Sector7_Tribuna_Alta;4;3;Libre
10674;Sector7_Tribuna_Alta;4;4;Libre
10675;Sector7_Tribuna_Alta;4;5;Libre
10676;Sector7_Tribuna_Alta;4;6;Libre
10677;Sector7_Tribuna_Alta;3;1;Libre
10678;Sector7_Tribuna_Alta;3;2;Libre
10679;Sector7_Tribuna_Alta;3;3;Libre
10680;Sector7_Tribuna_Alta;3;4;Libre
10681;Sector7_Tribuna_Alta;3;5;Libre
10682;Sector7_Tribuna_Alta;3;6;Libre
10683;Sector7_Tribuna_Alta;2;1;Libre
10684;Sector7_Tribuna_Alta;2;2;Libre
10685;Sector7_Tribuna_Alta;2;3;Libre
10686;Sector7_Tribuna_Alta;2;4;Libre
10687;Sector7_Tribuna_Alta;2;5;Libre
10688;Sector7_Tribuna_Alta;2;6;Libre
10689;Sector7_Tribuna_Alta;1;1;Libre
10690;Sector7_Tribuna_Alta;1;2;Libre
10691;Sector7_Tribuna_Alta;1;3;Libre
10692;Sector7_Tribuna_Alta;1;4;Libre
10693;Sector7_Tribuna_Alta;1;5;Libre
10694;Sector7_Tribuna_Alta;1;6;Libre
10695;Sector8_Tribuna_Alta;8;1;Libre
10696;Sector8_Tribuna_Alta;8;2;Libre
10697;Sector8_Tribuna_Alta;8;3;Libre
10698;Sector8_Tribuna_Alta;8;4;Libre
10699;Sector8_Tribuna_Alta;8;5;Libre
10700;Sector8_Tribuna_Alta;8;6;Libre
10701;Sector8_Tribuna_Alta;8;7;Libre
10702;Sector8_Tribuna_Alta;8;8;Libre
10703;Sector8_Tribuna_Alta;8;9;Libre
10704;Sector8_Tribuna_Alta;8;10;Libre
10705;Sector8_Tribuna_Alta;8;11;Libre
10706;Sector8_Tribuna_Alta;8;12;Libre
10707;Sector8_Tribuna_Alta;8;13;Libre
10708;Sector8_Tribuna_Alta;8;14;Libre
10709;Sector8_Tribuna_Alta;8;15;Libre
10710;Sector8_Tribuna_Alta;8;16;Libre
10711;Sector8_Tribuna_Alta;8;17;Libre
10712;Sector8_Tribuna_Alta;8;18;Libre
10713;Sector8_Tribuna_Alta;8;19;Libre
10714;Sector8_Tribuna_Alta;8;20;Libre
10715;Sector8_Tribuna_Alta;7;1;Libre
10716;Sector8_Tribuna_Alta;7;2;Libre
10717;Sector8_Tribuna_Alta;7;3;Libre
10718;Sector8_Tribuna_Alta;7;4;Libre
10719;Sector8_Tribuna_Alta;7;5;Libre
10720;Sector8_Tribuna_Alta;7;6;Libre
10721;Sector8_Tribuna_Alta;7;7;Libre
10722;Sector8_Tribuna_Alta;7;8;Libre
10723;Sector8_Tribuna_Alta;7;9;Libre
10724;Sector8_Tribuna_Alta;7;10;Libre
10725;Sector8_Tribuna_Alta;7;11;Libre
10726;Sector8_Tribuna_Alta;7;12;Libre
10727;Sector8_Tribuna_Alta;7;13;Libre
10728;Sector8_Tribuna_Alta;7;14;Libre
10729;Sector8_Tribuna_Alta;7;15;Libre
10730;Sector8_Tribuna_Alta;7;16;Libre
10731;Sector8_Tribuna_Alta;7;17;Libre
10732;Sector8_Tribuna_Alta;7;18;Libre
10733;Sector8_Tribuna_Alta;7;19;Libre
10734;Sector8_Tribuna_Alta;7;20;Libre
10735;Sector8_Tribuna_Alta;6;1;Libre
10736;Sector8_Tribuna_Alta;6;2;Libre
10737;Sector8_Tribuna_Alta;6;3;Libre
10738;Sector8_Tribuna_Alta;6;4;Libre
10739;Sector8_Tribuna_Alta;6;5;Libre
10740;Sector8_Tribuna_Alta;6;6;Libre
10741;Sector8_Tribuna_Alta;6;7;Libre
10742;Sector8_Tribuna_Alta;6;8;Libre
10743;Sector8_Tribuna_Alta;6;9;Libre
10744;Sector8_Tribuna_Alta;6;10;Libre
10745;Sector8_Tribuna_Alta;6;11;Libre
10746;Sector8_Tribuna_Alta;6;12;Libre
10747;Sector8_Tribuna_Alta;6;13;Libre
10748;Sector8_Tribuna_Alta;6;14;Libre
10749;Sector8_Tribuna_Alta;6;15;Libre
10750;Sector8_Tribuna_Alta;6;16;Libre
10751;Sector8_Tribuna_Alta;6;17;Libre
10752;Sector8_Tribuna_Alta;6;18;Libre
10753;Sector8_Tribuna_Alta;6;19;Libre
10754;Sector8_Tribuna_Alta;6;20;Libre
10755;Sector8_Tribuna_Alta;5;1;Libre
10756;Sector8_Tribuna_Alta;5;2;Libre
10757;Sector8_Tribuna_Alta;5;3;Libre
10758;Sector8_Tribuna_Alta;5;4;Libre
10759;Sector8_Tribuna_Alta;5;5;Libre
10760;Sector8_Tribuna_Alta;5;6;Libre
10761;Sector8_Tribuna_Alta;5;7;Libre
10762;Sector8_Tribuna_Alta;5;8;Libre
10763;Sector8_Tribuna_Alta;5;9;Libre
10764;Sector8_Tribuna_Alta;5;10;Libre
10765;Sector8_Tribuna_Alta;5;11;Libre
10766;Sector8_Tribuna_Alta;5;12;Libre
10767;Sector8_Tribuna_Alta;5;13;Libre
10768;Sector8_Tribuna_Alta;5;14;Libre
10769;Sector8_Tribuna_Alta;5;15;Libre
10770;Sector8_Tribuna_Alta;5;16;Libre
10771;Sector8_Tribuna_Alta;5;17;Libre
10772;Sector8_Tribuna_Alta;5;18;Libre
10773;Sector8_Tribuna_Alta;5;19;Libre
10774;Sector8_Tribuna_Alta;5;20;Libre
10775;Sector8_Tribuna_Alta;4;1;Libre
10776;Sector8_Tribuna_Alta;4;2;Libre
10777;Sector8_Tribuna_Alta;4;3;Libre
10778;Sector8_Tribuna_Alta;4;4;Libre
10779;Sector8_Tribuna_Alta;4;5;Libre
10780;Sector8_Tribuna_Alta;4;6;Libre
10781;Sector8_Tribuna_Alta;4;7;Libre
10782;Sector8_Tribuna_Alta;4;8;Libre
10783;Sector8_Tribuna_Alta;4;9;Libre
10784;Sector8_Tribuna_Alta;4;10;Libre
10785;Sector8_Tribuna_Alta;4;11;Libre
10786;Sector8_Tribuna_Alta;4;12;Libre
10787;Sector8_Tribuna_Alta;4;13;Libre
10788;Sector8_Tribuna_Alta;4;14;Libre
10789;Sector8_Tribuna_Alta;4;15;Libre
10790;Sector8_Tribuna_Alta;4;16;Libre
10791;Sector8_Tribuna_Alta;4;17;Libre
10792;Sector8_Tribuna_Alta;4;18;Libre
10793;Sector8_Tribuna_Alta;4;19;Libre
10794;Sector8_Tribuna_Alta;4;20;Libre
10795;Sector8_Tribuna_Alta;3;1;Libre
10796;Sector8_Tribuna_Alta;3;2;Libre
10797;Sector8_Tribuna_Alta;3;3;Libre
10798;Sector8_Tribuna_Alta;3;4;Libre
10799;Sector8_Tribuna_Alta;3;5;Libre
10800;Sector8_Tribuna_Alta;3;6;Libre
10801;Sector8_Tribuna_Alta;3;7;Libre
10802;Sector8_Tribuna_Alta;3;8;Libre
10803;Sector8_Tribuna_Alta;3;9;Libre
10804;Sector8_Tribuna_Alta;3;10;Libre
10805;Sector8_Tribuna_Alta;3;11;Libre
10806;Sector8_Tribuna_Alta;3;12;Libre
10807;Sector8_Tribuna_Alta;3;13;Libre
10808;Sector8_Tribuna_Alta;3;14;Libre
10809;Sector8_Tribuna_Alta;3;15;Libre
10810;Sector8_Tribuna_Alta;3;16;Libre
10811;Sector8_Tribuna_Alta;3;17;Libre
10812;Sector8_Tribuna_Alta;3;18;Libre
10813;Sector8_Tribuna_Alta;3;19;Libre
10814;Sector8_Tribuna_Alta;3;20;Libre
10815;Sector8_Tribuna_Alta;2;1;Libre
10816;Sector8_Tribuna_Alta;2;2;Libre
10817;Sector8_Tribuna_Alta;2;3;Libre
10818;Sector8_Tribuna_Alta;2;4;Libre
10819;Sector8_Tribuna_Alta;2;5;Libre
10820;Sector8_Tribuna_Alta;2;6;Libre
10821;Sector8_Tribuna_Alta;2;7;Libre
10822;Sector8_Tribuna_Alta;2;8;Libre
10823;Sector8_Tribuna_Alta;2;9;Libre
10824;Sector8_Tribuna_Alta;2;10;Libre
10825;Sector8_Tribuna_Alta;2;11;Libre
10826;Sector8_Tribuna_Alta;2;12;Libre
10827;Sector8_Tribuna_Alta;2;13;Libre
10828;Sector8_Tribuna_Alta;2;14;Libre
10829;Sector8_Tribuna_Alta;2;15;Libre
10830;Sector8_Tribuna_Alta;2;16;Libre
10831;Sector8_Tribuna_Alta;2;17;Libre
10832;Sector8_Tribuna_Alta;2;18;Libre
10833;Sector8_Tribuna_Alta;2;19;Libre
10834;Sector8_Tribuna_Alta;2;20;Libre
10835;Sector8_Tribuna_Alta;1;1;Libre
10836;Sector8_Tribuna_Alta;1;2;Libre
10837;Sector8_Tribuna_Alta;1;3;Libre
10838;Sector8_Tribuna_Alta;1;4;Libre
10839;Sector8_Tribuna_Alta;1;5;Libre
10840;Sector8_Tribuna_Alta;1;6;Libre
10841;Sector8_Tribuna_Alta;1;7;Libre
10842;Sector8_Tribuna_Alta;1;8;Libre
10843;Sector8_Tribuna_Alta;1;9;Libre
10844;Sector8_Tribuna_Alta;1;10;Libre
10845;Sector8_Tribuna_Alta;1;11;Libre
10846;Sector8_Tribuna_Alta;1;12;Libre
10847;Sector8_Tribuna_Alta;1;13;Libre
10848;Sector8_Tribuna_Alta;1;14;Libre
10849;Sector8_Tribuna_Alta;1;15;Libre
10850;Sector8_Tribuna_Alta;1;16;Libre
10851;Sector8_Tribuna_Alta;1;17;Libre
10852;Sector8_Tribuna_Alta;1;18;Libre
10853;Sector8_Tribuna_Alta;1;19;Libre
10854;Sector8_Tribuna_Alta;1;20;Libre
10855;Sector9_Tribuna_Alta;4;1;Libre
10856;Sector9_Tribuna_Alta;4;2;Libre
10857;Sector9_Tribuna_Alta;4;3;Libre
10858;Sector9_Tribuna_Alta;4;4;Libre
10859;Sector9_Tribuna_Alta;4;5;Libre
10860;Sector9_Tribuna_Alta;4;6;Libre
10861;Sector9_Tribuna_Alta;3;1;Libre
10862;Sector9_Tribuna_Alta;3;2;Libre
10863;Sector9_Tribuna_Alta;3;3;Libre
10864;Sector9_Tribuna_Alta;3;4;Libre
10865;Sector9_Tribuna_Alta;3;5;Libre
10866;Sector9_Tribuna_Alta;3;6;Libre
10867;Sector9_Tribuna_Alta;2;1;Libre
10868;Sector9_Tribuna_Alta;2;2;Libre
10869;Sector9_Tribuna_Alta;2;3;Libre
10870;Sector9_Tribuna_Alta;2;4;Libre
10871;Sector9_Tribuna_Alta;2;5;Libre
10872;Sector9_Tribuna_Alta;2;6;Libre
10873;Sector9_Tribuna_Alta;1;1;Libre
10874;Sector9_Tribuna_Alta;1;2;Libre
10875;Sector9_Tribuna_Alta;1;3;Libre
10876;Sector9_Tribuna_Alta;1;4;Libre
10877;Sector9_Tribuna_Alta;1;5;Libre
10878;Sector9_Tribuna_Alta;1;6;Libre
10879;Sector10_Tribuna_Alta;8;1;Libre
10880;Sector10_Tribuna_Alta;8;2;Libre
10881;Sector10_Tribuna_Alta;8;3;Libre
10882;Sector10_Tribuna_Alta;8;4;Libre
10883;Sector10_Tribuna_Alta;8;5;Libre
10884;Sector10_Tribuna_Alta;8;6;Libre
10885;Sector10_Tribuna_Alta;8;7;Libre
10886;Sector10_Tribuna_Alta;8;8;Libre
10887;Sector10_Tribuna_Alta;8;9;Libre
10888;Sector10_Tribuna_Alta;8;10;Libre
10889;Sector10_Tribuna_Alta;8;11;Libre
10890;Sector10_Tribuna_Alta;8;12;Libre
10891;Sector10_Tribuna_Alta;8;13;Libre
10892;Sector10_Tribuna_Alta;8;14;Libre
10893;Sector10_Tribuna_Alta;8;15;Libre
10894;Sector10_Tribuna_Alta;8;16;Libre
10895;Sector10_Tribuna_Alta;8;17;Libre
10896;Sector10_Tribuna_Alta;8;18;Libre
10897;Sector10_Tribuna_Alta;8;19;Libre
10898;Sector10_Tribuna_Alta;8;20;Libre
10899;Sector10_Tribuna_Alta;7;1;Libre
10900;Sector10_Tribuna_Alta;7;2;Libre
10901;Sector10_Tribuna_Alta;7;3;Libre
10902;Sector10_Tribuna_Alta;7;4;Libre
10903;Sector10_Tribuna_Alta;7;5;Libre
10904;Sector10_Tribuna_Alta;7;6;Libre
10905;Sector10_Tribuna_Alta;7;7;Libre
10906;Sector10_Tribuna_Alta;7;8;Libre
10907;Sector10_Tribuna_Alta;7;9;Libre
10908;Sector10_Tribuna_Alta;7;10;Libre
10909;Sector10_Tribuna_Alta;7;11;Libre
10910;Sector10_Tribuna_Alta;7;12;Libre
10911;Sector10_Tribuna_Alta;7;13;Libre
10912;Sector10_Tribuna_Alta;7;14;Libre
10913;Sector10_Tribuna_Alta;7;15;Libre
10914;Sector10_Tribuna_Alta;7;16;Libre
10915;Sector10_Tribuna_Alta;7;17;Libre
10916;Sector10_Tribuna_Alta;7;18;Libre
10917;Sector10_Tribuna_Alta;7;19;Libre
10918;Sector10_Tribuna_Alta;7;20;Libre
10919;Sector10_Tribuna_Alta;6;1;Libre
10920;Sector10_Tribuna_Alta;6;2;Libre
10921;Sector10_Tribuna_Alta;6;3;Libre
10922;Sector10_Tribuna_Alta;6;4;Libre
10923;Sector10_Tribuna_Alta;6;5;Libre
10924;Sector10_Tribuna_Alta;6;6;Libre
10925;Sector10_Tribuna_Alta;6;7;Libre
10926;Sector10_Tribuna_Alta;6;8;Libre
10927;Sector10_Tribuna_Alta;6;9;Libre
10928;Sector10_Tribuna_Alta;6;10;Libre
10929;Sector10_Tribuna_Alta;6;11;Libre
10930;Sector10_Tribuna_Alta;6;12;Libre
10931;Sector10_Tribuna_Alta;6;13;Libre
10932;Sector10_Tribuna_Alta;6;14;Libre
10933;Sector10_Tribuna_Alta;6;15;Libre
10934;Sector10_Tribuna_Alta;6;16;Libre
10935;Sector10_Tribuna_Alta;6;17;Libre
10936;Sector10_Tribuna_Alta;6;18;Libre
10937;Sector10_Tribuna_Alta;6;19;Libre
10938;Sector10_Tribuna_Alta;6;20;Libre
10939;Sector10_Tribuna_Alta;5;1;Libre
10940;Sector10_Tribuna_Alta;5;2;Libre
10941;Sector10_Tribuna_Alta;5;3;Libre
10942;Sector10_Tribuna_Alta;5;4;Libre
10943;Sector10_Tribuna_Alta;5;5;Libre
10944;Sector10_Tribuna_Alta;5;6;Libre
10945;Sector10_Tribuna_Alta;5;7;Libre
10946;Sector10_Tribuna_Alta;5;8;Libre
10947;Sector10_Tribuna_Alta;5;9;Libre
10948;Sector10_Tribuna_Alta;5;10;Libre
10949;Sector10_Tribuna_Alta;5;11;Libre
10950;Sector10_Tribuna_Alta;5;12;Libre
10951;Sector10_Tribuna_Alta;5;13;Libre
10952;Sector10_Tribuna_Alta;5;14;Libre
10953;Sector10_Tribuna_Alta;5;15;Libre
10954;Sector10_Tribuna_Alta;5;16;Libre
10955;Sector10_Tribuna_Alta;5;17;Libre
10956;Sector10_Tribuna_Alta;5;18;Libre
10957;Sector10_Tribuna_Alta;5;19;Libre
10958;Sector10_Tribuna_Alta;5;20;Libre
10959;Sector10_Tribuna_Alta;4;1;Libre
10960;Sector10_Tribuna_Alta;4;2;Libre
10961;Sector10_Tribuna_Alta;4;3;Libre
10962;Sector10_Tribuna_Alta;4;4;Libre
10963;Sector10_Tribuna_Alta;4;5;Libre
10964;Sector10_Tribuna_Alta;4;6;Libre
10965;Sector10_Tribuna_Alta;4;7;Libre
10966;Sector10_Tribuna_Alta;4;8;Libre
10967;Sector10_Tribuna_Alta;4;9;Libre
10968;Sector10_Tribuna_Alta;4;10;Libre
10969;Sector10_Tribuna_Alta;4;11;Libre
10970;Sector10_Tribuna_Alta;4;12;Libre
10971;Sector10_Tribuna_Alta;4;13;Libre
10972;Sector10_Tribuna_Alta;4;14;Libre
10973;Sector10_Tribuna_Alta;4;15;Libre
10974;Sector10_Tribuna_Alta;4;16;Libre
10975;Sector10_Tribuna_Alta;4;17;Libre
10976;Sector10_Tribuna_Alta;4;18;Libre
10977;Sector10_Tribuna_Alta;4;19;Libre
10978;Sector10_Tribuna_Alta;4;20;Libre
10979;Sector10_Tribuna_Alta;3;1;Libre
10980;Sector10_Tribuna_Alta;3;2;Libre
10981;Sector10_Tribuna_Alta;3;3;Libre
10982;Sector10_Tribuna_Alta;3;4;Libre
10983;Sector10_Tribuna_Alta;3;5;Libre
10984;Sector10_Tribuna_Alta;3;6;Libre
10985;Sector10_Tribuna_Alta;3;7;Libre
10986;Sector10_Tribuna_Alta;3;8;Libre
10987;Sector10_Tribuna_Alta;3;9;Libre
10988;Sector10_Tribuna_Alta;3;10;Libre
10989;Sector10_Tribuna_Alta;3;11;Libre
10990;Sector10_Tribuna_Alta;3;12;Libre
10991;Sector10_Tribuna_Alta;3;13;Libre
10992;Sector10_Tribuna_Alta;3;14;Libre
10993;Sector10_Tribuna_Alta;3;15;Libre
10994;Sector10_Tribuna_Alta;3;16;Libre
10995;Sector10_Tribuna_Alta;3;17;Libre
10996;Sector10_Tribuna_Alta;3;18;Libre
10997;Sector10_Tribuna_Alta;3;19;Libre
10998;Sector10_Tribuna_Alta;3;20;Libre
10999;Sector10_Tribuna_Alta;2;1;Libre
11000;Sector10_Tribuna_Alta;2;2;Libre
11001;Sector10_Tribuna_Alta;2;3;Libre
11002;Sector10_Tribuna_Alta;2;4;Libre
11003;Sector10_Tribuna_Alta;2;5;Libre
11004;Sector10_Tribuna_Alta;2;6;Libre
11005;Sector10_Tribuna_Alta;2;7;Libre
11006;Sector10_Tribuna_Alta;2;8;Libre
11007;Sector10_Tribuna_Alta;2;9;Libre
11008;Sector10_Tribuna_Alta;2;10;Libre
11009;Sector10_Tribuna_Alta;2;11;Libre
11010;Sector10_Tribuna_Alta;2;12;Libre
11011;Sector10_Tribuna_Alta;2;13;Libre
11012;Sector10_Tribuna_Alta;2;14;Libre
11013;Sector10_Tribuna_Alta;2;15;Libre
11014;Sector10_Tribuna_Alta;2;16;Libre
11015;Sector10_Tribuna_Alta;2;17;Libre
11016;Sector10_Tribuna_Alta;2;18;Libre
11017;Sector10_Tribuna_Alta;2;19;Libre
11018;Sector10_Tribuna_Alta;2;20;Libre
11019;Sector10_Tribuna_Alta;1;1;Libre
11020;Sector10_Tribuna_Alta;1;2;Libre
11021;Sector10_Tribuna_Alta;1;3;Libre
11022;Sector10_Tribuna_Alta;1;4;Libre
11023;Sector10_Tribuna_Alta;1;5;Libre
11024;Sector10_Tribuna_Alta;1;6;Libre
11025;Sector10_Tribuna_Alta;1;7;Libre
11026;Sector10_Tribuna_Alta;1;8;Libre
11027;Sector10_Tribuna_Alta;1;9;Libre
11028;Sector10_Tribuna_Alta;1;10;Libre
11029;Sector10_Tribuna_Alta;1;11;Libre
11030;Sector10_Tribuna_Alta;1;12;Libre
11031;Sector10_Tribuna_Alta;1;13;Libre
11032;Sector10_Tribuna_Alta;1;14;Libre
11033;Sector10_Tribuna_Alta;1;15;Libre
11034;Sector10_Tribuna_Alta;1;16;Libre
11035;Sector10_Tribuna_Alta;1;17;Libre
11036;Sector10_Tribuna_Alta;1;18;Libre
11037;Sector10_Tribuna_Alta;1;19;Libre
11038;Sector10_Tribuna_Alta;1;20;Libre
