13069;Sector1_Tribuna_Baja;8;1;Libre
13070;Sector1_Tribuna_Baja;8;2;Libre
13071;Sector1_Tribuna_Baja;8;3;Libre
13072;Sector1_Tribuna_Baja;8;4;Libre
13073;Sector1_Tribuna_Baja;8;5;Libre
13074;Sector1_Tribuna_Baja;8;6;Libre
13075;Sector1_Tribuna_Baja;8;7;Libre
13076;Sector1_Tribuna_Baja;8;8;Libre
13077;Sector1_Tribuna_Baja;8;9;Libre
13078;Sector1_Tribuna_Baja;8;10;Libre
13079;Sector1_Tribuna_Baja;8;11;Libre
13080;Sector1_Tribuna_Baja;8;12;Libre
13081;Sector1_Tribuna_Baja;8;13;Libre
13082;Sector1_Tribuna_Baja;8;14;Libre
13083;Sector1_Tribuna_Baja;8;15;Libre
13084;Sector1_Tribuna_Baja;8;16;Libre
13085;Sector1_Tribuna_Baja;8;17;Libre
13086;Sector1_Tribuna_Baja;8;18;Libre
13087;Sector1_Tribuna_Baja;8;19;Libre
13088;Sector1_Tribuna_Baja;8;20;Libre
13089;Sector1_Tribuna_Baja;7;1;Libre
13090;Sector1_Tribuna_Baja;7;2;Libre
13091;Sector1_Tribuna_Baja;7;3;Libre
13092;Sector1_Tribuna_Baja;7;4;Libre
13093;Sector1_Tribuna_Baja;7;5;Libre
13094;Sector1_Tribuna_Baja;7;6;Libre
13095;Sector1_Tribuna_Baja;7;7;Libre
13096;Sector1_Tribuna_Baja;7;8;Libre
13097;Sector1_Tribuna_Baja;7;9;Libre
13098;Sector1_Tribuna_Baja;7;10;Libre
13099;Sector1_Tribuna_Baja;7;11;Libre
13100;Sector1_Tribuna_Baja;7;12;Libre
13101;Sector1_Tribuna_Baja;7;13;Libre
13102;Sector1_Tribuna_Baja;7;14;Libre
13103;Sector1_Tribuna_Baja;7;15;Libre
13104;Sector1_Tribuna_Baja;7;16;Libre
13105;Sector1_Tribuna_Baja;7;17;Libre
13106;Sector1_Tribuna_Baja;7;18;Libre
13107;Sector1_Tribuna_Baja;7;19;Libre
13108;Sector1_Tribuna_Baja;7;20;Libre
13109;Sector1_Tribuna_Baja;6;1;Libre
13110;Sector1_Tribuna_Baja;6;2;Libre
13111;Sector1_Tribuna_Baja;6;3;Libre
13112;Sector1_Tribuna_Baja;6;4;Libre
13113;Sector1_Tribuna_Baja;6;5;Libre
13114;Sector1_Tribuna_Baja;6;6;Libre
13115;Sector1_Tribuna_Baja;6;7;Libre
13116;Sector1_Tribuna_Baja;6;8;Libre
13117;Sector1_Tribuna_Baja;6;9;Libre
13118;Sector1_Tribuna_Baja;6;10;Libre
13119;Sector1_Tribuna_Baja;6;11;Libre
13120;Sector1_Tribuna_Baja;6;12;Libre
13121;Sector1_Tribuna_Baja;6;13;Libre
13122;Sector1_Tribuna_Baja;6;14;Libre
13123;Sector1_Tribuna_Baja;6;15;Libre
13124;Sector1_Tribuna_Baja;6;16;Libre
13125;Sector1_Tribuna_Baja;6;17;Libre
13126;Sector1_Tribuna_Baja;6;18;Libre
13127;Sector1_Tribuna_Baja;6;19;Libre
13128;Sector1_Tribuna_Baja;6;20;Libre
13129;Sector1_Tribuna_Baja;5;1;Libre
13130;Sector1_Tribuna_Baja;5;2;Libre
13131;Sector1_Tribuna_Baja;5;3;Libre
13132;Sector1_Tribuna_Baja;5;4;Libre
13133;Sector1_Tribuna_Baja;5;5;Libre
13134;Sector1_Tribuna_Baja;5;6;Libre
13135;Sector1_Tribuna_Baja;5;7;Libre
13136;Sector1_Tribuna_Baja;5;8;Libre
13137;Sector1_Tribuna_Baja;5;9;Libre
13138;Sector1_Tribuna_Baja;5;10;Libre
13139;Sector1_Tribuna_Baja;5;11;Libre
13140;Sector1_Tribuna_Baja;5;12;Libre
13141;Sector1_Tribuna_Baja;5;13;Libre
13142;Sector1_Tribuna_Baja;5;14;Libre
13143;Sector1_Tribuna_Baja;5;15;Libre
13144;Sector1_Tribuna_Baja;5;16;Libre
13145;Sector1_Tribuna_Baja;5;17;Libre
13146;Sector1_Tribuna_Baja;5;18;Libre
13147;Sector1_Tribuna_Baja;5;19;Libre
13148;Sector1_Tribuna_Baja;5;20;Libre
13149;Sector1_Tribuna_Baja;4;1;Libre
13150;Sector1_Tribuna_Baja;4;2;Libre
13151;Sector1_Tribuna_Baja;4;3;Libre
13152;Sector1_Tribuna_Baja;4;4;Libre
13153;Sector1_Tribuna_Baja;4;5;Libre
13154;Sector1_Tribuna_Baja;4;6;Libre
13155;Sector1_Tribuna_Baja;4;7;Libre
13156;Sector1_Tribuna_Baja;4;8;Libre
13157;Sector1_Tribuna_Baja;4;9;Libre
13158;Sector1_Tribuna_Baja;4;10;Libre
13159;Sector1_Tribuna_Baja;4;11;Libre
13160;Sector1_Tribuna_Baja;4;12;Libre
13161;Sector1_Tribuna_Baja;4;13;Libre
13162;Sector1_Tribuna_Baja;4;14;Libre
13163;Sector1_Tribuna_Baja;4;15;Libre
13164;Sector1_Tribuna_Baja;4;16;Libre
13165;Sector1_Tribuna_Baja;4;17;Libre
13166;Sector1_Tribuna_Baja;4;18;Libre
13167;Sector1_Tribuna_Baja;4;19;Libre
13168;Sector1_Tribuna_Baja;4;20;Libre
13169;Sector1_Tribuna_Baja;3;1;Libre
13170;Sector1_Tribuna_Baja;3;2;Libre
13171;Sector1_Tribuna_Baja;3;3;Libre
13172;Sector1_Tribuna_Baja;3;4;Libre
13173;Sector1_Tribuna_Baja;3;5;Libre
13174;Sector1_Tribuna_Baja;3;6;Libre
13175;Sector1_Tribuna_Baja;3;7;Libre
13176;Sector1_Tribuna_Baja;3;8;Libre
13177;Sector1_Tribuna_Baja;3;9;Libre
13178;Sector1_Tribuna_Baja;3;10;Libre
13179;Sector1_Tribuna_Baja;3;11;Libre
13180;Sector1_Tribuna_Baja;3;12;Libre
13181;Sector1_Tribuna_Baja;3;13;Libre
13182;Sector1_Tribuna_Baja;3;14;Libre
13183;Sector1_Tribuna_Baja;3;15;Libre
13184;Sector1_Tribuna_Baja;3;16;Libre
13185;Sector1_Tribuna_Baja;3;17;Libre
13186;Sector1_Tribuna_Baja;3;18;Libre
13187;Sector1_Tribuna_Baja;3;19;Libre
13188;Sector1_Tribuna_Baja;3;20;Libre
13189;Sector1_Tribuna_Baja;2;1;Libre
13190;Sector1_Tribuna_Baja;2;2;Libre
13191;Sector1_Tribuna_Baja;2;3;Libre
13192;Sector1_Tribuna_Baja;2;4;Libre
13193;Sector1_Tribuna_Baja;2;5;Libre
13194;Sector1_Tribuna_Baja;2;6;Libre
13195;Sector1_Tribuna_Baja;2;7;Libre
13196;Sector1_Tribuna_Baja;2;8;Libre
13197;Sector1_Tribuna_Baja;2;9;Libre
13198;Sector1_Tribuna_Baja;2;10;Libre
13199;Sector1_Tribuna_Baja;2;11;Libre
13200;Sector1_Tribuna_Baja;2;12;Libre
13201;Sector1_Tribuna_Baja;2;13;Libre
13202;Sector1_Tribuna_Baja;2;14;Libre
13203;Sector1_Tribuna_Baja;2;15;Libre
13204;Sector1_Tribuna_Baja;2;16;Libre
13205;Sector1_Tribuna_Baja;2;17;Libre
13206;Sector1_Tribuna_Baja;2;18;Libre
13207;Sector1_Tribuna_Baja;2;19;Libre
13208;Sector1_Tribuna_Baja;2;20;Libre
13209;Sector1_Tribuna_Baja;1;1;Libre
13210;Sector1_Tribuna_Baja;1;2;Libre
13211;Sector1_Tribuna_Baja;1;3;Libre
13212;Sector1_Tribuna_Baja;1;4;Libre
13213;Sector1_Tribuna_Baja;1;5;Libre
13214;Sector1_Tribuna_Baja;1;6;Libre
13215;Sector1_Tribuna_Baja;1;7;Libre
13216;Sector1_Tribuna_Baja;1;8;Libre
13217;Sector1_Tribuna_Baja;1;9;Libre
13218;Sector1_Tribuna_Baja;1;10;Libre
13219;Sector1_Tribuna_Baja;1;11;Libre
13220;Sector1_Tribuna_Baja;1;12;Libre
13221;Sector1_Tribuna_Baja;1;13;Libre
13222;Sector1_Tribuna_Baja;1;14;Libre
13223;Sector1_Tribuna_Baja;1;15;Libre
13224;Sector1_Tribuna_Baja;1;16;Libre
13225;Sector1_Tribuna_Baja;1;17;Libre
13226;Sector1_Tribuna_Baja;1;18;Libre
13227;Sector1_Tribuna_Baja;1;19;Libre
13228;Sector1_Tribuna_Baja;1;20;Libre
13229;Sector2_Tribuna_Baja;8;1;Libre
13230;Sector2_Tribuna_Baja;8;2;Libre
13231;Sector2_Tribuna_Baja;8;3;Libre
13232;Sector2_Tribuna_Baja;8;4;Libre
13233;Sector2_Tribuna_Baja;8;5;Libre
13234;Sector2_Tribuna_Baja;8;6;Libre
13235;Sector2_Tribuna_Baja;8;7;Libre
13236;Sector2_Tribuna_Baja;8;8;Libre
13237;Sector2_Tribuna_Baja;8;9;Libre
13238;Sector2_Tribuna_Baja;8;10;Libre
13239;Sector2_Tribuna_Baja;8;11;Libre
13240;Sector2_Tribuna_Baja;8;12;Libre
13241;Sector2_Tribuna_Baja;8;13;Libre
13242;Sector2_Tribuna_Baja;8;14;Libre
13243;Sector2_Tribuna_Baja;8;15;Libre
13244;Sector2_Tribuna_Baja;8;16;Libre
13245;Sector2_Tribuna_Baja;8;17;Libre
13246;Sector2_Tribuna_Baja;8;18;Libre
13247;Sector2_Tribuna_Baja;8;19;Libre
13248;Sector2_Tribuna_Baja;8;20;Libre
13249;Sector2_Tribuna_Baja;7;1;Libre
13250;Sector2_Tribuna_Baja;7;2;Libre
13251;Sector2_Tribuna_Baja;7;3;Libre
13252;Sector2_Tribuna_Baja;7;4;Libre
13253;Sector2_Tribuna_Baja;7;5;Libre
13254;Sector2_Tribuna_Baja;7;6;Libre
13255;Sector2_Tribuna_Baja;7;7;Libre
13256;Sector2_Tribuna_Baja;7;8;Libre
13257;Sector2_Tribuna_Baja;7;9;Libre
13258;Sector2_Tribuna_Baja;7;10;Libre
13259;Sector2_Tribuna_Baja;7;11;Libre
13260;Sector2_Tribuna_Baja;7;12;Libre
13261;Sector2_Tribuna_Baja;7;13;Libre
13262;Sector2_Tribuna_Baja;7;14;Libre
13263;Sector2_Tribuna_Baja;7;15;Libre
13264;Sector2_Tribuna_Baja;7;16;Libre
13265;Sector2_Tribuna_Baja;7;17;Libre
13266;Sector2_Tribuna_Baja;7;18;Libre
13267;Sector2_Tribuna_Baja;7;19;Libre
13268;Sector2_Tribuna_Baja;7;20;Libre
13269;Sector2_Tribuna_Baja;6;1;Libre
13270;Sector2_Tribuna_Baja;6;2;Libre
13271;Sector2_Tribuna_Baja;6;3;Libre
13272;Sector2_Tribuna_Baja;6;4;Libre
13273;Sector2_Tribuna_Baja;6;5;Libre
13274;Sector2_Tribuna_Baja;6;6;Libre
13275;Sector2_Tribuna_Baja;6;7;Libre
13276;Sector2_Tribuna_Baja;6;8;Libre
13277;Sector2_Tribuna_Baja;6;9;Libre
13278;Sector2_Tribuna_Baja;6;10;Libre
13279;Sector2_Tribuna_Baja;6;11;Libre
13280;Sector2_Tribuna_Baja;6;12;Libre
13281;Sector2_Tribuna_Baja;6;13;Libre
13282;Sector2_Tribuna_Baja;6;14;Libre
13283;Sector2_Tribuna_Baja;6;15;Libre
13284;Sector2_Tribuna_Baja;6;16;Libre
13285;Sector2_Tribuna_Baja;6;17;Libre
13286;Sector2_Tribuna_Baja;6;18;Libre
13287;Sector2_Tribuna_Baja;6;19;Libre
13288;Sector2_Tribuna_Baja;6;20;Libre
13289;Sector2_Tribuna_Baja;5;1;Libre
13290;Sector2_Tribuna_Baja;5;2;Libre
13291;Sector2_Tribuna_Baja;5;3;Libre
13292;Sector2_Tribuna_Baja;5;4;Libre
13293;Sector2_Tribuna_Baja;5;5;Libre
13294;Sector2_Tribuna_Baja;5;6;Libre
13295;Sector2_Tribuna_Baja;5;7;Libre
13296;Sector2_Tribuna_Baja;5;8;Libre
13297;Sector2_Tribuna_Baja;5;9;Libre
13298;Sector2_Tribuna_Baja;5;10;Libre
13299;Sector2_Tribuna_Baja;5;11;Libre
13300;Sector2_Tribuna_Baja;5;12;Libre
13301;Sector2_Tribuna_Baja;5;13;Libre
13302;Sector2_Tribuna_Baja;5;14;Libre
13303;Sector2_Tribuna_Baja;5;15;Libre
13304;Sector2_Tribuna_Baja;5;16;Libre
13305;Sector2_Tribuna_Baja;5;17;Libre
13306;Sector2_Tribuna_Baja;5;18;Libre
13307;Sector2_Tribuna_Baja;5;19;Libre
13308;Sector2_Tribuna_Baja;5;20;Libre
13309;Sector2_Tribuna_Baja;4;1;Libre
13310;Sector2_Tribuna_Baja;4;2;Libre
13311;Sector2_Tribuna_Baja;4;3;Libre
13312;Sector2_Tribuna_Baja;4;4;Libre
13313;Sector2_Tribuna_Baja;4;5;Libre
13314;Sector2_Tribuna_Baja;4;6;Libre
13315;Sector2_Tribuna_Baja;4;7;Libre
13316;Sector2_Tribuna_Baja;4;8;Libre
13317;Sector2_Tribuna_Baja;4;9;Libre
13318;Sector2_Tribuna_Baja;4;10;Libre
13319;Sector2_Tribuna_Baja;4;11;Libre
13320;Sector2_Tribuna_Baja;4;12;Libre
13321;Sector2_Tribuna_Baja;4;13;Libre
13322;Sector2_Tribuna_Baja;4;14;Libre
13323;Sector2_Tribuna_Baja;4;15;Libre
13324;Sector2_Tribuna_Baja;4;16;Libre
13325;Sector2_Tribuna_Baja;4;17;Libre
13326;Sector2_Tribuna_Baja;4;18;Libre
13327;Sector2_Tribuna_Baja;4;19;Libre
13328;Sector2_Tribuna_Baja;4;20;Libre
13329;Sector2_Tribuna_Baja;3;1;Libre
13330;Sector2_Tribuna_Baja;3;2;Libre
13331;Sector2_Tribuna_Baja;3;3;Libre
13332;Sector2_Tribuna_Baja;3;4;Libre
13333;Sector2_Tribuna_Baja;3;5;Libre
13334;Sector2_Tribuna_Baja;3;6;Libre
13335;Sector2_Tribuna_Baja;3;7;Libre
13336;Sector2_Tribuna_Baja;3;8;Libre
13337;Sector2_Tribuna_Baja;3;9;Libre
13338;Sector2_Tribuna_Baja;3;10;Libre
13339;Sector2_Tribuna_Baja;3;11;Libre
13340;Sector2_Tribuna_Baja;3;12;Libre
13341;Sector2_Tribuna_Baja;3;13;Libre
13342;Sector2_Tribuna_Baja;3;14;Libre
13343;Sector2_Tribuna_Baja;3;15;Libre
13344;Sector2_Tribuna_Baja;3;16;Libre
13345;Sector2_Tribuna_Baja;3;17;Libre
13346;Sector2_Tribuna_Baja;3;18;Libre
13347;Sector2_Tribuna_Baja;3;19;Libre
13348;Sector2_Tribuna_Baja;3;20;Libre
13349;Sector2_Tribuna_Baja;2;1;Libre
13350;Sector2_Tribuna_Baja;2;2;Libre
13351;Sector2_Tribuna_Baja;2;3;Libre
13352;Sector2_Tribuna_Baja;2;4;Libre
13353;Sector2_Tribuna_Baja;2;5;Libre
13354;Sector2_Tribuna_Baja;2;6;Libre
13355;Sector2_Tribuna_Baja;2;7;Libre
13356;Sector2_Tribuna_Baja;2;8;Libre
13357;Sector2_Tribuna_Baja;2;9;Libre
13358;Sector2_Tribuna_Baja;2;10;Libre
13359;Sector2_Tribuna_Baja;2;11;Libre
13360;Sector2_Tribuna_Baja;2;12;Libre
13361;Sector2_Tribuna_Baja;2;13;Libre
13362;Sector2_Tribuna_Baja;2;14;Libre
13363;Sector2_Tribuna_Baja;2;15;Libre
13364;Sector2_Tribuna_Baja;2;16;Libre
13365;Sector2_Tribuna_Baja;2;17;Libre
13366;Sector2_Tribuna_Baja;2;18;Libre
13367;Sector2_Tribuna_Baja;2;19;Libre
13368;Sector2_Tribuna_Baja;2;20;Libre
13369;Sector2_Tribuna_Baja;1;1;Libre
13370;Sector2_Tribuna_Baja;1;2;Libre
13371;Sector2_Tribuna_Baja;1;3;Libre
13372;Sector2_Tribuna_Baja;1;4;Libre
13373;Sector2_Tribuna_Baja;1;5;Libre
13374;Sector2_Tribuna_Baja;1;6;Libre
13375;Sector2_Tribuna_Baja;1;7;Libre
13376;Sector2_Tribuna_Baja;1;8;Libre
13377;Sector2_Tribuna_Baja;1;9;Libre
13378;Sector2_Tribuna_Baja;1;10;Libre
13379;Sector2_Tribuna_Baja;1;11;Libre
13380;Sector2_Tribuna_Baja;1;12;Libre
13381;Sector2_Tribuna_Baja;1;13;Libre
13382;Sector2_Tribuna_Baja;1;14;Libre
13383;Sector2_Tribuna_Baja;1;15;Libre
13384;Sector2_Tribuna_Baja;1;16;Libre
13385;Sector2_Tribuna_Baja;1;17;Libre
13386;Sector2_Tribuna_Baja;1;18;Libre
13387;Sector2_Tribuna_Baja;1;19;Libre
13388;Sector2_Tribuna_Baja;1;20;Libre
13389;Sector3_Tribuna_Baja;8;1;Libre
13390;Sector3_Tribuna_Baja;8;2;Libre
13391;Sector3_Tribuna_Baja;8;3;Libre
13392;Sector3_Tribuna_Baja;8;4;Libre
13393;Sector3_Tribuna_Baja;8;5;Libre
13394;Sector3_Tribuna_Baja;8;6;Libre
13395;Sector3_Tribuna_Baja;8;7;Libre
13396;Sector3_Tribuna_Baja;8;8;Libre
13397;Sector3_Tribuna_Baja;8;9;Libre
13398;Sector3_Tribuna_Baja;8;10;Libre
13399;Sector3_Tribuna_Baja;8;11;Libre
13400;Sector3_Tribuna_Baja;8;12;Libre
13401;Sector3_Tribuna_Baja;8;13;Libre
13402;Sector3_Tribuna_Baja;8;14;Libre
13403;Sector3_Tribuna_Baja;8;15;Libre
13404;Sector3_Tribuna_Baja;8;16;Libre
13405;Sector3_Tribuna_Baja;8;17;Libre
13406;Sector3_Tribuna_Baja;8;18;Libre
13407;Sector3_Tribuna_Baja;8;19;Libre
13408;Sector3_Tribuna_Baja;8;20;Libre
13409;Sector3_Tribuna_Baja;7;1;Libre
13410;Sector3_Tribuna_Baja;7;2;Libre
13411;Sector3_Tribuna_Baja;7;3;Libre
13412;Sector3_Tribuna_Baja;7;4;Libre
13413;Sector3_Tribuna_Baja;7;5;Libre
13414;Sector3_Tribuna_Baja;7;6;Libre
13415;Sector3_Tribuna_Baja;7;7;Libre
13416;Sector3_Tribuna_Baja;7;8;Libre
13417;Sector3_Tribuna_Baja;7;9;Libre
13418;Sector3_Tribuna_Baja;7;10;Libre
13419;Sector3_Tribuna_Baja;7;11;Libre
13420;Sector3_Tribuna_Baja;7;12;Libre
13421;Sector3_Tribuna_Baja;7;13;Libre
13422;Sector3_Tribuna_Baja;7;14;Libre
13423;Sector3_Tribuna_Baja;7;15;Libre
13424;Sector3_Tribuna_Baja;7;16;Libre
13425;Sector3_Tribuna_Baja;7;17;Libre
13426;Sector3_Tribuna_Baja;7;18;Libre
13427;Sector3_Tribuna_Baja;7;19;Libre
13428;Sector3_Tribuna_Baja;7;20;Libre
13429;Sector3_Tribuna_Baja;6;1;Libre
13430;Sector3_Tribuna_Baja;6;2;Libre
13431;Sector3_Tribuna_Baja;6;3;Libre
13432;Sector3_Tribuna_Baja;6;4;Libre
13433;Sector3_Tribuna_Baja;6;5;Libre
13434;Sector3_Tribuna_Baja;6;6;Libre
13435;Sector3_Tribuna_Baja;6;7;Libre
13436;Sector3_Tribuna_Baja;6;8;Libre
13437;Sector3_Tribuna_Baja;6;9;Libre
13438;Sector3_Tribuna_Baja;6;10;Libre
13439;Sector3_Tribuna_Baja;6;11;Libre
13440;Sector3_Tribuna_Baja;6;12;Libre
13441;Sector3_Tribuna_Baja;6;13;Libre
13442;Sector3_Tribuna_Baja;6;14;Libre
13443;Sector3_Tribuna_Baja;6;15;Libre
13444;Sector3_Tribuna_Baja;6;16;Libre
13445;Sector3_Tribuna_Baja;6;17;Libre
13446;Sector3_Tribuna_Baja;6;18;Libre
13447;Sector3_Tribuna_Baja;6;19;Libre
13448;Sector3_Tribuna_Baja;6;20;Libre
13449;Sector3_Tribuna_Baja;5;1;Libre
13450;Sector3_Tribuna_Baja;5;2;Libre
13451;Sector3_Tribuna_Baja;5;3;Libre
13452;Sector3_Tribuna_Baja;5;4;Libre
13453;Sector3_Tribuna_Baja;5;5;Libre
13454;Sector3_Tribuna_Baja;5;6;Libre
13455;Sector3_Tribuna_Baja;5;7;Libre
13456;Sector3_Tribuna_Baja;5;8;Libre
13457;Sector3_Tribuna_Baja;5;9;Libre
13458;Sector3_Tribuna_Baja;5;10;Libre
13459;Sector3_Tribuna_Baja;5;11;Libre
13460;Sector3_Tribuna_Baja;5;12;Libre
13461;Sector3_Tribuna_Baja;5;13;Libre
13462;Sector3_Tribuna_Baja;5;14;Libre
13463;Sector3_Tribuna_Baja;5;15;Libre
13464;Sector3_Tribuna_Baja;5;16;Libre
13465;Sector3_Tribuna_Baja;5;17;Libre
13466;Sector3_Tribuna_Baja;5;18;Libre
13467;Sector3_Tribuna_Baja;5;19;Libre
13468;Sector3_Tribuna_Baja;5;20;Libre
13469;Sector3_Tribuna_Baja;4;1;Libre
13470;Sector3_Tribuna_Baja;4;2;Libre
13471;Sector3_Tribuna_Baja;4;3;Libre
13472;Sector3_Tribuna_Baja;4;4;Libre
13473;Sector3_Tribuna_Baja;4;5;Libre
13474;Sector3_Tribuna_Baja;4;6;Libre
13475;Sector3_Tribuna_Baja;4;7;Libre
13476;Sector3_Tribuna_Baja;4;8;Libre
13477;Sector3_Tribuna_Baja;4;9;Libre
13478;Sector3_Tribuna_Baja;4;10;Libre
13479;Sector3_Tribuna_Baja;4;11;Libre
13480;Sector3_Tribuna_Baja;4;12;Libre
13481;Sector3_Tribuna_Baja;4;13;Libre
13482;Sector3_Tribuna_Baja;4;14;Libre
13483;Sector3_Tribuna_Baja;4;15;Libre
13484;Sector3_Tribuna_Baja;4;16;Libre
13485;Sector3_Tribuna_Baja;4;17;Libre
13486;Sector3_Tribuna_Baja;4;18;Libre
13487;Sector3_Tribuna_Baja;4;19;Libre
13488;Sector3_Tribuna_Baja;4;20;Libre
13489;Sector3_Tribuna_Baja;3;1;Libre
13490;Sector3_Tribuna_Baja;3;2;Libre
13491;Sector3_Tribuna_Baja;3;3;Libre
13492;Sector3_Tribuna_Baja;3;4;Libre
13493;Sector3_Tribuna_Baja;3;5;Libre
13494;Sector3_Tribuna_Baja;3;6;Libre
13495;Sector3_Tribuna_Baja;3;7;Libre
13496;Sector3_Tribuna_Baja;3;8;Libre
13497;Sector3_Tribuna_Baja;3;9;Libre
13498;Sector3_Tribuna_Baja;3;10;Libre
13499;Sector3_Tribuna_Baja;3;11;Libre
13500;Sector3_Tribuna_Baja;3;12;Libre
13501;Sector3_Tribuna_Baja;3;13;Libre
13502;Sector3_Tribuna_Baja;3;14;Libre
13503;Sector3_Tribuna_Baja;3;15;Libre
13504;Sector3_Tribuna_Baja;3;16;Libre
13505;Sector3_Tribuna_Baja;3;17;Libre
13506;Sector3_Tribuna_Baja;3;18;Libre
13507;Sector3_Tribuna_Baja;3;19;Libre
13508;Sector3_Tribuna_Baja;3;20;Libre
13509;Sector3_Tribuna_Baja;2;1;Libre
13510;Sector3_Tribuna_Baja;2;2;Libre
13511;Sector3_Tribuna_Baja;2;3;Libre
13512;Sector3_Tribuna_Baja;2;4;Libre
13513;Sector3_Tribuna_Baja;2;5;Libre
13514;Sector3_Tribuna_Baja;2;6;Libre
13515;Sector3_Tribuna_Baja;2;7;Libre
13516;Sector3_Tribuna_Baja;2;8;Libre
13517;Sector3_Tribuna_Baja;2;9;Libre
13518;Sector3_Tribuna_Baja;2;10;Libre
13519;Sector3_Tribuna_Baja;2;11;Libre
13520;Sector3_Tribuna_Baja;2;12;Libre
13521;Sector3_Tribuna_Baja;2;13;Libre
13522;Sector3_Tribuna_Baja;2;14;Libre
13523;Sector3_Tribuna_Baja;2;15;Libre
13524;Sector3_Tribuna_Baja;2;16;Libre
13525;Sector3_Tribuna_Baja;2;17;Libre
13526;Sector3_Tribuna_Baja;2;18;Libre
13527;Sector3_Tribuna_Baja;2;19;Libre
13528;Sector3_Tribuna_Baja;2;20;Libre
13529;Sector3_Tribuna_Baja;1;1;Libre
13530;Sector3_Tribuna_Baja;1;2;Libre
13531;Sector3_Tribuna_Baja;1;3;Libre
13532;Sector3_Tribuna_Baja;1;4;Libre
13533;Sector3_Tribuna_Baja;1;5;Libre
13534;Sector3_Tribuna_Baja;1;6;Libre
13535;Sector3_Tribuna_Baja;1;7;Libre
13536;Sector3_Tribuna_Baja;1;8;Libre
13537;Sector3_Tribuna_Baja;1;9;Libre
13538;Sector3_Tribuna_Baja;1;10;Libre
13539;Sector3_Tribuna_Baja;1;11;Libre
13540;Sector3_Tribuna_Baja;1;12;Libre
13541;Sector3_Tribuna_Baja;1;13;Libre
13542;Sector3_Tribuna_Baja;1;14;Libre
13543;Sector3_Tribuna_Baja;1;15;Libre
13544;Sector3_Tribuna_Baja;1;16;Libre
13545;Sector3_Tribuna_Baja;1;17;Libre
13546;Sector3_Tribuna_Baja;1;18;Libre
13547;Sector3_Tribuna_Baja;1;19;Libre
13548;Sector3_Tribuna_Baja;1;20;Libre
13549;Sector4_Tribuna_Baja;8;1;Libre
13550;Sector4_Tribuna_Baja;8;2;Libre
13551;Sector4_Tribuna_Baja;8;3;Libre
13552;Sector4_Tribuna_Baja;8;4;Libre
13553;Sector4_Tribuna_Baja;8;5;Libre
13554;Sector4_Tribuna_Baja;8;6;Libre
13555;Sector4_Tribuna_Baja;8;7;Libre
13556;Sector4_Tribuna_Baja;8;8;Libre
13557;Sector4_Tribuna_Baja;8;9;Libre
13558;Sector4_Tribuna_Baja;8;10;Libre
13559;Sector4_Tribuna_Baja;8;11;Libre
13560;Sector4_Tribuna_Baja;8;12;Libre
13561;Sector4_Tribuna_Baja;8;13;Libre
13562;Sector4_Tribuna_Baja;8;14;Libre
13563;Sector4_Tribuna_Baja;8;15;Libre
13564;Sector4_Tribuna_Baja;8;16;Libre
13565;Sector4_Tribuna_Baja;8;17;Libre
13566;Sector4_Tribuna_Baja;8;18;Libre
13567;Sector4_Tribuna_Baja;8;19;Libre
13568;Sector4_Tribuna_Baja;8;20;Libre
13569;Sector4_Tribuna_Baja;7;1;Libre
13570;Sector4_Tribuna_Baja;7;2;Libre
13571;Sector4_Tribuna_Baja;7;3;Libre
13572;Sector4_Tribuna_Baja;7;4;Libre
13573;Sector4_Tribuna_Baja;7;5;Libre
13574;Sector4_Tribuna_Baja;7;6;Libre
13575;Sector4_Tribuna_Baja;7;7;Libre
13576;Sector4_Tribuna_Baja;7;8;Libre
13577;Sector4_Tribuna_Baja;7;9;Libre
13578;Sector4_Tribuna_Baja;7;10;Libre
13579;Sector4_Tribuna_Baja;7;11;Libre
13580;Sector4_Tribuna_Baja;7;12;Libre
13581;Sector4_Tribuna_Baja;7;13;Libre
13582;Sector4_Tribuna_Baja;7;14;Libre
13583;Sector4_Tribuna_Baja;7;15;Libre
13584;Sector4_Tribuna_Baja;7;16;Libre
13585;Sector4_Tribuna_Baja;7;17;Libre
13586;Sector4_Tribuna_Baja;7;18;Libre
13587;Sector4_Tribuna_Baja;7;19;Libre
13588;Sector4_Tribuna_Baja;7;20;Libre
13589;Sector4_Tribuna_Baja;6;1;Libre
13590;Sector4_Tribuna_Baja;6;2;Libre
13591;Sector4_Tribuna_Baja;6;3;Libre
13592;Sector4_Tribuna_Baja;6;4;Libre
13593;Sector4_Tribuna_Baja;6;5;Libre
13594;Sector4_Tribuna_Baja;6;6;Libre
13595;Sector4_Tribuna_Baja;6;7;Libre
13596;Sector4_Tribuna_Baja;6;8;Libre
13597;Sector4_Tribuna_Baja;6;9;Libre
13598;Sector4_Tribuna_Baja;6;10;Libre
13599;Sector4_Tribuna_Baja;6;11;Libre
13600;Sector4_Tribuna_Baja;6;12;Libre
13601;Sector4_Tribuna_Baja;6;13;Libre
13602;Sector4_Tribuna_Baja;6;14;Libre
13603;Sector4_Tribuna_Baja;6;15;Libre
13604;Sector4_Tribuna_Baja;6;16;Libre
13605;Sector4_Tribuna_Baja;6;17;Libre
13606;Sector4_Tribuna_Baja;6;18;Libre
13607;Sector4_Tribuna_Baja;6;19;Libre
13608;Sector4_Tribuna_Baja;6;20;Libre
13609;Sector4_Tribuna_Baja;5;1;Libre
13610;Sector4_Tribuna_Baja;5;2;Libre
13611;Sector4_Tribuna_Baja;5;3;Libre
13612;Sector4_Tribuna_Baja;5;4;Libre
13613;Sector4_Tribuna_Baja;5;5;Libre
13614;Sector4_Tribuna_Baja;5;6;Libre
13615;Sector4_Tribuna_Baja;5;7;Libre
13616;Sector4_Tribuna_Baja;5;8;Libre
13617;Sector4_Tribuna_Baja;5;9;Libre
13618;Sector4_Tribuna_Baja;5;10;Libre
13619;Sector4_Tribuna_Baja;5;11;Libre
13620;Sector4_Tribuna_Baja;5;12;Libre
13621;Sector4_Tribuna_Baja;5;13;Libre
13622;Sector4_Tribuna_Baja;5;14;Libre
13623;Sector4_Tribuna_Baja;5;15;Libre
13624;Sector4_Tribuna_Baja;5;16;Libre
13625;Sector4_Tribuna_Baja;5;17;Libre
13626;Sector4_Tribuna_Baja;5;18;Libre
13627;Sector4_Tribuna_Baja;5;19;Libre
13628;Sector4_Tribuna_Baja;5;20;Libre
13629;Sector4_Tribuna_Baja;4;1;Libre
13630;Sector4_Tribuna_Baja;4;2;Libre
13631;Sector4_Tribuna_Baja;4;3;Libre
13632;Sector4_Tribuna_Baja;4;4;Libre
13633;Sector4_Tribuna_Baja;4;5;Libre
13634;Sector4_Tribuna_Baja;4;6;Libre
13635;Sector4_Tribuna_Baja;4;7;Libre
13636;Sector4_Tribuna_Baja;4;8;Libre
13637;Sector4_Tribuna_Baja;4;9;Libre
13638;Sector4_Tribuna_Baja;4;10;Libre
13639;Sector4_Tribuna_Baja;4;11;Libre
13640;Sector4_Tribuna_Baja;4;12;Libre
13641;Sector4_Tribuna_Baja;4;13;Libre
13642;Sector4_Tribuna_Baja;4;14;Libre
13643;Sector4_Tribuna_Baja;4;15;Libre
13644;Sector4_Tribuna_Baja;4;16;Libre
13645;Sector4_Tribuna_Baja;4;17;Libre
13646;Sector4_Tribuna_Baja;4;18;Libre
13647;Sector4_Tribuna_Baja;4;19;Libre
13648;Sector4_Tribuna_Baja;4;20;Libre
13649;Sector4_Tribuna_Baja;3;1;Libre
13650;Sector4_Tribuna_Baja;3;2;Libre
13651;Sector4_Tribuna_Baja;3;3;Libre
13652;Sector4_Tribuna_Baja;3;4;Libre
13653;Sector4_Tribuna_Baja;3;5;Libre
13654;Sector4_Tribuna_Baja;3;6;Libre
13655;Sector4_Tribuna_Baja;3;7;Libre
13656;Sector4_Tribuna_Baja;3;8;Libre
13657;Sector4_Tribuna_Baja;3;9;Libre
13658;Sector4_Tribuna_Baja;3;10;Libre
13659;Sector4_Tribuna_Baja;3;11;Libre
13660;Sector4_Tribuna_Baja;3;12;Libre
13661;Sector4_Tribuna_Baja;3;13;Libre
13662;Sector4_Tribuna_Baja;3;14;Libre
13663;Sector4_Tribuna_Baja;3;15;Libre
13664;Sector4_Tribuna_Baja;3;16;Libre
13665;Sector4_Tribuna_Baja;3;17;Libre
13666;Sector4_Tribuna_Baja;3;18;Libre
13667;Sector4_Tribuna_Baja;3;19;Libre
13668;Sector4_Tribuna_Baja;3;20;Libre
13669;Sector4_Tribuna_Baja;2;1;Libre
13670;Sector4_Tribuna_Baja;2;2;Libre
13671;Sector4_Tribuna_Baja;2;3;Libre
13672;Sector4_Tribuna_Baja;2;4;Libre
13673;Sector4_Tribuna_Baja;2;5;Libre
13674;Sector4_Tribuna_Baja;2;6;Libre
13675;Sector4_Tribuna_Baja;2;7;Libre
13676;Sector4_Tribuna_Baja;2;8;Libre
13677;Sector4_Tribuna_Baja;2;9;Libre
13678;Sector4_Tribuna_Baja;2;10;Libre
13679;Sector4_Tribuna_Baja;2;11;Libre
13680;Sector4_Tribuna_Baja;2;12;Libre
13681;Sector4_Tribuna_Baja;2;13;Libre
13682;Sector4_Tribuna_Baja;2;14;Libre
13683;Sector4_Tribuna_Baja;2;15;Libre
13684;Sector4_Tribuna_Baja;2;16;Libre
13685;Sector4_Tribuna_Baja;2;17;Libre
13686;Sector4_Tribuna_Baja;2;18;Libre
13687;Sector4_Tribuna_Baja;2;19;Libre
13688;Sector4_Tribuna_Baja;2;20;Libre
13689;Sector4_Tribuna_Baja;1;1;Libre
13690;Sector4_Tribuna_Baja;1;2;Libre
13691;Sector4_Tribuna_Baja;1;3;Libre
13692;Sector4_Tribuna_Baja;1;4;Libre
13693;Sector4_Tribuna_Baja;1;5;Libre
13694;Sector4_Tribuna_Baja;1;6;Libre
13695;Sector4_Tribuna_Baja;1;7;Libre
13696;Sector4_Tribuna_Baja;1;8;Libre
13697;Sector4_Tribuna_Baja;1;9;Libre
13698;Sector4_Tribuna_Baja;1;10;Libre
13699;Sector4_Tribuna_Baja;1;11;Libre
13700;Sector4_Tribuna_Baja;1;12;Libre
13701;Sector4_Tribuna_Baja;1;13;Libre
13702;Sector4_Tribuna_Baja;1;14;Libre
13703;Sector4_Tribuna_Baja;1;15;Libre
13704;Sector4_Tribuna_Baja;1;16;Libre
13705;Sector4_Tribuna_Baja;1;17;Libre
13706;Sector4_Tribuna_Baja;1;18;Libre
13707;Sector4_Tribuna_Baja;1;19;Libre
13708;Sector4_Tribuna_Baja;1;20;Libre
13709;Sector5_Tribuna_Baja;8;1;Libre
13710;Sector5_Tribuna_Baja;8;2;Libre
13711;Sector5_Tribuna_Baja;8;3;Libre
13712;Sector5_Tribuna_Baja;8;4;Libre
13713;Sector5_Tribuna_Baja;8;5;Libre
13714;Sector5_Tribuna_Baja;8;6;Libre
13715;Sector5_Tribuna_Baja;8;7;Libre
13716;Sector5_Tribuna_Baja;8;8;Libre
13717;Sector5_Tribuna_Baja;8;9;Libre
13718;Sector5_Tribuna_Baja;8;10;Libre
13719;Sector5_Tribuna_Baja;8;11;Libre
13720;Sector5_Tribuna_Baja;8;12;Libre
13721;Sector5_Tribuna_Baja;8;13;Libre
13722;Sector5_Tribuna_Baja;8;14;Libre
13723;Sector5_Tribuna_Baja;8;15;Libre
13724;Sector5_Tribuna_Baja;8;16;Libre
13725;Sector5_Tribuna_Baja;8;17;Libre
13726;Sector5_Tribuna_Baja;8;18;Libre
13727;Sector5_Tribuna_Baja;8;19;Libre
13728;Sector5_Tribuna_Baja;8;20;Libre
13729;Sector5_Tribuna_Baja;7;1;Libre
13730;Sector5_Tribuna_Baja;7;2;Libre
13731;Sector5_Tribuna_Baja;7;3;Libre
13732;Sector5_Tribuna_Baja;7;4;Libre
13733;Sector5_Tribuna_Baja;7;5;Libre
13734;Sector5_Tribuna_Baja;7;6;Libre
13735;Sector5_Tribuna_Baja;7;7;Libre
13736;Sector5_Tribuna_Baja;7;8;Libre
13737;Sector5_Tribuna_Baja;7;9;Libre
13738;Sector5_Tribuna_Baja;7;10;Libre
13739;Sector5_Tribuna_Baja;7;11;Libre
13740;Sector5_Tribuna_Baja;7;12;Libre
13741;Sector5_Tribuna_Baja;7;13;Libre
13742;Sector5_Tribuna_Baja;7;14;Libre
13743;Sector5_Tribuna_Baja;7;15;Libre
13744;Sector5_Tribuna_Baja;7;16;Libre
13745;Sector5_Tribuna_Baja;7;17;Libre
13746;Sector5_Tribuna_Baja;7;18;Libre
13747;Sector5_Tribuna_Baja;7;19;Libre
13748;Sector5_Tribuna_Baja;7;20;Libre
13749;Sector5_Tribuna_Baja;6;1;Libre
13750;Sector5_Tribuna_Baja;6;2;Libre
13751;Sector5_Tribuna_Baja;6;3;Libre
13752;Sector5_Tribuna_Baja;6;4;Libre
13753;Sector5_Tribuna_Baja;6;5;Libre
13754;Sector5_Tribuna_Baja;6;6;Libre
13755;Sector5_Tribuna_Baja;6;7;Libre
13756;Sector5_Tribuna_Baja;6;8;Libre
13757;Sector5_Tribuna_Baja;6;9;Libre
13758;Sector5_Tribuna_Baja;6;10;Libre
13759;Sector5_Tribuna_Baja;6;11;Libre
13760;Sector5_Tribuna_Baja;6;12;Libre
13761;Sector5_Tribuna_Baja;6;13;Libre
13762;Sector5_Tribuna_Baja;6;14;Libre
13763;Sector5_Tribuna_Baja;6;15;Libre
13764;Sector5_Tribuna_Baja;6;16;Libre
13765;Sector5_Tribuna_Baja;6;17;Libre
13766;Sector5_Tribuna_Baja;6;18;Libre
13767;Sector5_Tribuna_Baja;6;19;Libre
13768;Sector5_Tribuna_Baja;6;20;Libre
13769;Sector5_Tribuna_Baja;5;1;Libre
13770;Sector5_Tribuna_Baja;5;2;Libre
13771;Sector5_Tribuna_Baja;5;3;Libre
13772;Sector5_Tribuna_Baja;5;4;Libre
13773;Sector5_Tribuna_Baja;5;5;Libre
13774;Sector5_Tribuna_Baja;5;6;Libre
13775;Sector5_Tribuna_Baja;5;7;Libre
13776;Sector5_Tribuna_Baja;5;8;Libre
13777;Sector5_Tribuna_Baja;5;9;Libre
13778;Sector5_Tribuna_Baja;5;10;Libre
13779;Sector5_Tribuna_Baja;5;11;Libre
13780;Sector5_Tribuna_Baja;5;12;Libre
13781;Sector5_Tribuna_Baja;5;13;Libre
13782;Sector5_Tribuna_Baja;5;14;Libre
13783;Sector5_Tribuna_Baja;5;15;Libre
13784;Sector5_Tribuna_Baja;5;16;Libre
13785;Sector5_Tribuna_Baja;5;17;Libre
13786;Sector5_Tribuna_Baja;5;18;Libre
13787;Sector5_Tribuna_Baja;5;19;Libre
13788;Sector5_Tribuna_Baja;5;20;Libre
13789;Sector5_Tribuna_Baja;4;1;Libre
13790;Sector5_Tribuna_Baja;4;2;Libre
13791;Sector5_Tribuna_Baja;4;3;Libre
13792;Sector5_Tribuna_Baja;4;4;Libre
13793;Sector5_Tribuna_Baja;4;5;Libre
13794;Sector5_Tribuna_Baja;4;6;Libre
13795;Sector5_Tribuna_Baja;4;7;Libre
13796;Sector5_Tribuna_Baja;4;8;Libre
13797;Sector5_Tribuna_Baja;4;9;Libre
13798;Sector5_Tribuna_Baja;4;10;Libre
13799;Sector5_Tribuna_Baja;4;11;Libre
13800;Sector5_Tribuna_Baja;4;12;Libre
13801;Sector5_Tribuna_Baja;4;13;Libre
13802;Sector5_Tribuna_Baja;4;14;Libre
13803;Sector5_Tribuna_Baja;4;15;Libre
13804;Sector5_Tribuna_Baja;4;16;Libre
13805;Sector5_Tribuna_Baja;4;17;Libre
13806;Sector5_Tribuna_Baja;4;18;Libre
13807;Sector5_Tribuna_Baja;4;19;Libre
13808;Sector5_Tribuna_Baja;4;20;Libre
13809;Sector5_Tribuna_Baja;3;1;Libre
13810;Sector5_Tribuna_Baja;3;2;Libre
13811;Sector5_Tribuna_Baja;3;3;Libre
13812;Sector5_Tribuna_Baja;3;4;Libre
13813;Sector5_Tribuna_Baja;3;5;Libre
13814;Sector5_Tribuna_Baja;3;6;Libre
13815;Sector5_Tribuna_Baja;3;7;Libre
13816;Sector5_Tribuna_Baja;3;8;Libre
13817;Sector5_Tribuna_Baja;3;9;Libre
13818;Sector5_Tribuna_Baja;3;10;Libre
13819;Sector5_Tribuna_Baja;3;11;Libre
13820;Sector5_Tribuna_Baja;3;12;Libre
13821;Sector5_Tribuna_Baja;3;13;Libre
13822;Sector5_Tribuna_Baja;3;14;Libre
13823;Sector5_Tribuna_Baja;3;15;Libre
13824;Sector5_Tribuna_Baja;3;16;Libre
13825;Sector5_Tribuna_Baja;3;17;Libre
13826;Sector5_Tribuna_Baja;3;18;Libre
13827;Sector5_Tribuna_Baja;3;19;Libre
13828;Sector5_Tribuna_Baja;3;20;Libre
13829;Sector5_Tribuna_Baja;2;1;Libre
13830;Sector5_Tribuna_Baja;2;2;Libre
13831;Sector5_Tribuna_Baja;2;3;Libre
13832;Sector5_Tribuna_Baja;2;4;Libre
13833;Sector5_Tribuna_Baja;2;5;Libre
13834;Sector5_Tribuna_Baja;2;6;Libre
13835;Sector5_Tribuna_Baja;2;7;Libre
13836;Sector5_Tribuna_Baja;2;8;Libre
13837;Sector5_Tribuna_Baja;2;9;Libre
13838;Sector5_Tribuna_Baja;2;10;Libre
13839;Sector5_Tribuna_Baja;2;11;Libre
13840;Sector5_Tribuna_Baja;2;12;Libre
13841;Sector5_Tribuna_Baja;2;13;Libre
13842;Sector5_Tribuna_Baja;2;14;Libre
13843;Sector5_Tribuna_Baja;2;15;Libre
13844;Sector5_Tribuna_Baja;2;16;Libre
13845;Sector5_Tribuna_Baja;2;17;Libre
13846;Sector5_Tribuna_Baja;2;18;Libre
13847;Sector5_Tribuna_Baja;2;19;Libre
13848;Sector5_Tribuna_Baja;2;20;Libre
13849;Sector5_Tribuna_Baja;1;1;Libre
13850;Sector5_Tribuna_Baja;1;2;Libre
13851;Sector5_Tribuna_Baja;1;3;Libre
13852;Sector5_Tribuna_Baja;1;4;Libre
13853;Sector5_Tribuna_Baja;1;5;Libre
13854;Sector5_Tribuna_Baja;1;6;Libre
13855;Sector5_Tribuna_Baja;1;7;Libre
13856;Sector5_Tribuna_Baja;1;8;Libre
13857;Sector5_Tribuna_Baja;1;9;Libre
13858;Sector5_Tribuna_Baja;1;10;Libre
13859;Sector5_Tribuna_Baja;1;11;Libre
13860;Sector5_Tribuna_Baja;1;12;Libre
13861;Sector5_Tribuna_Baja;1;13;Libre
13862;Sector5_Tribuna_Baja;1;14;Libre
13863;Sector5_Tribuna_Baja;1;15;Libre
13864;Sector5_Tribuna_Baja;1;16;Libre
13865;Sector5_Tribuna_Baja;1;17;Libre
13866;Sector5_Tribuna_Baja;1;18;Libre
13867;Sector5_Tribuna_Baja;1;19;Libre
13868;Sector5_Tribuna_Baja;1;20;Libre
13869;Sector6_Tribuna_Baja;8;1;Libre
13870;Sector6_Tribuna_Baja;8;2;Libre
13871;Sector6_Tribuna_Baja;8;3;Libre
13872;Sector6_Tribuna_Baja;8;4;Libre
13873;Sector6_Tribuna_Baja;8;5;Libre
13874;Sector6_Tribuna_Baja;8;6;Libre
13875;Sector6_Tribuna_Baja;8;7;Libre
13876;Sector6_Tribuna_Baja;8;8;Libre
13877;Sector6_Tribuna_Baja;8;9;Libre
13878;Sector6_Tribuna_Baja;8;10;Libre
13879;Sector6_Tribuna_Baja;8;11;Libre
13880;Sector6_Tribuna_Baja;8;12;Libre
13881;Sector6_Tribuna_Baja;8;13;Libre
13882;Sector6_Tribuna_Baja;8;14;Libre
13883;Sector6_Tribuna_Baja;8;15;Libre
13884;Sector6_Tribuna_Baja;8;16;Libre
13885;Sector6_Tribuna_Baja;8;17;Libre
13886;Sector6_Tribuna_Baja;8;18;Libre
13887;Sector6_Tribuna_Baja;8;19;Libre
13888;Sector6_Tribuna_Baja;8;20;Libre
13889;Sector6_Tribuna_Baja;7;1;Libre
13890;Sector6_Tribuna_Baja;7;2;Libre
13891;Sector6_Tribuna_Baja;7;3;Libre
13892;Sector6_Tribuna_Baja;7;4;Libre
13893;Sector6_Tribuna_Baja;7;5;Libre
13894;Sector6_Tribuna_Baja;7;6;Libre
13895;Sector6_Tribuna_Baja;7;7;Libre
13896;Sector6_Tribuna_Baja;7;8;Libre
13897;Sector6_Tribuna_Baja;7;9;Libre
13898;Sector6_Tribuna_Baja;7;10;Libre
13899;Sector6_Tribuna_Baja;7;11;Libre
13900;Sector6_Tribuna_Baja;7;12;Libre
13901;Sector6_Tribuna_Baja;7;13;Libre
13902;Sector6_Tribuna_Baja;7;14;Libre
13903;Sector6_Tribuna_Baja;7;15;Libre
13904;Sector6_Tribuna_Baja;7;16;Libre
13905;Sector6_Tribuna_Baja;7;17;Libre
13906;Sector6_Tribuna_Baja;7;18;Libre
13907;Sector6_Tribuna_Baja;7;19;Libre
13908;Sector6_Tribuna_Baja;7;20;Libre
13909;Sector6_Tribuna_Baja;6;1;Libre
13910;Sector6_Tribuna_Baja;6;2;Libre
13911;Sector6_Tribuna_Baja;6;3;Libre
13912;Sector6_Tribuna_Baja;6;4;Libre
13913;Sector6_Tribuna_Baja;6;5;Libre
13914;Sector6_Tribuna_Baja;6;6;Libre
13915;Sector6_Tribuna_Baja;6;7;Libre
13916;Sector6_Tribuna_Baja;6;8;Libre
13917;Sector6_Tribuna_Baja;6;9;Libre
13918;Sector6_Tribuna_Baja;6;10;Libre
13919;Sector6_Tribuna_Baja;6;11;Libre
13920;Sector6_Tribuna_Baja;6;12;Libre
13921;Sector6_Tribuna_Baja;6;13;Libre
13922;Sector6_Tribuna_Baja;6;14;Libre
13923;Sector6_Tribuna_Baja;6;15;Libre
13924;Sector6_Tribuna_Baja;6;16;Libre
13925;Sector6_Tribuna_Baja;6;17;Libre
13926;Sector6_Tribuna_Baja;6;18;Libre
13927;Sector6_Tribuna_Baja;6;19;Libre
13928;Sector6_Tribuna_Baja;6;20;Libre
13929;Sector6_Tribuna_Baja;5;1;Libre
13930;Sector6_Tribuna_Baja;5;2;Libre
13931;Sector6_Tribuna_Baja;5;3;Libre
13932;Sector6_Tribuna_Baja;5;4;Libre
13933;Sector6_Tribuna_Baja;5;5;Libre
13934;Sector6_Tribuna_Baja;5;6;Libre
13935;Sector6_Tribuna_Baja;5;7;Libre
13936;Sector6_Tribuna_Baja;5;8;Libre
13937;Sector6_Tribuna_Baja;5;9;Libre
13938;Sector6_Tribuna_Baja;5;10;Libre
13939;Sector6_Tribuna_Baja;5;11;Libre
13940;Sector6_Tribuna_Baja;5;12;Libre
13941;Sector6_Tribuna_Baja;5;13;Libre
13942;Sector6_Tribuna_Baja;5;14;Libre
13943;Sector6_Tribuna_Baja;5;15;Libre
13944;Sector6_Tribuna_Baja;5;16;Libre
13945;Sector6_Tribuna_Baja;5;17;Libre
13946;Sector6_Tribuna_Baja;5;18;Libre
13947;Sector6_Tribuna_Baja;5;19;Libre
13948;Sector6_Tribuna_Baja;5;20;Libre
13949;Sector6_Tribuna_Baja;4;1;Libre
13950;Sector6_Tribuna_Baja;4;2;Libre
13951;Sector6_Tribuna_Baja;4;3;Libre
13952;Sector6_Tribuna_Baja;4;4;Libre
13953;Sector6_Tribuna_Baja;4;5;Libre
13954;Sector6_Tribuna_Baja;4;6;Libre
13955;Sector6_Tribuna_Baja;4;7;Libre
13956;Sector6_Tribuna_Baja;4;8;Libre
13957;Sector6_Tribuna_Baja;4;9;Libre
13958;Sector6_Tribuna_Baja;4;10;Libre
13959;Sector6_Tribuna_Baja;4;11;Libre
13960;Sector6_Tribuna_Baja;4;12;Libre
13961;Sector6_Tribuna_Baja;4;13;Libre
13962;Sector6_Tribuna_Baja;4;14;Libre
13963;Sector6_Tribuna_Baja;4;15;Libre
13964;Sector6_Tribuna_Baja;4;16;Libre
13965;Sector6_Tribuna_Baja;4;17;Libre
13966;Sector6_Tribuna_Baja;4;18;Libre
13967;Sector6_Tribuna_Baja;4;19;Libre
13968;Sector6_Tribuna_Baja;4;20;Libre
13969;Sector6_Tribuna_Baja;3;1;Libre
13970;Sector6_Tribuna_Baja;3;2;Libre
13971;Sector6_Tribuna_Baja;3;3;Libre
13972;Sector6_Tribuna_Baja;3;4;Libre
13973;Sector6_Tribuna_Baja;3;5;Libre
13974;Sector6_Tribuna_Baja;3;6;Libre
13975;Sector6_Tribuna_Baja;3;7;Libre
13976;Sector6_Tribuna_Baja;3;8;Libre
13977;Sector6_Tribuna_Baja;3;9;Libre
13978;Sector6_Tribuna_Baja;3;10;Libre
13979;Sector6_Tribuna_Baja;3;11;Libre
13980;Sector6_Tribuna_Baja;3;12;Libre
13981;Sector6_Tribuna_Baja;3;13;Libre
13982;Sector6_Tribuna_Baja;3;14;Libre
13983;Sector6_Tribuna_Baja;3;15;Libre
13984;Sector6_Tribuna_Baja;3;16;Libre
13985;Sector6_Tribuna_Baja;3;17;Libre
13986;Sector6_Tribuna_Baja;3;18;Libre
13987;Sector6_Tribuna_Baja;3;19;Libre
13988;Sector6_Tribuna_Baja;3;20;Libre
13989;Sector6_Tribuna_Baja;2;1;Libre
13990;Sector6_Tribuna_Baja;2;2;Libre
13991;Sector6_Tribuna_Baja;2;3;Libre
13992;Sector6_Tribuna_Baja;2;4;Libre
13993;Sector6_Tribuna_Baja;2;5;Libre
13994;Sector6_Tribuna_Baja;2;6;Libre
13995;Sector6_Tribuna_Baja;2;7;Libre
13996;Sector6_Tribuna_Baja;2;8;Libre
13997;Sector6_Tribuna_Baja;2;9;Libre
13998;Sector6_Tribuna_Baja;2;10;Libre
13999;Sector6_Tribuna_Baja;2;11;Libre
14000;Sector6_Tribuna_Baja;2;12;Libre
14001;Sector6_Tribuna_Baja;2;13;Libre
14002;Sector6_Tribuna_Baja;2;14;Libre
14003;Sector6_Tribuna_Baja;2;15;Libre
14004;Sector6_Tribuna_Baja;2;16;Libre
14005;Sector6_Tribuna_Baja;2;17;Libre
14006;Sector6_Tribuna_Baja;2;18;Libre
14007;Sector6_Tribuna_Baja;2;19;Libre
14008;Sector6_Tribuna_Baja;2;20;Libre
14009;Sector6_Tribuna_Baja;1;1;Libre
14010;Sector6_Tribuna_Baja;1;2;Libre
14011;Sector6_Tribuna_Baja;1;3;Libre
14012;Sector6_Tribuna_Baja;1;4;Libre
14013;Sector6_Tribuna_Baja;1;5;Libre
14014;Sector6_Tribuna_Baja;1;6;Libre
14015;Sector6_Tribuna_Baja;1;7;Libre
14016;Sector6_Tribuna_Baja;1;8;Libre
14017;Sector6_Tribuna_Baja;1;9;Libre
14018;Sector6_Tribuna_Baja;1;10;Libre
14019;Sector6_Tribuna_Baja;1;11;Libre
14020;Sector6_Tribuna_Baja;1;12;Libre
14021;Sector6_Tribuna_Baja;1;13;Libre
14022;Sector6_Tribuna_Baja;1;14;Libre
14023;Sector6_Tribuna_Baja;1;15;Libre
14024;Sector6_Tribuna_Baja;1;16;Libre
14025;Sector6_Tribuna_Baja;1;17;Libre
14026;Sector6_Tribuna_Baja;1;18;Libre
14027;Sector6_Tribuna_Baja;1;19;Libre
14028;Sector6_Tribuna_Baja;1;20;Libre
14029;Sector7_Tribuna_Baja;8;1;Libre
14030;Sector7_Tribuna_Baja;8;2;Libre
14031;Sector7_Tribuna_Baja;8;3;Libre
14032;Sector7_Tribuna_Baja;8;4;Libre
14033;Sector7_Tribuna_Baja;8;5;Libre
14034;Sector7_Tribuna_Baja;8;6;Libre
14035;Sector7_Tribuna_Baja;8;7;Libre
14036;Sector7_Tribuna_Baja;8;8;Libre
14037;Sector7_Tribuna_Baja;8;9;Libre
14038;Sector7_Tribuna_Baja;8;10;Libre
14039;Sector7_Tribuna_Baja;8;11;Libre
14040;Sector7_Tribuna_Baja;8;12;Libre
14041;Sector7_Tribuna_Baja;8;13;Libre
14042;Sector7_Tribuna_Baja;8;14;Libre
14043;Sector7_Tribuna_Baja;8;15;Libre
14044;Sector7_Tribuna_Baja;8;16;Libre
14045;Sector7_Tribuna_Baja;8;17;Libre
14046;Sector7_Tribuna_Baja;8;18;Libre
14047;Sector7_Tribuna_Baja;8;19;Libre
14048;Sector7_Tribuna_Baja;8;20;Libre
14049;Sector7_Tribuna_Baja;7;1;Libre
14050;Sector7_Tribuna_Baja;7;2;Libre
14051;Sector7_Tribuna_Baja;7;3;Libre
14052;Sector7_Tribuna_Baja;7;4;Libre
14053;Sector7_Tribuna_Baja;7;5;Libre
14054;Sector7_Tribuna_Baja;7;6;Libre
14055;Sector7_Tribuna_Baja;7;7;Libre
14056;Sector7_Tribuna_Baja;7;8;Libre
14057;Sector7_Tribuna_Baja;7;9;Libre
14058;Sector7_Tribuna_Baja;7;10;Libre
14059;Sector7_Tribuna_Baja;7;11;Libre
14060;Sector7_Tribuna_Baja;7;12;Libre
14061;Sector7_Tribuna_Baja;7;13;Libre
14062;Sector7_Tribuna_Baja;7;14;Libre
14063;Sector7_Tribuna_Baja;7;15;Libre
14064;Sector7_Tribuna_Baja;7;16;Libre
14065;Sector7_Tribuna_Baja;7;17;Libre
14066;Sector7_Tribuna_Baja;7;18;Libre
14067;Sector7_Tribuna_Baja;7;19;Libre
14068;Sector7_Tribuna_Baja;7;20;Libre
14069;Sector7_Tribuna_Baja;6;1;Libre
14070;Sector7_Tribuna_Baja;6;2;Libre
14071;Sector7_Tribuna_Baja;6;3;Libre
14072;Sector7_Tribuna_Baja;6;4;Libre
14073;Sector7_Tribuna_Baja;6;5;Libre
14074;Sector7_Tribuna_Baja;6;6;Libre
14075;Sector7_Tribuna_Baja;6;7;Libre
14076;Sector7_Tribuna_Baja;6;8;Libre
14077;Sector7_Tribuna_Baja;6;9;Libre
14078;Sector7_Tribuna_Baja;6;10;Libre
14079;Sector7_Tribuna_Baja;6;11;Libre
14080;Sector7_Tribuna_Baja;6;12;Libre
14081;Sector7_Tribuna_Baja;6;13;Libre
14082;Sector7_Tribuna_Baja;6;14;Libre
14083;Sector7_Tribuna_Baja;6;15;Libre
14084;Sector7_Tribuna_Baja;6;16;Libre
14085;Sector7_Tribuna_Baja;6;17;Libre
14086;Sector7_Tribuna_Baja;6;18;Libre
14087;Sector7_Tribuna_Baja;6;19;Libre
14088;Sector7_Tribuna_Baja;6;20;Libre
14089;Sector7_Tribuna_Baja;5;1;Libre
14090;Sector7_Tribuna_Baja;5;2;Libre
14091;Sector7_Tribuna_Baja;5;3;Libre
14092;Sector7_Tribuna_Baja;5;4;Libre
14093;Sector7_Tribuna_Baja;5;5;Libre
14094;Sector7_Tribuna_Baja;5;6;Libre
14095;Sector7_Tribuna_Baja;5;7;Libre
14096;Sector7_Tribuna_Baja;5;8;Libre
14097;Sector7_Tribuna_Baja;5;9;Libre
14098;Sector7_Tribuna_Baja;5;10;Libre
14099;Sector7_Tribuna_Baja;5;11;Libre
14100;Sector7_Tribuna_Baja;5;12;Libre
14101;Sector7_Tribuna_Baja;5;13;Libre
14102;Sector7_Tribuna_Baja;5;14;Libre
14103;Sector7_Tribuna_Baja;5;15;Libre
14104;Sector7_Tribuna_Baja;5;16;Libre
14105;Sector7_Tribuna_Baja;5;17;Libre
14106;Sector7_Tribuna_Baja;5;18;Libre
14107;Sector7_Tribuna_Baja;5;19;Libre
14108;Sector7_Tribuna_Baja;5;20;Libre
14109;Sector7_Tribuna_Baja;4;1;Libre
14110;Sector7_Tribuna_Baja;4;2;Libre
14111;Sector7_Tribuna_Baja;4;3;Libre
14112;Sector7_Tribuna_Baja;4;4;Libre
14113;Sector7_Tribuna_Baja;4;5;Libre
14114;Sector7_Tribuna_Baja;4;6;Libre
14115;Sector7_Tribuna_Baja;4;7;Libre
14116;Sector7_Tribuna_Baja;4;8;Libre
14117;Sector7_Tribuna_Baja;4;9;Libre
14118;Sector7_Tribuna_Baja;4;10;Libre
14119;Sector7_Tribuna_Baja;4;11;Libre
14120;Sector7_Tribuna_Baja;4;12;Libre
14121;Sector7_Tribuna_Baja;4;13;Libre
14122;Sector7_Tribuna_Baja;4;14;Libre
14123;Sector7_Tribuna_Baja;4;15;Libre
14124;Sector7_Tribuna_Baja;4;16;Libre
14125;Sector7_Tribuna_Baja;4;17;Libre
14126;Sector7_Tribuna_Baja;4;18;Libre
14127;Sector7_Tribuna_Baja;4;19;Libre
14128;Sector7_Tribuna_Baja;4;20;Libre
14129;Sector7_Tribuna_Baja;3;1;Libre
14130;Sector7_Tribuna_Baja;3;2;Libre
14131;Sector7_Tribuna_Baja;3;3;Libre
14132;Sector7_Tribuna_Baja;3;4;Libre
14133;Sector7_Tribuna_Baja;3;5;Libre
14134;Sector7_Tribuna_Baja;3;6;Libre
14135;Sector7_Tribuna_Baja;3;7;Libre
14136;Sector7_Tribuna_Baja;3;8;Libre
14137;Sector7_Tribuna_Baja;3;9;Libre
14138;Sector7_Tribuna_Baja;3;10;Libre
14139;Sector7_Tribuna_Baja;3;11;Libre
14140;Sector7_Tribuna_Baja;3;12;Libre
14141;Sector7_Tribuna_Baja;3;13;Libre
14142;Sector7_Tribuna_Baja;3;14;Libre
14143;Sector7_Tribuna_Baja;3;15;Libre
14144;Sector7_Tribuna_Baja;3;16;Libre
14145;Sector7_Tribuna_Baja;3;17;Libre
14146;Sector7_Tribuna_Baja;3;18;Libre
14147;Sector7_Tribuna_Baja;3;19;Libre
14148;Sector7_Tribuna_Baja;3;20;Libre
14149;Sector7_Tribuna_Baja;2;1;Libre
14150;Sector7_Tribuna_Baja;2;2;Libre
14151;Sector7_Tribuna_Baja;2;3;Libre
14152;Sector7_Tribuna_Baja;2;4;Libre
14153;Sector7_Tribuna_Baja;2;5;Libre
14154;Sector7_Tribuna_Baja;2;6;Libre
14155;Sector7_Tribuna_Baja;2;7;Libre
14156;Sector7_Tribuna_Baja;2;8;Libre
14157;Sector7_Tribuna_Baja;2;9;Libre
14158;Sector7_Tribuna_Baja;2;10;Libre
14159;Sector7_Tribuna_Baja;2;11;Libre
14160;Sector7_Tribuna_Baja;2;12;Libre
14161;Sector7_Tribuna_Baja;2;13;Libre
14162;Sector7_Tribuna_Baja;2;14;Libre
14163;Sector7_Tribuna_Baja;2;15;Libre
14164;Sector7_Tribuna_Baja;2;16;Libre
14165;Sector7_Tribuna_Baja;2;17;Libre
14166;Sector7_Tribuna_Baja;2;18;Libre
14167;Sector7_Tribuna_Baja;2;19;Libre
14168;Sector7_Tribuna_Baja;2;20;Libre
14169;Sector7_Tribuna_Baja;1;1;Libre
14170;Sector7_Tribuna_Baja;1;2;Libre
14171;Sector7_Tribuna_Baja;1;3;Libre
14172;Sector7_Tribuna_Baja;1;4;Libre
14173;Sector7_Tribuna_Baja;1;5;Libre
14174;Sector7_Tribuna_Baja;1;6;Libre
14175;Sector7_Tribuna_Baja;1;7;Libre
14176;Sector7_Tribuna_Baja;1;8;Libre
14177;Sector7_Tribuna_Baja;1;9;Libre
14178;Sector7_Tribuna_Baja;1;10;Libre
14179;Sector7_Tribuna_Baja;1;11;Libre
14180;Sector7_Tribuna_Baja;1;12;Libre
14181;Sector7_Tribuna_Baja;1;13;Libre
14182;Sector7_Tribuna_Baja;1;14;Libre
14183;Sector7_Tribuna_Baja;1;15;Libre
14184;Sector7_Tribuna_Baja;1;16;Libre
14185;Sector7_Tribuna_Baja;1;17;Libre
14186;Sector7_Tribuna_Baja;1;18;Libre
14187;Sector7_Tribuna_Baja;1;19;Libre
14188;Sector7_Tribuna_Baja;1;20;Libre
14189;Sector8_Tribuna_Baja;8;1;Libre
14190;Sector8_Tribuna_Baja;8;2;Libre
14191;Sector8_Tribuna_Baja;8;3;Libre
14192;Sector8_Tribuna_Baja;8;4;Libre
14193;Sector8_Tribuna_Baja;8;5;Libre
14194;Sector8_Tribuna_Baja;8;6;Libre
14195;Sector8_Tribuna_Baja;8;7;Libre
14196;Sector8_Tribuna_Baja;8;8;Libre
14197;Sector8_Tribuna_Baja;8;9;Libre
14198;Sector8_Tribuna_Baja;8;10;Libre
14199;Sector8_Tribuna_Baja;8;11;Libre
14200;Sector8_Tribuna_Baja;8;12;Libre
14201;Sector8_Tribuna_Baja;8;13;Libre
14202;Sector8_Tribuna_Baja;8;14;Libre
14203;Sector8_Tribuna_Baja;8;15;Libre
14204;Sector8_Tribuna_Baja;8;16;Libre
14205;Sector8_Tribuna_Baja;8;17;Libre
14206;Sector8_Tribuna_Baja;8;18;Libre
14207;Sector8_Tribuna_Baja;8;19;Libre
14208;Sector8_Tribuna_Baja;8;20;Libre
14209;Sector8_Tribuna_Baja;7;1;Libre
14210;Sector8_Tribuna_Baja;7;2;Libre
14211;Sector8_Tribuna_Baja;7;3;Libre
14212;Sector8_Tribuna_Baja;7;4;Libre
14213;Sector8_Tribuna_Baja;7;5;Libre
14214;Sector8_Tribuna_Baja;7;6;Libre
14215;Sector8_Tribuna_Baja;7;7;Libre
14216;Sector8_Tribuna_Baja;7;8;Libre
14217;Sector8_Tribuna_Baja;7;9;Libre
14218;Sector8_Tribuna_Baja;7;10;Libre
14219;Sector8_Tribuna_Baja;7;11;Libre
14220;Sector8_Tribuna_Baja;7;12;Libre
14221;Sector8_Tribuna_Baja;7;13;Libre
14222;Sector8_Tribuna_Baja;7;14;Libre
14223;Sector8_Tribuna_Baja;7;15;Libre
14224;Sector8_Tribuna_Baja;7;16;Libre
14225;Sector8_Tribuna_Baja;7;17;Libre
14226;Sector8_Tribuna_Baja;7;18;Libre
14227;Sector8_Tribuna_Baja;7;19;Libre
14228;Sector8_Tribuna_Baja;7;20;Libre
14229;Sector8_Tribuna_Baja;6;1;Libre
14230;Sector8_Tribuna_Baja;6;2;Libre
14231;Sector8_Tribuna_Baja;6;3;Libre
14232;Sector8_Tribuna_Baja;6;4;Libre
14233;Sector8_Tribuna_Baja;6;5;Libre
14234;Sector8_Tribuna_Baja;6;6;Libre
14235;Sector8_Tribuna_Baja;6;7;Libre
14236;Sector8_Tribuna_Baja;6;8;Libre
14237;Sector8_Tribuna_Baja;6;9;Libre
14238;Sector8_Tribuna_Baja;6;10;Libre
14239;Sector8_Tribuna_Baja;6;11;Libre
14240;Sector8_Tribuna_Baja;6;12;Libre
14241;Sector8_Tribuna_Baja;6;13;Libre
14242;Sector8_Tribuna_Baja;6;14;Libre
14243;Sector8_Tribuna_Baja;6;15;Libre
14244;Sector8_Tribuna_Baja;6;16;Libre
14245;Sector8_Tribuna_Baja;6;17;Libre
14246;Sector8_Tribuna_Baja;6;18;Libre
14247;Sector8_Tribuna_Baja;6;19;Libre
14248;Sector8_Tribuna_Baja;6;20;Libre
14249;Sector8_Tribuna_Baja;5;1;Libre
14250;Sector8_Tribuna_Baja;5;2;Libre
14251;Sector8_Tribuna_Baja;5;3;Libre
14252;Sector8_Tribuna_Baja;5;4;Libre
14253;Sector8_Tribuna_Baja;5;5;Libre
14254;Sector8_Tribuna_Baja;5;6;Libre
14255;Sector8_Tribuna_Baja;5;7;Libre
14256;Sector8_Tribuna_Baja;5;8;Libre
14257;Sector8_Tribuna_Baja;5;9;Libre
14258;Sector8_Tribuna_Baja;5;10;Libre
14259;Sector8_Tribuna_Baja;5;11;Libre
14260;Sector8_Tribuna_Baja;5;12;Libre
14261;Sector8_Tribuna_Baja;5;13;Libre
14262;Sector8_Tribuna_Baja;5;14;Libre
14263;Sector8_Tribuna_Baja;5;15;Libre
14264;Sector8_Tribuna_Baja;5;16;Libre
14265;Sector8_Tribuna_Baja;5;17;Libre
14266;Sector8_Tribuna_Baja;5;18;Libre
14267;Sector8_Tribuna_Baja;5;19;Libre
14268;Sector8_Tribuna_Baja;5;20;Libre
14269;Sector8_Tribuna_Baja;4;1;Libre
14270;Sector8_Tribuna_Baja;4;2;Libre
14271;Sector8_Tribuna_Baja;4;3;Libre
14272;Sector8_Tribuna_Baja;4;4;Libre
14273;Sector8_Tribuna_Baja;4;5;Libre
14274;Sector8_Tribuna_Baja;4;6;Libre
14275;Sector8_Tribuna_Baja;4;7;Libre
14276;Sector8_Tribuna_Baja;4;8;Libre
14277;Sector8_Tribuna_Baja;4;9;Libre
14278;Sector8_Tribuna_Baja;4;10;Libre
14279;Sector8_Tribuna_Baja;4;11;Libre
14280;Sector8_Tribuna_Baja;4;12;Libre
14281;Sector8_Tribuna_Baja;4;13;Libre
14282;Sector8_Tribuna_Baja;4;14;Libre
14283;Sector8_Tribuna_Baja;4;15;Libre
14284;Sector8_Tribuna_Baja;4;16;Libre
14285;Sector8_Tribuna_Baja;4;17;Libre
14286;Sector8_Tribuna_Baja;4;18;Libre
14287;Sector8_Tribuna_Baja;4;19;Libre
14288;Sector8_Tribuna_Baja;4;20;Libre
14289;Sector8_Tribuna_Baja;3;1;Libre
14290;Sector8_Tribuna_Baja;3;2;Libre
14291;Sector8_Tribuna_Baja;3;3;Libre
14292;Sector8_Tribuna_Baja;3;4;Libre
14293;Sector8_Tribuna_Baja;3;5;Libre
14294;Sector8_Tribuna_Baja;3;6;Libre
14295;Sector8_Tribuna_Baja;3;7;Libre
14296;Sector8_Tribuna_Baja;3;8;Libre
14297;Sector8_Tribuna_Baja;3;9;Libre
14298;Sector8_Tribuna_Baja;3;10;Libre
14299;Sector8_Tribuna_Baja;3;11;Libre
14300;Sector8_Tribuna_Baja;3;12;Libre
14301;Sector8_Tribuna_Baja;3;13;Libre
14302;Sector8_Tribuna_Baja;3;14;Libre
14303;Sector8_Tribuna_Baja;3;15;Libre
14304;Sector8_Tribuna_Baja;3;16;Libre
14305;Sector8_Tribuna_Baja;3;17;Libre
14306;Sector8_Tribuna_Baja;3;18;Libre
14307;Sector8_Tribuna_Baja;3;19;Libre
14308;Sector8_Tribuna_Baja;3;20;Libre
14309;Sector8_Tribuna_Baja;2;1;Libre
14310;Sector8_Tribuna_Baja;2;2;Libre
14311;Sector8_Tribuna_Baja;2;3;Libre
14312;Sector8_Tribuna_Baja;2;4;Libre
14313;Sector8_Tribuna_Baja;2;5;Libre
14314;Sector8_Tribuna_Baja;2;6;Libre
14315;Sector8_Tribuna_Baja;2;7;Libre
14316;Sector8_Tribuna_Baja;2;8;Libre
14317;Sector8_Tribuna_Baja;2;9;Libre
14318;Sector8_Tribuna_Baja;2;10;Libre
14319;Sector8_Tribuna_Baja;2;11;Libre
14320;Sector8_Tribuna_Baja;2;12;Libre
14321;Sector8_Tribuna_Baja;2;13;Libre
14322;Sector8_Tribuna_Baja;2;14;Libre
14323;Sector8_Tribuna_Baja;2;15;Libre
14324;Sector8_Tribuna_Baja;2;16;Libre
14325;Sector8_Tribuna_Baja;2;17;Libre
14326;Sector8_Tribuna_Baja;2;18;Libre
14327;Sector8_Tribuna_Baja;2;19;Libre
14328;Sector8_Tribuna_Baja;2;20;Libre
14329;Sector8_Tribuna_Baja;1;1;Libre
14330;Sector8_Tribuna_Baja;1;2;Libre
14331;Sector8_Tribuna_Baja;1;3;Libre
14332;Sector8_Tribuna_Baja;1;4;Libre
14333;Sector8_Tribuna_Baja;1;5;Libre
14334;Sector8_Tribuna_Baja;1;6;Libre
14335;Sector8_Tribuna_Baja;1;7;Libre
14336;Sector8_Tribuna_Baja;1;8;Libre
14337;Sector8_Tribuna_Baja;1;9;Libre
14338;Sector8_Tribuna_Baja;1;10;Libre
14339;Sector8_Tribuna_Baja;1;11;Libre
14340;Sector8_Tribuna_Baja;1;12;Libre
14341;Sector8_Tribuna_Baja;1;13;Libre
14342;Sector8_Tribuna_Baja;1;14;Libre
14343;Sector8_Tribuna_Baja;1;15;Libre
14344;Sector8_Tribuna_Baja;1;16;Libre
14345;Sector8_Tribuna_Baja;1;17;Libre
14346;Sector8_Tribuna_Baja;1;18;Libre
14347;Sector8_Tribuna_Baja;1;19;Libre
14348;Sector8_Tribuna_Baja;1;20;Libre
14349;Sector9_Tribuna_Baja;8;1;Libre
14350;Sector9_Tribuna_Baja;8;2;Libre
14351;Sector9_Tribuna_Baja;8;3;Libre
14352;Sector9_Tribuna_Baja;8;4;Libre
14353;Sector9_Tribuna_Baja;8;5;Libre
14354;Sector9_Tribuna_Baja;8;6;Libre
14355;Sector9_Tribuna_Baja;8;7;Libre
14356;Sector9_Tribuna_Baja;8;8;Libre
14357;Sector9_Tribuna_Baja;8;9;Libre
14358;Sector9_Tribuna_Baja;8;10;Libre
14359;Sector9_Tribuna_Baja;8;11;Libre
14360;Sector9_Tribuna_Baja;8;12;Libre
14361;Sector9_Tribuna_Baja;8;13;Libre
14362;Sector9_Tribuna_Baja;8;14;Libre
14363;Sector9_Tribuna_Baja;8;15;Libre
14364;Sector9_Tribuna_Baja;8;16;Libre
14365;Sector9_Tribuna_Baja;8;17;Libre
14366;Sector9_Tribuna_Baja;8;18;Libre
14367;Sector9_Tribuna_Baja;8;19;Libre
14368;Sector9_Tribuna_Baja;8;20;Libre
14369;Sector9_Tribuna_Baja;7;1;Libre
14370;Sector9_Tribuna_Baja;7;2;Libre
14371;Sector9_Tribuna_Baja;7;3;Libre
14372;Sector9_Tribuna_Baja;7;4;Libre
14373;Sector9_Tribuna_Baja;7;5;Libre
14374;Sector9_Tribuna_Baja;7;6;Libre
14375;Sector9_Tribuna_Baja;7;7;Libre
14376;Sector9_Tribuna_Baja;7;8;Libre
14377;Sector9_Tribuna_Baja;7;9;Libre
14378;Sector9_Tribuna_Baja;7;10;Libre
14379;Sector9_Tribuna_Baja;7;11;Libre
14380;Sector9_Tribuna_Baja;7;12;Libre
14381;Sector9_Tribuna_Baja;7;13;Libre
14382;Sector9_Tribuna_Baja;7;14;Libre
14383;Sector9_Tribuna_Baja;7;15;Libre
14384;Sector9_Tribuna_Baja;7;16;Libre
14385;Sector9_Tribuna_Baja;7;17;Libre
14386;Sector9_Tribuna_Baja;7;18;Libre
14387;Sector9_Tribuna_Baja;7;19;Libre
14388;Sector9_Tribuna_Baja;7;20;Libre
14389;Sector9_Tribuna_Baja;6;1;Libre
14390;Sector9_Tribuna_Baja;6;2;Libre
14391;Sector9_Tribuna_Baja;6;3;Libre
14392;Sector9_Tribuna_Baja;6;4;Libre
14393;Sector9_Tribuna_Baja;6;5;Libre
14394;Sector9_Tribuna_Baja;6;6;Libre
14395;Sector9_Tribuna_Baja;6;7;Libre
14396;Sector9_Tribuna_Baja;6;8;Libre
14397;Sector9_Tribuna_Baja;6;9;Libre
14398;Sector9_Tribuna_Baja;6;10;Libre
14399;Sector9_Tribuna_Baja;6;11;Libre
14400;Sector9_Tribuna_Baja;6;12;Libre
14401;Sector9_Tribuna_Baja;6;13;Libre
14402;Sector9_Tribuna_Baja;6;14;Libre
14403;Sector9_Tribuna_Baja;6;15;Libre
14404;Sector9_Tribuna_Baja;6;16;Libre
14405;Sector9_Tribuna_Baja;6;17;Libre
14406;Sector9_Tribuna_Baja;6;18;Libre
14407;Sector9_Tribuna_Baja;6;19;Libre
14408;Sector9_Tribuna_Baja;6;20;Libre
14409;Sector9_Tribuna_Baja;5;1;Libre
14410;Sector9_Tribuna_Baja;5;2;Libre
14411;Sector9_Tribuna_Baja;5;3;Libre
14412;Sector9_Tribuna_Baja;5;4;Libre
14413;Sector9_Tribuna_Baja;5;5;Libre
14414;Sector9_Tribuna_Baja;5;6;Libre
14415;Sector9_Tribuna_Baja;5;7;Libre
14416;Sector9_Tribuna_Baja;5;8;Libre
14417;Sector9_Tribuna_Baja;5;9;Libre
14418;Sector9_Tribuna_Baja;5;10;Libre
14419;Sector9_Tribuna_Baja;5;11;Libre
14420;Sector9_Tribuna_Baja;5;12;Libre
14421;Sector9_Tribuna_Baja;5;13;Libre
14422;Sector9_Tribuna_Baja;5;14;Libre
14423;Sector9_Tribuna_Baja;5;15;Libre
14424;Sector9_Tribuna_Baja;5;16;Libre
14425;Sector9_Tribuna_Baja;5;17;Libre
14426;Sector9_Tribuna_Baja;5;18;Libre
14427;Sector9_Tribuna_Baja;5;19;Libre
14428;Sector9_Tribuna_Baja;5;20;Libre
14429;Sector9_Tribuna_Baja;4;1;Libre
14430;Sector9_Tribuna_Baja;4;2;Libre
14431;Sector9_Tribuna_Baja;4;3;Libre
14432;Sector9_Tribuna_Baja;4;4;Libre
14433;Sector9_Tribuna_Baja;4;5;Libre
14434;Sector9_Tribuna_Baja;4;6;Libre
14435;Sector9_Tribuna_Baja;4;7;Libre
14436;Sector9_Tribuna_Baja;4;8;Libre
14437;Sector9_Tribuna_Baja;4;9;Libre
14438;Sector9_Tribuna_Baja;4;10;Libre
14439;Sector9_Tribuna_Baja;4;11;Libre
14440;Sector9_Tribuna_Baja;4;12;Libre
14441;Sector9_Tribuna_Baja;4;13;Libre
14442;Sector9_Tribuna_Baja;4;14;Libre
14443;Sector9_Tribuna_Baja;4;15;Libre
14444;Sector9_Tribuna_Baja;4;16;Libre
14445;Sector9_Tribuna_Baja;4;17;Libre
14446;Sector9_Tribuna_Baja;4;18;Libre
14447;Sector9_Tribuna_Baja;4;19;Libre
14448;Sector9_Tribuna_Baja;4;20;Libre
14449;Sector9_Tribuna_Baja;3;1;Libre
14450;Sector9_Tribuna_Baja;3;2;Libre
14451;Sector9_Tribuna_Baja;3;3;Libre
14452;Sector9_Tribuna_Baja;3;4;Libre
14453;Sector9_Tribuna_Baja;3;5;Libre
14454;Sector9_Tribuna_Baja;3;6;Libre
14455;Sector9_Tribuna_Baja;3;7;Libre
14456;Sector9_Tribuna_Baja;3;8;Libre
14457;Sector9_Tribuna_Baja;3;9;Libre
14458;Sector9_Tribuna_Baja;3;10;Libre
14459;Sector9_Tribuna_Baja;3;11;Libre
14460;Sector9_Tribuna_Baja;3;12;Libre
14461;Sector9_Tribuna_Baja;3;13;Libre
14462;Sector9_Tribuna_Baja;3;14;Libre
14463;Sector9_Tribuna_Baja;3;15;Libre
14464;Sector9_Tribuna_Baja;3;16;Libre
14465;Sector9_Tribuna_Baja;3;17;Libre
14466;Sector9_Tribuna_Baja;3;18;Libre
14467;Sector9_Tribuna_Baja;3;19;Libre
14468;Sector9_Tribuna_Baja;3;20;Libre
14469;Sector9_Tribuna_Baja;2;1;Libre
14470;Sector9_Tribuna_Baja;2;2;Libre
14471;Sector9_Tribuna_Baja;2;3;Libre
14472;Sector9_Tribuna_Baja;2;4;Libre
14473;Sector9_Tribuna_Baja;2;5;Libre
14474;Sector9_Tribuna_Baja;2;6;Libre
14475;Sector9_Tribuna_Baja;2;7;Libre
14476;Sector9_Tribuna_Baja;2;8;Libre
14477;Sector9_Tribuna_Baja;2;9;Libre
14478;Sector9_Tribuna_Baja;2;10;Libre
14479;Sector9_Tribuna_Baja;2;11;Libre
14480;Sector9_Tribuna_Baja;2;12;Libre
14481;Sector9_Tribuna_Baja;2;13;Libre
14482;Sector9_Tribuna_Baja;2;14;Libre
14483;Sector9_Tribuna_Baja;2;15;Libre
14484;Sector9_Tribuna_Baja;2;16;Libre
14485;Sector9_Tribuna_Baja;2;17;Libre
14486;Sector9_Tribuna_Baja;2;18;Libre
14487;Sector9_Tribuna_Baja;2;19;Libre
14488;Sector9_Tribuna_Baja;2;20;Libre
14489;Sector9_Tribuna_Baja;1;1;Libre
14490;Sector9_Tribuna_Baja;1;2;Libre
14491;Sector9_Tribuna_Baja;1;3;Libre
14492;Sector9_Tribuna_Baja;1;4;Libre
14493;Sector9_Tribuna_Baja;1;5;Libre
14494;Sector9_Tribuna_Baja;1;6;Libre
14495;Sector9_Tribuna_Baja;1;7;Libre
14496;Sector9_Tribuna_Baja;1;8;Libre
14497;Sector9_Tribuna_Baja;1;9;Libre
14498;Sector9_Tribuna_Baja;1;10;Libre
14499;Sector9_Tribuna_Baja;1;11;Libre
14500;Sector9_Tribuna_Baja;1;12;Libre
14501;Sector9_Tribuna_Baja;1;13;Libre
14502;Sector9_Tribuna_Baja;1;14;Libre
14503;Sector9_Tribuna_Baja;1;15;Libre
14504;Sector9_Tribuna_Baja;1;16;Libre
14505;Sector9_Tribuna_Baja;1;17;Libre
14506;Sector9_Tribuna_Baja;1;18;Libre
14507;Sector9_Tribuna_Baja;1;19;Libre
14508;Sector9_Tribuna_Baja;1;20;Libre
14509;Sector10_Tribuna_Baja;8;1;Libre
14510;Sector10_Tribuna_Baja;8;2;Libre
14511;Sector10_Tribuna_Baja;8;3;Libre
14512;Sector10_Tribuna_Baja;8;4;Libre
14513;Sector10_Tribuna_Baja;8;5;Libre
14514;Sector10_Tribuna_Baja;8;6;Libre
14515;Sector10_Tribuna_Baja;8;7;Libre
14516;Sector10_Tribuna_Baja;8;8;Libre
14517;Sector10_Tribuna_Baja;8;9;Libre
14518;Sector10_Tribuna_Baja;8;10;Libre
14519;Sector10_Tribuna_Baja;8;11;Libre
14520;Sector10_Tribuna_Baja;8;12;Libre
14521;Sector10_Tribuna_Baja;8;13;Libre
14522;Sector10_Tribuna_Baja;8;14;Libre
14523;Sector10_Tribuna_Baja;8;15;Libre
14524;Sector10_Tribuna_Baja;8;16;Libre
14525;Sector10_Tribuna_Baja;8;17;Libre
14526;Sector10_Tribuna_Baja;8;18;Libre
14527;Sector10_Tribuna_Baja;8;19;Libre
14528;Sector10_Tribuna_Baja;8;20;Libre
14529;Sector10_Tribuna_Baja;7;1;Libre
14530;Sector10_Tribuna_Baja;7;2;Libre
14531;Sector10_Tribuna_Baja;7;3;Libre
14532;Sector10_Tribuna_Baja;7;4;Libre
14533;Sector10_Tribuna_Baja;7;5;Libre
14534;Sector10_Tribuna_Baja;7;6;Libre
14535;Sector10_Tribuna_Baja;7;7;Libre
14536;Sector10_Tribuna_Baja;7;8;Libre
14537;Sector10_Tribuna_Baja;7;9;Libre
14538;Sector10_Tribuna_Baja;7;10;Libre
14539;Sector10_Tribuna_Baja;7;11;Libre
14540;Sector10_Tribuna_Baja;7;12;Libre
14541;Sector10_Tribuna_Baja;7;13;Libre
14542;Sector10_Tribuna_Baja;7;14;Libre
14543;Sector10_Tribuna_Baja;7;15;Libre
14544;Sector10_Tribuna_Baja;7;16;Libre
14545;Sector10_Tribuna_Baja;7;17;Libre
14546;Sector10_Tribuna_Baja;7;18;Libre
14547;Sector10_Tribuna_Baja;7;19;Libre
14548;Sector10_Tribuna_Baja;7;20;Libre
14549;Sector10_Tribuna_Baja;6;1;Libre
14550;Sector10_Tribuna_Baja;6;2;Libre
14551;Sector10_Tribuna_Baja;6;3;Libre
14552;Sector10_Tribuna_Baja;6;4;Libre
14553;Sector10_Tribuna_Baja;6;5;Libre
14554;Sector10_Tribuna_Baja;6;6;Libre
14555;Sector10_Tribuna_Baja;6;7;Libre
14556;Sector10_Tribuna_Baja;6;8;Libre
14557;Sector10_Tribuna_Baja;6;9;Libre
14558;Sector10_Tribuna_Baja;6;10;Libre
14559;Sector10_Tribuna_Baja;6;11;Libre
14560;Sector10_Tribuna_Baja;6;12;Libre
14561;Sector10_Tribuna_Baja;6;13;Libre
14562;Sector10_Tribuna_Baja;6;14;Libre
14563;Sector10_Tribuna_Baja;6;15;Libre
14564;Sector10_Tribuna_Baja;6;16;Libre
14565;Sector10_Tribuna_Baja;6;17;Libre
14566;Sector10_Tribuna_Baja;6;18;Libre
14567;Sector10_Tribuna_Baja;6;19;Libre
14568;Sector10_Tribuna_Baja;6;20;Libre
14569;Sector10_Tribuna_Baja;5;1;Libre
14570;Sector10_Tribuna_Baja;5;2;Libre
14571;Sector10_Tribuna_Baja;5;3;Libre
14572;Sector10_Tribuna_Baja;5;4;Libre
14573;Sector10_Tribuna_Baja;5;5;Libre
14574;Sector10_Tribuna_Baja;5;6;Libre
14575;Sector10_Tribuna_Baja;5;7;Libre
14576;Sector10_Tribuna_Baja;5;8;Libre
14577;Sector10_Tribuna_Baja;5;9;Libre
14578;Sector10_Tribuna_Baja;5;10;Libre
14579;Sector10_Tribuna_Baja;5;11;Libre
14580;Sector10_Tribuna_Baja;5;12;Libre
14581;Sector10_Tribuna_Baja;5;13;Libre
14582;Sector10_Tribuna_Baja;5;14;Libre
14583;Sector10_Tribuna_Baja;5;15;Libre
14584;Sector10_Tribuna_Baja;5;16;Libre
14585;Sector10_Tribuna_Baja;5;17;Libre
14586;Sector10_Tribuna_Baja;5;18;Libre
14587;Sector10_Tribuna_Baja;5;19;Libre
14588;Sector10_Tribuna_Baja;5;20;Libre
14589;Sector10_Tribuna_Baja;4;1;Libre
14590;Sector10_Tribuna_Baja;4;2;Libre
14591;Sector10_Tribuna_Baja;4;3;Libre
14592;Sector10_Tribuna_Baja;4;4;Libre
14593;Sector10_Tribuna_Baja;4;5;Libre
14594;Sector10_Tribuna_Baja;4;6;Libre
14595;Sector10_Tribuna_Baja;4;7;Libre
14596;Sector10_Tribuna_Baja;4;8;Libre
14597;Sector10_Tribuna_Baja;4;9;Libre
14598;Sector10_Tribuna_Baja;4;10;Libre
14599;Sector10_Tribuna_Baja;4;11;Libre
14600;Sector10_Tribuna_Baja;4;12;Libre
14601;Sector10_Tribuna_Baja;4;13;Libre
14602;Sector10_Tribuna_Baja;4;14;Libre
14603;Sector10_Tribuna_Baja;4;15;Libre
14604;Sector10_Tribuna_Baja;4;16;Libre
14605;Sector10_Tribuna_Baja;4;17;Libre
14606;Sector10_Tribuna_Baja;4;18;Libre
14607;Sector10_Tribuna_Baja;4;19;Libre
14608;Sector10_Tribuna_Baja;4;20;Libre
14609;Sector10_Tribuna_Baja;3;1;Libre
14610;Sector10_Tribuna_Baja;3;2;Libre
14611;Sector10_Tribuna_Baja;3;3;Libre
14612;Sector10_Tribuna_Baja;3;4;Libre
14613;Sector10_Tribuna_Baja;3;5;Libre
14614;Sector10_Tribuna_Baja;3;6;Libre
14615;Sector10_Tribuna_Baja;3;7;Libre
14616;Sector10_Tribuna_Baja;3;8;Libre
14617;Sector10_Tribuna_Baja;3;9;Libre
14618;Sector10_Tribuna_Baja;3;10;Libre
14619;Sector10_Tribuna_Baja;3;11;Libre
14620;Sector10_Tribuna_Baja;3;12;Libre
14621;Sector10_Tribuna_Baja;3;13;Libre
14622;Sector10_Tribuna_Baja;3;14;Libre
14623;Sector10_Tribuna_Baja;3;15;Libre
14624;Sector10_Tribuna_Baja;3;16;Libre
14625;Sector10_Tribuna_Baja;3;17;Libre
14626;Sector10_Tribuna_Baja;3;18;Libre
14627;Sector10_Tribuna_Baja;3;19;Libre
14628;Sector10_Tribuna_Baja;3;20;Libre
14629;Sector10_Tribuna_Baja;2;1;Libre
14630;Sector10_Tribuna_Baja;2;2;Libre
14631;Sector10_Tribuna_Baja;2;3;Libre
14632;Sector10_Tribuna_Baja;2;4;Libre
14633;Sector10_Tribuna_Baja;2;5;Libre
14634;Sector10_Tribuna_Baja;2;6;Libre
14635;Sector10_Tribuna_Baja;2;7;Libre
14636;Sector10_Tribuna_Baja;2;8;Libre
14637;Sector10_Tribuna_Baja;2;9;Libre
14638;Sector10_Tribuna_Baja;2;10;Libre
14639;Sector10_Tribuna_Baja;2;11;Libre
14640;Sector10_Tribuna_Baja;2;12;Libre
14641;Sector10_Tribuna_Baja;2;13;Libre
14642;Sector10_Tribuna_Baja;2;14;Libre
14643;Sector10_Tribuna_Baja;2;15;Libre
14644;Sector10_Tribuna_Baja;2;16;Libre
14645;Sector10_Tribuna_Baja;2;17;Libre
14646;Sector10_Tribuna_Baja;2;18;Libre
14647;Sector10_Tribuna_Baja;2;19;Libre
14648;Sector10_Tribuna_Baja;2;20;Libre
14649;Sector10_Tribuna_Baja;1;1;Libre
14650;Sector10_Tribuna_Baja;1;2;Libre
14651;Sector10_Tribuna_Baja;1;3;Libre
14652;Sector10_Tribuna_Baja;1;4;Libre
14653;Sector10_Tribuna_Baja;1;5;Libre
14654;Sector10_Tribuna_Baja;1;6;Libre
14655;Sector10_Tribuna_Baja;1;7;Libre
14656;Sector10_Tribuna_Baja;1;8;Libre
14657;Sector10_Tribuna_Baja;1;9;Libre
14658;Sector10_Tribuna_Baja;1;10;Libre
14659;Sector10_Tribuna_Baja;1;11;Libre
14660;Sector10_Tribuna_Baja;1;12;Libre
14661;Sector10_Tribuna_Baja;1;13;Libre
14662;Sector10_Tribuna_Baja;1;14;Libre
14663;Sector10_Tribuna_Baja;1;15;Libre
14664;Sector10_Tribuna_Baja;1;16;Libre
14665;Sector10_Tribuna_Baja;1;17;Libre
14666;Sector10_Tribuna_Baja;1;18;Libre
14667;Sector10_Tribuna_Baja;1;19;Libre
14668;Sector10_Tribuna_Baja;1;20;Libre
14669;Sector11_Tribuna_Baja;8;1;Libre
14670;Sector11_Tribuna_Baja;8;2;Libre
14671;Sector11_Tribuna_Baja;8;3;Libre
14672;Sector11_Tribuna_Baja;8;4;Libre
14673;Sector11_Tribuna_Baja;8;5;Libre
14674;Sector11_Tribuna_Baja;8;6;Libre
14675;Sector11_Tribuna_Baja;8;7;Libre
14676;Sector11_Tribuna_Baja;8;8;Libre
14677;Sector11_Tribuna_Baja;8;9;Libre
14678;Sector11_Tribuna_Baja;8;10;Libre
14679;Sector11_Tribuna_Baja;8;11;Libre
14680;Sector11_Tribuna_Baja;8;12;Libre
14681;Sector11_Tribuna_Baja;8;13;Libre
14682;Sector11_Tribuna_Baja;8;14;Libre
14683;Sector11_Tribuna_Baja;8;15;Libre
14684;Sector11_Tribuna_Baja;8;16;Libre
14685;Sector11_Tribuna_Baja;8;17;Libre
14686;Sector11_Tribuna_Baja;8;18;Libre
14687;Sector11_Tribuna_Baja;8;19;Libre
14688;Sector11_Tribuna_Baja;8;20;Libre
14689;Sector11_Tribuna_Baja;7;1;Libre
14690;Sector11_Tribuna_Baja;7;2;Libre
14691;Sector11_Tribuna_Baja;7;3;Libre
14692;Sector11_Tribuna_Baja;7;4;Libre
14693;Sector11_Tribuna_Baja;7;5;Libre
14694;Sector11_Tribuna_Baja;7;6;Libre
14695;Sector11_Tribuna_Baja;7;7;Libre
14696;Sector11_Tribuna_Baja;7;8;Libre
14697;Sector11_Tribuna_Baja;7;9;Libre
14698;Sector11_Tribuna_Baja;7;10;Libre
14699;Sector11_Tribuna_Baja;7;11;Libre
14700;Sector11_Tribuna_Baja;7;12;Libre
14701;Sector11_Tribuna_Baja;7;13;Libre
14702;Sector11_Tribuna_Baja;7;14;Libre
14703;Sector11_Tribuna_Baja;7;15;Libre
14704;Sector11_Tribuna_Baja;7;16;Libre
14705;Sector11_Tribuna_Baja;7;17;Libre
14706;Sector11_Tribuna_Baja;7;18;Libre
14707;Sector11_Tribuna_Baja;7;19;Libre
14708;Sector11_Tribuna_Baja;7;20;Libre
14709;Sector11_Tribuna_Baja;6;1;Libre
14710;Sector11_Tribuna_Baja;6;2;Libre
14711;Sector11_Tribuna_Baja;6;3;Libre
14712;Sector11_Tribuna_Baja;6;4;Libre
14713;Sector11_Tribuna_Baja;6;5;Libre
14714;Sector11_Tribuna_Baja;6;6;Libre
14715;Sector11_Tribuna_Baja;6;7;Libre
14716;Sector11_Tribuna_Baja;6;8;Libre
14717;Sector11_Tribuna_Baja;6;9;Libre
14718;Sector11_Tribuna_Baja;6;10;Libre
14719;Sector11_Tribuna_Baja;6;11;Libre
14720;Sector11_Tribuna_Baja;6;12;Libre
14721;Sector11_Tribuna_Baja;6;13;Libre
14722;Sector11_Tribuna_Baja;6;14;Libre
14723;Sector11_Tribuna_Baja;6;15;Libre
14724;Sector11_Tribuna_Baja;6;16;Libre
14725;Sector11_Tribuna_Baja;6;17;Libre
14726;Sector11_Tribuna_Baja;6;18;Libre
14727;Sector11_Tribuna_Baja;6;19;Libre
14728;Sector11_Tribuna_Baja;6;20;Libre
14729;Sector11_Tribuna_Baja;5;1;Libre
14730;Sector11_Tribuna_Baja;5;2;Libre
14731;Sector11_Tribuna_Baja;5;3;Libre
14732;Sector11_Tribuna_Baja;5;4;Libre
14733;Sector11_Tribuna_Baja;5;5;Libre
14734;Sector11_Tribuna_Baja;5;6;Libre
14735;Sector11_Tribuna_Baja;5;7;Libre
14736;Sector11_Tribuna_Baja;5;8;Libre
14737;Sector11_Tribuna_Baja;5;9;Libre
14738;Sector11_Tribuna_Baja;5;10;Libre
14739;Sector11_Tribuna_Baja;5;11;Libre
14740;Sector11_Tribuna_Baja;5;12;Libre
14741;Sector11_Tribuna_Baja;5;13;Libre
14742;Sector11_Tribuna_Baja;5;14;Libre
14743;Sector11_Tribuna_Baja;5;15;Libre
14744;Sector11_Tribuna_Baja;5;16;Libre
14745;Sector11_Tribuna_Baja;5;17;Libre
14746;Sector11_Tribuna_Baja;5;18;Libre
14747;Sector11_Tribuna_Baja;5;19;Libre
14748;Sector11_Tribuna_Baja;5;20;Libre
14749;Sector11_Tribuna_Baja;4;1;Libre
14750;Sector11_Tribuna_Baja;4;2;Libre
14751;Sector11_Tribuna_Baja;4;3;Libre
14752;Sector11_Tribuna_Baja;4;4;Libre
14753;Sector11_Tribuna_Baja;4;5;Libre
14754;Sector11_Tribuna_Baja;4;6;Libre
14755;Sector11_Tribuna_Baja;4;7;Libre
14756;Sector11_Tribuna_Baja;4;8;Libre
14757;Sector11_Tribuna_Baja;4;9;Libre
14758;Sector11_Tribuna_Baja;4;10;Libre
14759;Sector11_Tribuna_Baja;4;11;Libre
14760;Sector11_Tribuna_Baja;4;12;Libre
14761;Sector11_Tribuna_Baja;4;13;Libre
14762;Sector11_Tribuna_Baja;4;14;Libre
14763;Sector11_Tribuna_Baja;4;15;Libre
14764;Sector11_Tribuna_Baja;4;16;Libre
14765;Sector11_Tribuna_Baja;4;17;Libre
14766;Sector11_Tribuna_Baja;4;18;Libre
14767;Sector11_Tribuna_Baja;4;19;Libre
14768;Sector11_Tribuna_Baja;4;20;Libre
14769;Sector11_Tribuna_Baja;3;1;Libre
14770;Sector11_Tribuna_Baja;3;2;Libre
14771;Sector11_Tribuna_Baja;3;3;Libre
14772;Sector11_Tribuna_Baja;3;4;Libre
14773;Sector11_Tribuna_Baja;3;5;Libre
14774;Sector11_Tribuna_Baja;3;6;Libre
14775;Sector11_Tribuna_Baja;3;7;Libre
14776;Sector11_Tribuna_Baja;3;8;Libre
14777;Sector11_Tribuna_Baja;3;9;Libre
14778;Sector11_Tribuna_Baja;3;10;Libre
14779;Sector11_Tribuna_Baja;3;11;Libre
14780;Sector11_Tribuna_Baja;3;12;Libre
14781;Sector11_Tribuna_Baja;3;13;Libre
14782;Sector11_Tribuna_Baja;3;14;Libre
14783;Sector11_Tribuna_Baja;3;15;Libre
14784;Sector11_Tribuna_Baja;3;16;Libre
14785;Sector11_Tribuna_Baja;3;17;Libre
14786;Sector11_Tribuna_Baja;3;18;Libre
14787;Sector11_Tribuna_Baja;3;19;Libre
14788;Sector11_Tribuna_Baja;3;20;Libre
14789;Sector11_Tribuna_Baja;2;1;Libre
14790;Sector11_Tribuna_Baja;2;2;Libre
14791;Sector11_Tribuna_Baja;2;3;Libre
14792;Sector11_Tribuna_Baja;2;4;Libre
14793;Sector11_Tribuna_Baja;2;5;Libre
14794;Sector11_Tribuna_Baja;2;6;Libre
14795;Sector11_Tribuna_Baja;2;7;Libre
14796;Sector11_Tribuna_Baja;2;8;Libre
14797;Sector11_Tribuna_Baja;2;9;Libre
14798;Sector11_Tribuna_Baja;2;10;Libre
14799;Sector11_Tribuna_Baja;2;11;Libre
14800;Sector11_Tribuna_Baja;2;12;Libre
14801;Sector11_Tribuna_Baja;2;13;Libre
14802;Sector11_Tribuna_Baja;2;14;Libre
14803;Sector11_Tribuna_Baja;2;15;Libre
14804;Sector11_Tribuna_Baja;2;16;Libre
14805;Sector11_Tribuna_Baja;2;17;Libre
14806;Sector11_Tribuna_Baja;2;18;Libre
14807;Sector11_Tribuna_Baja;2;19;Libre
14808;Sector11_Tribuna_Baja;2;20;Libre
14809;Sector11_Tribuna_Baja;1;1;Libre
14810;Sector11_Tribuna_Baja;1;2;Libre
14811;Sector11_Tribuna_Baja;1;3;Libre
14812;Sector11_Tribuna_Baja;1;4;Libre
14813;Sector11_Tribuna_Baja;1;5;Libre
14814;Sector11_Tribuna_Baja;1;6;Libre
14815;Sector11_Tribuna_Baja;1;7;Libre
14816;Sector11_Tribuna_Baja;1;8;Libre
14817;Sector11_Tribuna_Baja;1;9;Libre
14818;Sector11_Tribuna_Baja;1;10;Libre
14819;Sector11_Tribuna_Baja;1;11;Libre
14820;Sector11_Tribuna_Baja;1;12;Libre
14821;Sector11_Tribuna_Baja;1;13;Libre
14822;Sector11_Tribuna_Baja;1;14;Libre
14823;Sector11_Tribuna_Baja;1;15;Libre
14824;Sector11_Tribuna_Baja;1;16;Libre
14825;Sector11_Tribuna_Baja;1;17;Libre
14826;Sector11_Tribuna_Baja;1;18;Libre
14827;Sector11_Tribuna_Baja;1;19;Libre
14828;Sector11_Tribuna_Baja;1;20;Libre
14829;Sector12_Tribuna_Baja;8;1;Libre
14830;Sector12_Tribuna_Baja;8;2;Libre
14831;Sector12_Tribuna_Baja;8;3;Libre
14832;Sector12_Tribuna_Baja;8;4;Libre
14833;Sector12_Tribuna_Baja;8;5;Libre
14834;Sector12_Tribuna_Baja;8;6;Libre
14835;Sector12_Tribuna_Baja;8;7;Libre
14836;Sector12_Tribuna_Baja;8;8;Libre
14837;Sector12_Tribuna_Baja;8;9;Libre
14838;Sector12_Tribuna_Baja;8;10;Libre
14839;Sector12_Tribuna_Baja;8;11;Libre
14840;Sector12_Tribuna_Baja;8;12;Libre
14841;Sector12_Tribuna_Baja;8;13;Libre
14842;Sector12_Tribuna_Baja;8;14;Libre
14843;Sector12_Tribuna_Baja;8;15;Libre
14844;Sector12_Tribuna_Baja;8;16;Libre
14845;Sector12_Tribuna_Baja;8;17;Libre
14846;Sector12_Tribuna_Baja;8;18;Libre
14847;Sector12_Tribuna_Baja;8;19;Libre
14848;Sector12_Tribuna_Baja;8;20;Libre
14849;Sector12_Tribuna_Baja;7;1;Libre
14850;Sector12_Tribuna_Baja;7;2;Libre
14851;Sector12_Tribuna_Baja;7;3;Libre
14852;Sector12_Tribuna_Baja;7;4;Libre
14853;Sector12_Tribuna_Baja;7;5;Libre
14854;Sector12_Tribuna_Baja;7;6;Libre
14855;Sector12_Tribuna_Baja;7;7;Libre
14856;Sector12_Tribuna_Baja;7;8;Libre
14857;Sector12_Tribuna_Baja;7;9;Libre
14858;Sector12_Tribuna_Baja;7;10;Libre
14859;Sector12_Tribuna_Baja;7;11;Libre
14860;Sector12_Tribuna_Baja;7;12;Libre
14861;Sector12_Tribuna_Baja;7;13;Libre
14862;Sector12_Tribuna_Baja;7;14;Libre
14863;Sector12_Tribuna_Baja;7;15;Libre
14864;Sector12_Tribuna_Baja;7;16;Libre
14865;Sector12_Tribuna_Baja;7;17;Libre
14866;Sector12_Tribuna_Baja;7;18;Libre
14867;Sector12_Tribuna_Baja;7;19;Libre
14868;Sector12_Tribuna_Baja;7;20;Libre
14869;Sector12_Tribuna_Baja;6;1;Libre
14870;Sector12_Tribuna_Baja;6;2;Libre
14871;Sector12_Tribuna_Baja;6;3;Libre
14872;Sector12_Tribuna_Baja;6;4;Libre
14873;Sector12_Tribuna_Baja;6;5;Libre
14874;Sector12_Tribuna_Baja;6;6;Libre
14875;Sector12_Tribuna_Baja;6;7;Libre
14876;Sector12_Tribuna_Baja;6;8;Libre
14877;Sector12_Tribuna_Baja;6;9;Libre
14878;Sector12_Tribuna_Baja;6;10;Libre
14879;Sector12_Tribuna_Baja;6;11;Libre
14880;Sector12_Tribuna_Baja;6;12;Libre
14881;Sector12_Tribuna_Baja;6;13;Libre
14882;Sector12_Tribuna_Baja;6;14;Libre
14883;Sector12_Tribuna_Baja;6;15;Libre
14884;Sector12_Tribuna_Baja;6;16;Libre
14885;Sector12_Tribuna_Baja;6;17;Libre
14886;Sector12_Tribuna_Baja;6;18;Libre
14887;Sector12_Tribuna_Baja;6;19;Libre
14888;Sector12_Tribuna_Baja;6;20;Libre
14889;Sector12_Tribuna_Baja;5;1;Libre
14890;Sector12_Tribuna_Baja;5;2;Libre
14891;Sector12_Tribuna_Baja;5;3;Libre
14892;Sector12_Tribuna_Baja;5;4;Libre
14893;Sector12_Tribuna_Baja;5;5;Libre
14894;Sector12_Tribuna_Baja;5;6;Libre
14895;Sector12_Tribuna_Baja;5;7;Libre
14896;Sector12_Tribuna_Baja;5;8;Libre
14897;Sector12_Tribuna_Baja;5;9;Libre
14898;Sector12_Tribuna_Baja;5;10;Libre
14899;Sector12_Tribuna_Baja;5;11;Libre
14900;Sector12_Tribuna_Baja;5;12;Libre
14901;Sector12_Tribuna_Baja;5;13;Libre
14902;Sector12_Tribuna_Baja;5;14;Libre
14903;Sector12_Tribuna_Baja;5;15;Libre
14904;Sector12_Tribuna_Baja;5;16;Libre
14905;Sector12_Tribuna_Baja;5;17;Libre
14906;Sector12_Tribuna_Baja;5;18;Libre
14907;Sector12_Tribuna_Baja;5;19;Libre
14908;Sector12_Tribuna_Baja;5;20;Libre
14909;Sector12_Tribuna_Baja;4;1;Libre
14910;Sector12_Tribuna_Baja;4;2;Libre
14911;Sector12_Tribuna_Baja;4;3;Libre
14912;Sector12_Tribuna_Baja;4;4;Libre
14913;Sector12_Tribuna_Baja;4;5;Libre
14914;Sector12_Tribuna_Baja;4;6;Libre
14915;Sector12_Tribuna_Baja;4;7;Libre
14916;Sector12_Tribuna_Baja;4;8;Libre
14917;Sector12_Tribuna_Baja;4;9;Libre
14918;Sector12_Tribuna_Baja;4;10;Libre
14919;Sector12_Tribuna_Baja;4;11;Libre
14920;Sector12_Tribuna_Baja;4;12;Libre
14921;Sector12_Tribuna_Baja;4;13;Libre
14922;Sector12_Tribuna_Baja;4;14;Libre
14923;Sector12_Tribuna_Baja;4;15;Libre
14924;Sector12_Tribuna_Baja;4;16;Libre
14925;Sector12_Tribuna_Baja;4;17;Libre
14926;Sector12_Tribuna_Baja;4;18;Libre
14927;Sector12_Tribuna_Baja;4;19;Libre
14928;Sector12_Tribuna_Baja;4;20;Libre
14929;Sector12_Tribuna_Baja;3;1;Libre
14930;Sector12_Tribuna_Baja;3;2;Libre
14931;Sector12_Tribuna_Baja;3;3;Libre
14932;Sector12_Tribuna_Baja;3;4;Libre
14933;Sector12_Tribuna_Baja;3;5;Libre
14934;Sector12_Tribuna_Baja;3;6;Libre
14935;Sector12_Tribuna_Baja;3;7;Libre
14936;Sector12_Tribuna_Baja;3;8;Libre
14937;Sector12_Tribuna_Baja;3;9;Libre
14938;Sector12_Tribuna_Baja;3;10;Libre
14939;Sector12_Tribuna_Baja;3;11;Libre
14940;Sector12_Tribuna_Baja;3;12;Libre
14941;Sector12_Tribuna_Baja;3;13;Libre
14942;Sector12_Tribuna_Baja;3;14;Libre
14943;Sector12_Tribuna_Baja;3;15;Libre
14944;Sector12_Tribuna_Baja;3;16;Libre
14945;Sector12_Tribuna_Baja;3;17;Libre
14946;Sector12_Tribuna_Baja;3;18;Libre
14947;Sector12_Tribuna_Baja;3;19;Libre
14948;Sector12_Tribuna_Baja;3;20;Libre
14949;Sector12_Tribuna_Baja;2;1;Libre
14950;Sector12_Tribuna_Baja;2;2;Libre
14951;Sector12_Tribuna_Baja;2;3;Libre
14952;Sector12_Tribuna_Baja;2;4;Libre
14953;Sector12_Tribuna_Baja;2;5;Libre
14954;Sector12_Tribuna_Baja;2;6;Libre
14955;Sector12_Tribuna_Baja;2;7;Libre
14956;Sector12_Tribuna_Baja;2;8;Libre
14957;Sector12_Tribuna_Baja;2;9;Libre
14958;Sector12_Tribuna_Baja;2;10;Libre
14959;Sector12_Tribuna_Baja;2;11;Libre
14960;Sector12_Tribuna_Baja;2;12;Libre
14961;Sector12_Tribuna_Baja;2;13;Libre
14962;Sector12_Tribuna_Baja;2;14;Libre
14963;Sector12_Tribuna_Baja;2;15;Libre
14964;Sector12_Tribuna_Baja;2;16;Libre
14965;Sector12_Tribuna_Baja;2;17;Libre
14966;Sector12_Tribuna_Baja;2;18;Libre
14967;Sector12_Tribuna_Baja;2;19;Libre
14968;Sector12_Tribuna_Baja;2;20;Libre
14969;Sector12_Tribuna_Baja;1;1;Libre
14970;Sector12_Tribuna_Baja;1;2;Libre
14971;Sector12_Tribuna_Baja;1;3;Libre
14972;Sector12_Tribuna_Baja;1;4;Libre
14973;Sector12_Tribuna_Baja;1;5;Libre
14974;Sector12_Tribuna_Baja;1;6;Libre
14975;Sector12_Tribuna_Baja;1;7;Libre
14976;Sector12_Tribuna_Baja;1;8;Libre
14977;Sector12_Tribuna_Baja;1;9;Libre
14978;Sector12_Tribuna_Baja;1;10;Libre
14979;Sector12_Tribuna_Baja;1;11;Libre
14980;Sector12_Tribuna_Baja;1;12;Libre
14981;Sector12_Tribuna_Baja;1;13;Libre
14982;Sector12_Tribuna_Baja;1;14;Libre
14983;Sector12_Tribuna_Baja;1;15;Libre
14984;Sector12_Tribuna_Baja;1;16;Libre
14985;Sector12_Tribuna_Baja;1;17;Libre
14986;Sector12_Tribuna_Baja;1;18;Libre
14987;Sector12_Tribuna_Baja;1;19;Libre
14988;Sector12_Tribuna_Baja;1;20;Libre
14989;Sector13_Tribuna_Baja;8;1;Libre
14990;Sector13_Tribuna_Baja;8;2;Libre
14991;Sector13_Tribuna_Baja;8;3;Libre
14992;Sector13_Tribuna_Baja;8;4;Libre
14993;Sector13_Tribuna_Baja;8;5;Libre
14994;Sector13_Tribuna_Baja;8;6;Libre
14995;Sector13_Tribuna_Baja;8;7;Libre
14996;Sector13_Tribuna_Baja;8;8;Libre
14997;Sector13_Tribuna_Baja;8;9;Libre
14998;Sector13_Tribuna_Baja;8;10;Libre
14999;Sector13_Tribuna_Baja;8;11;Libre
15000;Sector13_Tribuna_Baja;8;12;Libre
15001;Sector13_Tribuna_Baja;8;13;Libre
15002;Sector13_Tribuna_Baja;8;14;Libre
15003;Sector13_Tribuna_Baja;8;15;Libre
15004;Sector13_Tribuna_Baja;8;16;Libre
15005;Sector13_Tribuna_Baja;8;17;Libre
15006;Sector13_Tribuna_Baja;8;18;Libre
15007;Sector13_Tribuna_Baja;8;19;Libre
15008;Sector13_Tribuna_Baja;8;20;Libre
15009;Sector13_Tribuna_Baja;7;1;Libre
15010;Sector13_Tribuna_Baja;7;2;Libre
15011;Sector13_Tribuna_Baja;7;3;Libre
15012;Sector13_Tribuna_Baja;7;4;Libre
15013;Sector13_Tribuna_Baja;7;5;Libre
15014;Sector13_Tribuna_Baja;7;6;Libre
15015;Sector13_Tribuna_Baja;7;7;Libre
15016;Sector13_Tribuna_Baja;7;8;Libre
15017;Sector13_Tribuna_Baja;7;9;Libre
15018;Sector13_Tribuna_Baja;7;10;Libre
15019;Sector13_Tribuna_Baja;7;11;Libre
15020;Sector13_Tribuna_Baja;7;12;Libre
15021;Sector13_Tribuna_Baja;7;13;Libre
15022;Sector13_Tribuna_Baja;7;14;Libre
15023;Sector13_Tribuna_Baja;7;15;Libre
15024;Sector13_Tribuna_Baja;7;16;Libre
15025;Sector13_Tribuna_Baja;7;17;Libre
15026;Sector13_Tribuna_Baja;7;18;Libre
15027;Sector13_Tribuna_Baja;7;19;Libre
15028;Sector13_Tribuna_Baja;7;20;Libre
15029;Sector13_Tribuna_Baja;6;1;Libre
15030;Sector13_Tribuna_Baja;6;2;Libre
15031;Sector13_Tribuna_Baja;6;3;Libre
15032;Sector13_Tribuna_Baja;6;4;Libre
15033;Sector13_Tribuna_Baja;6;5;Libre
15034;Sector13_Tribuna_Baja;6;6;Libre
15035;Sector13_Tribuna_Baja;6;7;Libre
15036;Sector13_Tribuna_Baja;6;8;Libre
15037;Sector13_Tribuna_Baja;6;9;Libre
15038;Sector13_Tribuna_Baja;6;10;Libre
15039;Sector13_Tribuna_Baja;6;11;Libre
15040;Sector13_Tribuna_Baja;6;12;Libre
15041;Sector13_Tribuna_Baja;6;13;Libre
15042;Sector13_Tribuna_Baja;6;14;Libre
15043;Sector13_Tribuna_Baja;6;15;Libre
15044;Sector13_Tribuna_Baja;6;16;Libre
15045;Sector13_Tribuna_Baja;6;17;Libre
15046;Sector13_Tribuna_Baja;6;18;Libre
15047;Sector13_Tribuna_Baja;6;19;Libre
15048;Sector13_Tribuna_Baja;6;20;Libre
15049;Sector13_Tribuna_Baja;5;1;Libre
15050;Sector13_Tribuna_Baja;5;2;Libre
15051;Sector13_Tribuna_Baja;5;3;Libre
15052;Sector13_Tribuna_Baja;5;4;Libre
15053;Sector13_Tribuna_Baja;5;5;Libre
15054;Sector13_Tribuna_Baja;5;6;Libre
15055;Sector13_Tribuna_Baja;5;7;Libre
15056;Sector13_Tribuna_Baja;5;8;Libre
15057;Sector13_Tribuna_Baja;5;9;Libre
15058;Sector13_Tribuna_Baja;5;10;Libre
15059;Sector13_Tribuna_Baja;5;11;Libre
15060;Sector13_Tribuna_Baja;5;12;Libre
15061;Sector13_Tribuna_Baja;5;13;Libre
15062;Sector13_Tribuna_Baja;5;14;Libre
15063;Sector13_Tribuna_Baja;5;15;Libre
15064;Sector13_Tribuna_Baja;5;16;Libre
15065;Sector13_Tribuna_Baja;5;17;Libre
15066;Sector13_Tribuna_Baja;5;18;Libre
15067;Sector13_Tribuna_Baja;5;19;Libre
15068;Sector13_Tribuna_Baja;5;20;Libre
15069;Sector13_Tribuna_Baja;4;1;Libre
15070;Sector13_Tribuna_Baja;4;2;Libre
15071;Sector13_Tribuna_Baja;4;3;Libre
15072;Sector13_Tribuna_Baja;4;4;Libre
15073;Sector13_Tribuna_Baja;4;5;Libre
15074;Sector13_Tribuna_Baja;4;6;Libre
15075;Sector13_Tribuna_Baja;4;7;Libre
15076;Sector13_Tribuna_Baja;4;8;Libre
15077;Sector13_Tribuna_Baja;4;9;Libre
15078;Sector13_Tribuna_Baja;4;10;Libre
15079;Sector13_Tribuna_Baja;4;11;Libre
15080;Sector13_Tribuna_Baja;4;12;Libre
15081;Sector13_Tribuna_Baja;4;13;Libre
15082;Sector13_Tribuna_Baja;4;14;Libre
15083;Sector13_Tribuna_Baja;4;15;Libre
15084;Sector13_Tribuna_Baja;4;16;Libre
15085;Sector13_Tribuna_Baja;4;17;Libre
15086;Sector13_Tribuna_Baja;4;18;Libre
15087;Sector13_Tribuna_Baja;4;19;Libre
15088;Sector13_Tribuna_Baja;4;20;Libre
15089;Sector13_Tribuna_Baja;3;1;Libre
15090;Sector13_Tribuna_Baja;3;2;Libre
15091;Sector13_Tribuna_Baja;3;3;Libre
15092;Sector13_Tribuna_Baja;3;4;Libre
15093;Sector13_Tribuna_Baja;3;5;Libre
15094;Sector13_Tribuna_Baja;3;6;Libre
15095;Sector13_Tribuna_Baja;3;7;Libre
15096;Sector13_Tribuna_Baja;3;8;Libre
15097;Sector13_Tribuna_Baja;3;9;Libre
15098;Sector13_Tribuna_Baja;3;10;Libre
15099;Sector13_Tribuna_Baja;3;11;Libre
15100;Sector13_Tribuna_Baja;3;12;Libre
15101;Sector13_Tribuna_Baja;3;13;Libre
15102;Sector13_Tribuna_Baja;3;14;Libre
15103;Sector13_Tribuna_Baja;3;15;Libre
15104;Sector13_Tribuna_Baja;3;16;Libre
15105;Sector13_Tribuna_Baja;3;17;Libre
15106;Sector13_Tribuna_Baja;3;18;Libre
15107;Sector13_Tribuna_Baja;3;19;Libre
15108;Sector13_Tribuna_Baja;3;20;Libre
15109;Sector13_Tribuna_Baja;2;1;Libre
15110;Sector13_Tribuna_Baja;2;2;Libre
15111;Sector13_Tribuna_Baja;2;3;Libre
15112;Sector13_Tribuna_Baja;2;4;Libre
15113;Sector13_Tribuna_Baja;2;5;Libre
15114;Sector13_Tribuna_Baja;2;6;Libre
15115;Sector13_Tribuna_Baja;2;7;Libre
15116;Sector13_Tribuna_Baja;2;8;Libre
15117;Sector13_Tribuna_Baja;2;9;Libre
15118;Sector13_Tribuna_Baja;2;10;Libre
15119;Sector13_Tribuna_Baja;2;11;Libre
15120;Sector13_Tribuna_Baja;2;12;Libre
15121;Sector13_Tribuna_Baja;2;13;Libre
15122;Sector13_Tribuna_Baja;2;14;Libre
15123;Sector13_Tribuna_Baja;2;15;Libre
15124;Sector13_Tribuna_Baja;2;16;Libre
15125;Sector13_Tribuna_Baja;2;17;Libre
15126;Sector13_Tribuna_Baja;2;18;Libre
15127;Sector13_Tribuna_Baja;2;19;Libre
15128;Sector13_Tribuna_Baja;2;20;Libre
15129;Sector13_Tribuna_Baja;1;1;Libre
15130;Sector13_Tribuna_Baja;1;2;Libre
15131;Sector13_Tribuna_Baja;1;3;Libre
15132;Sector13_Tribuna_Baja;1;4;Libre
15133;Sector13_Tribuna_Baja;1;5;Libre
15134;Sector13_Tribuna_Baja;1;6;Libre
15135;Sector13_Tribuna_Baja;1;7;Libre
15136;Sector13_Tribuna_Baja;1;8;Libre
15137;Sector13_Tribuna_Baja;1;9;Libre
15138;Sector13_Tribuna_Baja;1;10;Libre
15139;Sector13_Tribuna_Baja;1;11;Libre
15140;Sector13_Tribuna_Baja;1;12;Libre
15141;Sector13_Tribuna_Baja;1;13;Libre
15142;Sector13_Tribuna_Baja;1;14;Libre
15143;Sector13_Tribuna_Baja;1;15;Libre
15144;Sector13_Tribuna_Baja;1;16;Libre
15145;Sector13_Tribuna_Baja;1;17;Libre
15146;Sector13_Tribuna_Baja;1;18;Libre
15147;Sector13_Tribuna_Baja;1;19;Libre
15148;Sector13_Tribuna_Baja;1;20;Libre
