11309;Sector1_Tribuna_Media;8;1;Libre
11310;Sector1_Tribuna_Media;8;2;Libre
11311;Sector1_Tribuna_Media;8;3;Libre
11312;Sector1_Tribuna_Media;8;4;Libre
11313;Sector1_Tribuna_Media;8;5;Libre
11314;Sector1_Tribuna_Media;8;6;Libre
11315;Sector1_Tribuna_Media;8;7;Libre
11316;Sector1_Tribuna_Media;8;8;Libre
11317;Sector1_Tribuna_Media;8;9;Libre
11318;Sector1_Tribuna_Media;8;10;Libre
11319;Sector1_Tribuna_Media;8;11;Libre
11320;Sector1_Tribuna_Media;8;12;Libre
11321;Sector1_Tribuna_Media;8;13;Libre
11322;Sector1_Tribuna_Media;8;14;Libre
11323;Sector1_Tribuna_Media;8;15;Libre
11324;Sector1_Tribuna_Media;8;16;Libre
11325;Sector1_Tribuna_Media;8;17;Libre
11326;Sector1_Tribuna_Media;8;18;Libre
11327;Sector1_Tribuna_Media;8;19;Libre
11328;Sector1_Tribuna_Media;8;20;Libre
11329;Sector1_Tribuna_Media;7;1;Libre
11330;Sector1_Tribuna_Media;7;2;Libre
11331;Sector1_Tribuna_Media;7;3;Libre
11332;Sector1_Tribuna_Media;7;4;Libre
11333;Sector1_Tribuna_Media;7;5;Libre
11334;Sector1_Tribuna_Media;7;6;Libre
11335;Sector1_Tribuna_Media;7;7;Libre
11336;Sector1_Tribuna_Media;7;8;Libre
11337;Sector1_Tribuna_Media;7;9;Libre
11338;Sector1_Tribuna_Media;7;10;Libre
11339;Sector1_Tribuna_Media;7;11;Libre
11340;Sector1_Tribuna_Media;7;12;Libre
11341;Sector1_Tribuna_Media;7;13;Libre
11342;Sector1_Tribuna_Media;7;14;Libre
11343;Sector1_Tribuna_Media;7;15;Libre
11344;Sector1_Tribuna_Media;7;16;Libre
11345;Sector1_Tribuna_Media;7;17;Libre
11346;Sector1_Tribuna_Media;7;18;Libre
11347;Sector1_Tribuna_Media;7;19;Libre
11348;Sector1_Tribuna_Media;7;20;Libre
11349;Sector1_Tribuna_Media;6;1;Libre
11350;Sector1_Tribuna_Media;6;2;Libre
11351;Sector1_Tribuna_Media;6;3;Libre
11352;Sector1_Tribuna_Media;6;4;Libre
11353;Sector1_Tribuna_Media;6;5;Libre
11354;Sector1_Tribuna_Media;6;6;Libre
11355;Sector1_Tribuna_Media;6;7;Libre
11356;Sector1_Tribuna_Media;6;8;Libre
11357;Sector1_Tribuna_Media;6;9;Libre
11358;Sector1_Tribuna_Media;6;10;Libre
11359;Sector1_Tribuna_Media;6;11;Libre
11360;Sector1_Tribuna_Media;6;12;Libre
11361;Sector1_Tribuna_Media;6;13;Libre
11362;Sector1_Tribuna_Media;6;14;Libre
11363;Sector1_Tribuna_Media;6;15;Libre
11364;Sector1_Tribuna_Media;6;16;Libre
11365;Sector1_Tribuna_Media;6;17;Libre
11366;Sector1_Tribuna_Media;6;18;Libre
11367;Sector1_Tribuna_Media;6;19;Libre
11368;Sector1_Tribuna_Media;6;20;Libre
11369;Sector1_Tribuna_Media;5;1;Libre
11370;Sector1_Tribuna_Media;5;2;Libre
11371;Sector1_Tribuna_Media;5;3;Libre
11372;Sector1_Tribuna_Media;5;4;Libre
11373;Sector1_Tribuna_Media;5;5;Libre
11374;Sector1_Tribuna_Media;5;6;Libre
11375;Sector1_Tribuna_Media;5;7;Libre
11376;Sector1_Tribuna_Media;5;8;Libre
11377;Sector1_Tribuna_Media;5;9;Libre
11378;Sector1_Tribuna_Media;5;10;Libre
11379;Sector1_Tribuna_Media;5;11;Libre
11380;Sector1_Tribuna_Media;5;12;Libre
11381;Sector1_Tribuna_Media;5;13;Libre
11382;Sector1_Tribuna_Media;5;14;Libre
11383;Sector1_Tribuna_Media;5;15;Libre
11384;Sector1_Tribuna_Media;5;16;Libre
11385;Sector1_Tribuna_Media;5;17;Libre
11386;Sector1_Tribuna_Media;5;18;Libre
11387;Sector1_Tribuna_Media;5;19;Libre
11388;Sector1_Tribuna_Media;5;20;Libre
11389;Sector1_Tribuna_Media;4;1;Libre
11390;Sector1_Tribuna_Media;4;2;Libre
11391;Sector1_Tribuna_Media;4;3;Libre
11392;Sector1_Tribuna_Media;4;4;Libre
11393;Sector1_Tribuna_Media;4;5;Libre
11394;Sector1_Tribuna_Media;4;6;Libre
11395;Sector1_Tribuna_Media;4;7;Libre
11396;Sector1_Tribuna_Media;4;8;Libre
11397;Sector1_Tribuna_Media;4;9;Libre
11398;Sector1_Tribuna_Media;4;10;Libre
11399;Sector1_Tribuna_Media;4;11;Libre
11400;Sector1_Tribuna_Media;4;12;Libre
11401;Sector1_Tribuna_Media;4;13;Libre
11402;Sector1_Tribuna_Media;4;14;Libre
11403;Sector1_Tribuna_Media;4;15;Libre
11404;Sector1_Tribuna_Media;4;16;Libre
11405;Sector1_Tribuna_Media;4;17;Libre
11406;Sector1_Tribuna_Media;4;18;Libre
11407;Sector1_Tribuna_Media;4;19;Libre
11408;Sector1_Tribuna_Media;4;20;Libre
11409;Sector1_Tribuna_Media;3;1;Libre
11410;Sector1_Tribuna_Media;3;2;Libre
11411;Sector1_Tribuna_Media;3;3;Libre
11412;Sector1_Tribuna_Media;3;4;Libre
11413;Sector1_Tribuna_Media;3;5;Libre
11414;Sector1_Tribuna_Media;3;6;Libre
11415;Sector1_Tribuna_Media;3;7;Libre
11416;Sector1_Tribuna_Media;3;8;Libre
11417;Sector1_Tribuna_Media;3;9;Libre
11418;Sector1_Tribuna_Media;3;10;Libre
11419;Sector1_Tribuna_Media;3;11;Libre
11420;Sector1_Tribuna_Media;3;12;Libre
11421;Sector1_Tribuna_Media;3;13;Libre
11422;Sector1_Tribuna_Media;3;14;Libre
11423;Sector1_Tribuna_Media;3;15;Libre
11424;Sector1_Tribuna_Media;3;16;Libre
11425;Sector1_Tribuna_Media;3;17;Libre
11426;Sector1_Tribuna_Media;3;18;Libre
11427;Sector1_Tribuna_Media;3;19;Libre
11428;Sector1_Tribuna_Media;3;20;Libre
11429;Sector1_Tribuna_Media;2;1;Libre
11430;Sector1_Tribuna_Media;2;2;Libre
11431;Sector1_Tribuna_Media;2;3;Libre
11432;Sector1_Tribuna_Media;2;4;Libre
11433;Sector1_Tribuna_Media;2;5;Libre
11434;Sector1_Tribuna_Media;2;6;Libre
11435;Sector1_Tribuna_Media;2;7;Libre
11436;Sector1_Tribuna_Media;2;8;Libre
11437;Sector1_Tribuna_Media;2;9;Libre
11438;Sector1_Tribuna_Media;2;10;Libre
11439;Sector1_Tribuna_Media;2;11;Libre
11440;Sector1_Tribuna_Media;2;12;Libre
11441;Sector1_Tribuna_Media;2;13;Libre
11442;Sector1_Tribuna_Media;2;14;Libre
11443;Sector1_Tribuna_Media;2;15;Libre
11444;Sector1_Tribuna_Media;2;16;Libre
11445;Sector1_Tribuna_Media;2;17;Libre
11446;Sector1_Tribuna_Media;2;18;Libre
11447;Sector1_Tribuna_Media;2;19;Libre
11448;Sector1_Tribuna_Media;2;20;Libre
11449;Sector1_Tribuna_Media;1;1;Libre
11450;Sector1_Tribuna_Media;1;2;Libre
11451;Sector1_Tribuna_Media;1;3;Libre
11452;Sector1_Tribuna_Media;1;4;Libre
11453;Sector1_Tribuna_Media;1;5;Libre
11454;Sector1_Tribuna_Media;1;6;Libre
11455;Sector1_Tribuna_Media;1;7;Libre
11456;Sector1_Tribuna_Media;1;8;Libre
11457;Sector1_Tribuna_Media;1;9;Libre
11458;Sector1_Tribuna_Media;1;10;Libre
11459;Sector1_Tribuna_Media;1;11;Libre
11460;Sector1_Tribuna_Media;1;12;Libre
11461;Sector1_Tribuna_Media;1;13;Libre
11462;Sector1_Tribuna_Media;1;14;Libre
11463;Sector1_Tribuna_Media;1;15;Libre
11464;Sector1_Tribuna_Media;1;16;Libre
11465;Sector1_Tribuna_Media;1;17;Libre
11466;Sector1_Tribuna_Media;1;18;Libre
11467;Sector1_Tribuna_Media;1;19;Libre
11468;Sector1_Tribuna_Media;1;20;Libre
11469;Sector2_Tribuna_Media;8;1;Libre
11470;Sector2_Tribuna_Media;8;2;Libre
11471;Sector2_Tribuna_Media;8;3;Libre
11472;Sector2_Tribuna_Media;8;4;Libre
11473;Sector2_Tribuna_Media;8;5;Libre
11474;Sector2_Tribuna_Media;8;6;Libre
11475;Sector2_Tribuna_Media;8;7;Libre
11476;Sector2_Tribuna_Media;8;8;Libre
11477;Sector2_Tribuna_Media;8;9;Libre
11478;Sector2_Tribuna_Media;8;10;Libre
11479;Sector2_Tribuna_Media;8;11;Libre
11480;Sector2_Tribuna_Media;8;12;Libre
11481;Sector2_Tribuna_Media;8;13;Libre
11482;Sector2_Tribuna_Media;8;14;Libre
11483;Sector2_Tribuna_Media;8;15;Libre
11484;Sector2_Tribuna_Media;8;16;Libre
11485;Sector2_Tribuna_Media;8;17;Libre
11486;Sector2_Tribuna_Media;8;18;Libre
11487;Sector2_Tribuna_Media;8;19;Libre
11488;Sector2_Tribuna_Media;8;20;Libre
11489;Sector2_Tribuna_Media;7;1;Libre
11490;Sector2_Tribuna_Media;7;2;Libre
11491;Sector2_Tribuna_Media;7;3;Libre
11492;Sector2_Tribuna_Media;7;4;Libre
11493;Sector2_Tribuna_Media;7;5;Libre
11494;Sector2_Tribuna_Media;7;6;Libre
11495;Sector2_Tribuna_Media;7;7;Libre
11496;Sector2_Tribuna_Media;7;8;Libre
11497;Sector2_Tribuna_Media;7;9;Libre
11498;Sector2_Tribuna_Media;7;10;Libre
11499;Sector2_Tribuna_Media;7;11;Libre
11500;Sector2_Tribuna_Media;7;12;Libre
11501;Sector2_Tribuna_Media;7;13;Libre
11502;Sector2_Tribuna_Media;7;14;Libre
11503;Sector2_Tribuna_Media;7;15;Libre
11504;Sector2_Tribuna_Media;7;16;Libre
11505;Sector2_Tribuna_Media;7;17;Libre
11506;Sector2_Tribuna_Media;7;18;Libre
11507;Sector2_Tribuna_Media;7;19;Libre
11508;Sector2_Tribuna_Media;7;20;Libre
11509;Sector2_Tribuna_Media;6;1;Libre
11510;Sector2_Tribuna_Media;6;2;Libre
11511;Sector2_Tribuna_Media;6;3;Libre
11512;Sector2_Tribuna_Media;6;4;Libre
11513;Sector2_Tribuna_Media;6;5;Libre
11514;Sector2_Tribuna_Media;6;6;Libre
11515;Sector2_Tribuna_Media;6;7;Libre
11516;Sector2_Tribuna_Media;6;8;Libre
11517;Sector2_Tribuna_Media;6;9;Libre
11518;Sector2_Tribuna_Media;6;10;Libre
11519;Sector2_Tribuna_Media;6;11;Libre
11520;Sector2_Tribuna_Media;6;12;Libre
11521;Sector2_Tribuna_Media;6;13;Libre
11522;Sector2_Tribuna_Media;6;14;Libre
11523;Sector2_Tribuna_Media;6;15;Libre
11524;Sector2_Tribuna_Media;6;16;Libre
11525;Sector2_Tribuna_Media;6;17;Libre
11526;Sector2_Tribuna_Media;6;18;Libre
11527;Sector2_Tribuna_Media;6;19;Libre
11528;Sector2_Tribuna_Media;6;20;Libre
11529;Sector2_Tribuna_Media;5;1;Libre
11530;Sector2_Tribuna_Media;5;2;Libre
11531;Sector2_Tribuna_Media;5;3;Libre
11532;Sector2_Tribuna_Media;5;4;Libre
11533;Sector2_Tribuna_Media;5;5;Libre
11534;Sector2_Tribuna_Media;5;6;Libre
11535;Sector2_Tribuna_Media;5;7;Libre
11536;Sector2_Tribuna_Media;5;8;Libre
11537;Sector2_Tribuna_Media;5;9;Libre
11538;Sector2_Tribuna_Media;5;10;Libre
11539;Sector2_Tribuna_Media;5;11;Libre
11540;Sector2_Tribuna_Media;5;12;Libre
11541;Sector2_Tribuna_Media;5;13;Libre
11542;Sector2_Tribuna_Media;5;14;Libre
11543;Sector2_Tribuna_Media;5;15;Libre
11544;Sector2_Tribuna_Media;5;16;Libre
11545;Sector2_Tribuna_Media;5;17;Libre
11546;Sector2_Tribuna_Media;5;18;Libre
11547;Sector2_Tribuna_Media;5;19;Libre
11548;Sector2_Tribuna_Media;5;20;Libre
11549;Sector2_Tribuna_Media;4;1;Libre
11550;Sector2_Tribuna_Media;4;2;Libre
11551;Sector2_Tribuna_Media;4;3;Libre
11552;Sector2_Tribuna_Media;4;4;Libre
11553;Sector2_Tribuna_Media;4;5;Libre
11554;Sector2_Tribuna_Media;4;6;Libre
11555;Sector2_Tribuna_Media;4;7;Libre
11556;Sector2_Tribuna_Media;4;8;Libre
11557;Sector2_Tribuna_Media;4;9;Libre
11558;Sector2_Tribuna_Media;4;10;Libre
11559;Sector2_Tribuna_Media;4;11;Libre
11560;Sector2_Tribuna_Media;4;12;Libre
11561;Sector2_Tribuna_Media;4;13;Libre
11562;Sector2_Tribuna_Media;4;14;Libre
11563;Sector2_Tribuna_Media;4;15;Libre
11564;Sector2_Tribuna_Media;4;16;Libre
11565;Sector2_Tribuna_Media;4;17;Libre
11566;Sector2_Tribuna_Media;4;18;Libre
11567;Sector2_Tribuna_Media;4;19;Libre
11568;Sector2_Tribuna_Media;4;20;Libre
11569;Sector2_Tribuna_Media;3;1;Libre
11570;Sector2_Tribuna_Media;3;2;Libre
11571;Sector2_Tribuna_Media;3;3;Libre
11572;Sector2_Tribuna_Media;3;4;Libre
11573;Sector2_Tribuna_Media;3;5;Libre
11574;Sector2_Tribuna_Media;3;6;Libre
11575;Sector2_Tribuna_Media;3;7;Libre
11576;Sector2_Tribuna_Media;3;8;Libre
11577;Sector2_Tribuna_Media;3;9;Libre
11578;Sector2_Tribuna_Media;3;10;Libre
11579;Sector2_Tribuna_Media;3;11;Libre
11580;Sector2_Tribuna_Media;3;12;Libre
11581;Sector2_Tribuna_Media;3;13;Libre
11582;Sector2_Tribuna_Media;3;14;Libre
11583;Sector2_Tribuna_Media;3;15;Libre
11584;Sector2_Tribuna_Media;3;16;Libre
11585;Sector2_Tribuna_Media;3;17;Libre
11586;Sector2_Tribuna_Media;3;18;Libre
11587;Sector2_Tribuna_Media;3;19;Libre
11588;Sector2_Tribuna_Media;3;20;Libre
11589;Sector2_Tribuna_Media;2;1;Libre
11590;Sector2_Tribuna_Media;2;2;Libre
11591;Sector2_Tribuna_Media;2;3;Libre
11592;Sector2_Tribuna_Media;2;4;Libre
11593;Sector2_Tribuna_Media;2;5;Libre
11594;Sector2_Tribuna_Media;2;6;Libre
11595;Sector2_Tribuna_Media;2;7;Libre
11596;Sector2_Tribuna_Media;2;8;Libre
11597;Sector2_Tribuna_Media;2;9;Libre
11598;Sector2_Tribuna_Media;2;10;Libre
11599;Sector2_Tribuna_Media;2;11;Libre
11600;Sector2_Tribuna_Media;2;12;Libre
11601;Sector2_Tribuna_Media;2;13;Libre
11602;Sector2_Tribuna_Media;2;14;Libre
11603;Sector2_Tribuna_Media;2;15;Libre
11604;Sector2_Tribuna_Media;2;16;Libre
11605;Sector2_Tribuna_Media;2;17;Libre
11606;Sector2_Tribuna_Media;2;18;Libre
11607;Sector2_Tribuna_Media;2;19;Libre
11608;Sector2_Tribuna_Media;2;20;Libre
11609;Sector2_Tribuna_Media;1;1;Libre
11610;Sector2_Tribuna_Media;1;2;Libre
11611;Sector2_Tribuna_Media;1;3;Libre
11612;Sector2_Tribuna_Media;1;4;Libre
11613;Sector2_Tribuna_Media;1;5;Libre
11614;Sector2_Tribuna_Media;1;6;Libre
11615;Sector2_Tribuna_Media;1;7;Libre
11616;Sector2_Tribuna_Media;1;8;Libre
11617;Sector2_Tribuna_Media;1;9;Libre
11618;Sector2_Tribuna_Media;1;10;Libre
11619;Sector2_Tribuna_Media;1;11;Libre
11620;Sector2_Tribuna_Media;1;12;Libre
11621;Sector2_Tribuna_Media;1;13;Libre
11622;Sector2_Tribuna_Media;1;14;Libre
11623;Sector2_Tribuna_Media;1;15;Libre
11624;Sector2_Tribuna_Media;1;16;Libre
11625;Sector2_Tribuna_Media;1;17;Libre
11626;Sector2_Tribuna_Media;1;18;Libre
11627;Sector2_Tribuna_Media;1;19;Libre
11628;Sector2_Tribuna_Media;1;20;Libre
11629;Sector3_Tribuna_Media;8;1;Libre
11630;Sector3_Tribuna_Media;8;2;Libre
11631;Sector3_Tribuna_Media;8;3;Libre
11632;Sector3_Tribuna_Media;8;4;Libre
11633;Sector3_Tribuna_Media;8;5;Libre
11634;Sector3_Tribuna_Media;8;6;Libre
11635;Sector3_Tribuna_Media;8;7;Libre
11636;Sector3_Tribuna_Media;8;8;Libre
11637;Sector3_Tribuna_Media;8;9;Libre
11638;Sector3_Tribuna_Media;8;10;Libre
11639;Sector3_Tribuna_Media;8;11;Libre
11640;Sector3_Tribuna_Media;8;12;Libre
11641;Sector3_Tribuna_Media;8;13;Libre
11642;Sector3_Tribuna_Media;8;14;Libre
11643;Sector3_Tribuna_Media;8;15;Libre
11644;Sector3_Tribuna_Media;8;16;Libre
11645;Sector3_Tribuna_Media;8;17;Libre
11646;Sector3_Tribuna_Media;8;18;Libre
11647;Sector3_Tribuna_Media;8;19;Libre
11648;Sector3_Tribuna_Media;8;20;Libre
11649;Sector3_Tribuna_Media;7;1;Libre
11650;Sector3_Tribuna_Media;7;2;Libre
11651;Sector3_Tribuna_Media;7;3;Libre
11652;Sector3_Tribuna_Media;7;4;Libre
11653;Sector3_Tribuna_Media;7;5;Libre
11654;Sector3_Tribuna_Media;7;6;Libre
11655;Sector3_Tribuna_Media;7;7;Libre
11656;Sector3_Tribuna_Media;7;8;Libre
11657;Sector3_Tribuna_Media;7;9;Libre
11658;Sector3_Tribuna_Media;7;10;Libre
11659;Sector3_Tribuna_Media;7;11;Libre
11660;Sector3_Tribuna_Media;7;12;Libre
11661;Sector3_Tribuna_Media;7;13;Libre
11662;Sector3_Tribuna_Media;7;14;Libre
11663;Sector3_Tribuna_Media;7;15;Libre
11664;Sector3_Tribuna_Media;7;16;Libre
11665;Sector3_Tribuna_Media;7;17;Libre
11666;Sector3_Tribuna_Media;7;18;Libre
11667;Sector3_Tribuna_Media;7;19;Libre
11668;Sector3_Tribuna_Media;7;20;Libre
11669;Sector3_Tribuna_Media;6;1;Libre
11670;Sector3_Tribuna_Media;6;2;Libre
11671;Sector3_Tribuna_Media;6;3;Libre
11672;Sector3_Tribuna_Media;6;4;Libre
11673;Sector3_Tribuna_Media;6;5;Libre
11674;Sector3_Tribuna_Media;6;6;Libre
11675;Sector3_Tribuna_Media;6;7;Libre
11676;Sector3_Tribuna_Media;6;8;Libre
11677;Sector3_Tribuna_Media;6;9;Libre
11678;Sector3_Tribuna_Media;6;10;Libre
11679;Sector3_Tribuna_Media;6;11;Libre
11680;Sector3_Tribuna_Media;6;12;Libre
11681;Sector3_Tribuna_Media;6;13;Libre
11682;Sector3_Tribuna_Media;6;14;Libre
11683;Sector3_Tribuna_Media;6;15;Libre
11684;Sector3_Tribuna_Media;6;16;Libre
11685;Sector3_Tribuna_Media;6;17;Libre
11686;Sector3_Tribuna_Media;6;18;Libre
11687;Sector3_Tribuna_Media;6;19;Libre
11688;Sector3_Tribuna_Media;6;20;Libre
11689;Sector3_Tribuna_Media;5;1;Libre
11690;Sector3_Tribuna_Media;5;2;Libre
11691;Sector3_Tribuna_Media;5;3;Libre
11692;Sector3_Tribuna_Media;5;4;Libre
11693;Sector3_Tribuna_Media;5;5;Libre
11694;Sector3_Tribuna_Media;5;6;Libre
11695;Sector3_Tribuna_Media;5;7;Libre
11696;Sector3_Tribuna_Media;5;8;Libre
11697;Sector3_Tribuna_Media;5;9;Libre
11698;Sector3_Tribuna_Media;5;10;Libre
11699;Sector3_Tribuna_Media;5;11;Libre
11700;Sector3_Tribuna_Media;5;12;Libre
11701;Sector3_Tribuna_Media;5;13;Libre
11702;Sector3_Tribuna_Media;5;14;Libre
11703;Sector3_Tribuna_Media;5;15;Libre
11704;Sector3_Tribuna_Media;5;16;Libre
11705;Sector3_Tribuna_Media;5;17;Libre
11706;Sector3_Tribuna_Media;5;18;Libre
11707;Sector3_Tribuna_Media;5;19;Libre
11708;Sector3_Tribuna_Media;5;20;Libre
11709;Sector3_Tribuna_Media;4;1;Libre
11710;Sector3_Tribuna_Media;4;2;Libre
11711;Sector3_Tribuna_Media;4;3;Libre
11712;Sector3_Tribuna_Media;4;4;Libre
11713;Sector3_Tribuna_Media;4;5;Libre
11714;Sector3_Tribuna_Media;4;6;Libre
11715;Sector3_Tribuna_Media;4;7;Libre
11716;Sector3_Tribuna_Media;4;8;Libre
11717;Sector3_Tribuna_Media;4;9;Libre
11718;Sector3_Tribuna_Media;4;10;Libre
11719;Sector3_Tribuna_Media;4;11;Libre
11720;Sector3_Tribuna_Media;4;12;Libre
11721;Sector3_Tribuna_Media;4;13;Libre
11722;Sector3_Tribuna_Media;4;14;Libre
11723;Sector3_Tribuna_Media;4;15;Libre
11724;Sector3_Tribuna_Media;4;16;Libre
11725;Sector3_Tribuna_Media;4;17;Libre
11726;Sector3_Tribuna_Media;4;18;Libre
11727;Sector3_Tribuna_Media;4;19;Libre
11728;Sector3_Tribuna_Media;4;20;Libre
11729;Sector3_Tribuna_Media;3;1;Libre
11730;Sector3_Tribuna_Media;3;2;Libre
11731;Sector3_Tribuna_Media;3;3;Libre
11732;Sector3_Tribuna_Media;3;4;Libre
11733;Sector3_Tribuna_Media;3;5;Libre
11734;Sector3_Tribuna_Media;3;6;Libre
11735;Sector3_Tribuna_Media;3;7;Libre
11736;Sector3_Tribuna_Media;3;8;Libre
11737;Sector3_Tribuna_Media;3;9;Libre
11738;Sector3_Tribuna_Media;3;10;Libre
11739;Sector3_Tribuna_Media;3;11;Libre
11740;Sector3_Tribuna_Media;3;12;Libre
11741;Sector3_Tribuna_Media;3;13;Libre
11742;Sector3_Tribuna_Media;3;14;Libre
11743;Sector3_Tribuna_Media;3;15;Libre
11744;Sector3_Tribuna_Media;3;16;Libre
11745;Sector3_Tribuna_Media;3;17;Libre
11746;Sector3_Tribuna_Media;3;18;Libre
11747;Sector3_Tribuna_Media;3;19;Libre
11748;Sector3_Tribuna_Media;3;20;Libre
11749;Sector3_Tribuna_Media;2;1;Libre
11750;Sector3_Tribuna_Media;2;2;Libre
11751;Sector3_Tribuna_Media;2;3;Libre
11752;Sector3_Tribuna_Media;2;4;Libre
11753;Sector3_Tribuna_Media;2;5;Libre
11754;Sector3_Tribuna_Media;2;6;Libre
11755;Sector3_Tribuna_Media;2;7;Libre
11756;Sector3_Tribuna_Media;2;8;Libre
11757;Sector3_Tribuna_Media;2;9;Libre
11758;Sector3_Tribuna_Media;2;10;Libre
11759;Sector3_Tribuna_Media;2;11;Libre
11760;Sector3_Tribuna_Media;2;12;Libre
11761;Sector3_Tribuna_Media;2;13;Libre
11762;Sector3_Tribuna_Media;2;14;Libre
11763;Sector3_Tribuna_Media;2;15;Libre
11764;Sector3_Tribuna_Media;2;16;Libre
11765;Sector3_Tribuna_Media;2;17;Libre
11766;Sector3_Tribuna_Media;2;18;Libre
11767;Sector3_Tribuna_Media;2;19;Libre
11768;Sector3_Tribuna_Media;2;20;Libre
11769;Sector3_Tribuna_Media;1;1;Libre
11770;Sector3_Tribuna_Media;1;2;Libre
11771;Sector3_Tribuna_Media;1;3;Libre
11772;Sector3_Tribuna_Media;1;4;Libre
11773;Sector3_Tribuna_Media;1;5;Libre
11774;Sector3_Tribuna_Media;1;6;Libre
11775;Sector3_Tribuna_Media;1;7;Libre
11776;Sector3_Tribuna_Media;1;8;Libre
11777;Sector3_Tribuna_Media;1;9;Libre
11778;Sector3_Tribuna_Media;1;10;Libre
11779;Sector3_Tribuna_Media;1;11;Libre
11780;Sector3_Tribuna_Media;1;12;Libre
11781;Sector3_Tribuna_Media;1;13;Libre
11782;Sector3_Tribuna_Media;1;14;Libre
11783;Sector3_Tribuna_Media;1;15;Libre
11784;Sector3_Tribuna_Media;1;16;Libre
11785;Sector3_Tribuna_Media;1;17;Libre
11786;Sector3_Tribuna_Media;1;18;Libre
11787;Sector3_Tribuna_Media;1;19;Libre
11788;Sector3_Tribuna_Media;1;20;Libre
11789;Sector4_Tribuna_Media;8;1;Libre
11790;Sector4_Tribuna_Media;8;2;Libre
11791;Sector4_Tribuna_Media;8;3;Libre
11792;Sector4_Tribuna_Media;8;4;Libre
11793;Sector4_Tribuna_Media;8;5;Libre
11794;Sector4_Tribuna_Media;8;6;Libre
11795;Sector4_Tribuna_Media;8;7;Libre
11796;Sector4_Tribuna_Media;8;8;Libre
11797;Sector4_Tribuna_Media;8;9;Libre
11798;Sector4_Tribuna_Media;8;10;Libre
11799;Sector4_Tribuna_Media;8;11;Libre
11800;Sector4_Tribuna_Media;8;12;Libre
11801;Sector4_Tribuna_Media;8;13;Libre
11802;Sector4_Tribuna_Media;8;14;Libre
11803;Sector4_Tribuna_Media;8;15;Libre
11804;Sector4_Tribuna_Media;8;16;Libre
11805;Sector4_Tribuna_Media;8;17;Libre
11806;Sector4_Tribuna_Media;8;18;Libre
11807;Sector4_Tribuna_Media;8;19;Libre
11808;Sector4_Tribuna_Media;8;20;Libre
11809;Sector4_Tribuna_Media;7;1;Libre
11810;Sector4_Tribuna_Media;7;2;Libre
11811;Sector4_Tribuna_Media;7;3;Libre
11812;Sector4_Tribuna_Media;7;4;Libre
11813;Sector4_Tribuna_Media;7;5;Libre
11814;Sector4_Tribuna_Media;7;6;Libre
11815;Sector4_Tribuna_Media;7;7;Libre
11816;Sector4_Tribuna_Media;7;8;Libre
11817;Sector4_Tribuna_Media;7;9;Libre
11818;Sector4_Tribuna_Media;7;10;Libre
11819;Sector4_Tribuna_Media;7;11;Libre
11820;Sector4_Tribuna_Media;7;12;Libre
11821;Sector4_Tribuna_Media;7;13;Libre
11822;Sector4_Tribuna_Media;7;14;Libre
11823;Sector4_Tribuna_Media;7;15;Libre
11824;Sector4_Tribuna_Media;7;16;Libre
11825;Sector4_Tribuna_Media;7;17;Libre
11826;Sector4_Tribuna_Media;7;18;Libre
11827;Sector4_Tribuna_Media;7;19;Libre
11828;Sector4_Tribuna_Media;7;20;Libre
11829;Sector4_Tribuna_Media;6;1;Libre
11830;Sector4_Tribuna_Media;6;2;Libre
11831;Sector4_Tribuna_Media;6;3;Libre
11832;Sector4_Tribuna_Media;6;4;Libre
11833;Sector4_Tribuna_Media;6;5;Libre
11834;Sector4_Tribuna_Media;6;6;Libre
11835;Sector4_Tribuna_Media;6;7;Libre
11836;Sector4_Tribuna_Media;6;8;Libre
11837;Sector4_Tribuna_Media;6;9;Libre
11838;Sector4_Tribuna_Media;6;10;Libre
11839;Sector4_Tribuna_Media;6;11;Libre
11840;Sector4_Tribuna_Media;6;12;Libre
11841;Sector4_Tribuna_Media;6;13;Libre
11842;Sector4_Tribuna_Media;6;14;Libre
11843;Sector4_Tribuna_Media;6;15;Libre
11844;Sector4_Tribuna_Media;6;16;Libre
11845;Sector4_Tribuna_Media;6;17;Libre
11846;Sector4_Tribuna_Media;6;18;Libre
11847;Sector4_Tribuna_Media;6;19;Libre
11848;Sector4_Tribuna_Media;6;20;Libre
11849;Sector4_Tribuna_Media;5;1;Libre
11850;Sector4_Tribuna_Media;5;2;Libre
11851;Sector4_Tribuna_Media;5;3;Libre
11852;Sector4_Tribuna_Media;5;4;Libre
11853;Sector4_Tribuna_Media;5;5;Libre
11854;Sector4_Tribuna_Media;5;6;Libre
11855;Sector4_Tribuna_Media;5;7;Libre
11856;Sector4_Tribuna_Media;5;8;Libre
11857;Sector4_Tribuna_Media;5;9;Libre
11858;Sector4_Tribuna_Media;5;10;Libre
11859;Sector4_Tribuna_Media;5;11;Libre
11860;Sector4_Tribuna_Media;5;12;Libre
11861;Sector4_Tribuna_Media;5;13;Libre
11862;Sector4_Tribuna_Media;5;14;Libre
11863;Sector4_Tribuna_Media;5;15;Libre
11864;Sector4_Tribuna_Media;5;16;Libre
11865;Sector4_Tribuna_Media;5;17;Libre
11866;Sector4_Tribuna_Media;5;18;Libre
11867;Sector4_Tribuna_Media;5;19;Libre
11868;Sector4_Tribuna_Media;5;20;Libre
11869;Sector4_Tribuna_Media;4;1;Libre
11870;Sector4_Tribuna_Media;4;2;Libre
11871;Sector4_Tribuna_Media;4;3;Libre
11872;Sector4_Tribuna_Media;4;4;Libre
11873;Sector4_Tribuna_Media;4;5;Libre
11874;Sector4_Tribuna_Media;4;6;Libre
11875;Sector4_Tribuna_Media;4;7;Libre
11876;Sector4_Tribuna_Media;4;8;Libre
11877;Sector4_Tribuna_Media;4;9;Libre
11878;Sector4_Tribuna_Media;4;10;Libre
11879;Sector4_Tribuna_Media;4;11;Libre
11880;Sector4_Tribuna_Media;4;12;Libre
11881;Sector4_Tribuna_Media;4;13;Libre
11882;Sector4_Tribuna_Media;4;14;Libre
11883;Sector4_Tribuna_Media;4;15;Libre
11884;Sector4_Tribuna_Media;4;16;Libre
11885;Sector4_Tribuna_Media;4;17;Libre
11886;Sector4_Tribuna_Media;4;18;Libre
11887;Sector4_Tribuna_Media;4;19;Libre
11888;Sector4_Tribuna_Media;4;20;Libre
11889;Sector4_Tribuna_Media;3;1;Libre
11890;Sector4_Tribuna_Media;3;2;Libre
11891;Sector4_Tribuna_Media;3;3;Libre
11892;Sector4_Tribuna_Media;3;4;Libre
11893;Sector4_Tribuna_Media;3;5;Libre
11894;Sector4_Tribuna_Media;3;6;Libre
11895;Sector4_Tribuna_Media;3;7;Libre
11896;Sector4_Tribuna_Media;3;8;Libre
11897;Sector4_Tribuna_Media;3;9;Libre
11898;Sector4_Tribuna_Media;3;10;Libre
11899;Sector4_Tribuna_Media;3;11;Libre
11900;Sector4_Tribuna_Media;3;12;Libre
11901;Sector4_Tribuna_Media;3;13;Libre
11902;Sector4_Tribuna_Media;3;14;Libre
11903;Sector4_Tribuna_Media;3;15;Libre
11904;Sector4_Tribuna_Media;3;16;Libre
11905;Sector4_Tribuna_Media;3;17;Libre
11906;Sector4_Tribuna_Media;3;18;Libre
11907;Sector4_Tribuna_Media;3;19;Libre
11908;Sector4_Tribuna_Media;3;20;Libre
11909;Sector4_Tribuna_Media;2;1;Libre
11910;Sector4_Tribuna_Media;2;2;Libre
11911;Sector4_Tribuna_Media;2;3;Libre
11912;Sector4_Tribuna_Media;2;4;Libre
11913;Sector4_Tribuna_Media;2;5;Libre
11914;Sector4_Tribuna_Media;2;6;Libre
11915;Sector4_Tribuna_Media;2;7;Libre
11916;Sector4_Tribuna_Media;2;8;Libre
11917;Sector4_Tribuna_Media;2;9;Libre
11918;Sector4_Tribuna_Media;2;10;Libre
11919;Sector4_Tribuna_Media;2;11;Libre
11920;Sector4_Tribuna_Media;2;12;Libre
11921;Sector4_Tribuna_Media;2;13;Libre
11922;Sector4_Tribuna_Media;2;14;Libre
11923;Sector4_Tribuna_Media;2;15;Libre
11924;Sector4_Tribuna_Media;2;16;Libre
11925;Sector4_Tribuna_Media;2;17;Libre
11926;Sector4_Tribuna_Media;2;18;Libre
11927;Sector4_Tribuna_Media;2;19;Libre
11928;Sector4_Tribuna_Media;2;20;Libre
11929;Sector4_Tribuna_Media;1;1;Libre
11930;Sector4_Tribuna_Media;1;2;Libre
11931;Sector4_Tribuna_Media;1;3;Libre
11932;Sector4_Tribuna_Media;1;4;Libre
11933;Sector4_Tribuna_Media;1;5;Libre
11934;Sector4_Tribuna_Media;1;6;Libre
11935;Sector4_Tribuna_Media;1;7;Libre
11936;Sector4_Tribuna_Media;1;8;Libre
11937;Sector4_Tribuna_Media;1;9;Libre
11938;Sector4_Tribuna_Media;1;10;Libre
11939;Sector4_Tribuna_Media;1;11;Libre
11940;Sector4_Tribuna_Media;1;12;Libre
11941;Sector4_Tribuna_Media;1;13;Libre
11942;Sector4_Tribuna_Media;1;14;Libre
11943;Sector4_Tribuna_Media;1;15;Libre
11944;Sector4_Tribuna_Media;1;16;Libre
11945;Sector4_Tribuna_Media;1;17;Libre
11946;Sector4_Tribuna_Media;1;18;Libre
11947;Sector4_Tribuna_Media;1;19;Libre
11948;Sector4_Tribuna_Media;1;20;Libre
11949;Sector5_Tribuna_Media;8;1;Libre
11950;Sector5_Tribuna_Media;8;2;Libre
11951;Sector5_Tribuna_Media;8;3;Libre
11952;Sector5_Tribuna_Media;8;4;Libre
11953;Sector5_Tribuna_Media;8;5;Libre
11954;Sector5_Tribuna_Media;8;6;Libre
11955;Sector5_Tribuna_Media;8;7;Libre
11956;Sector5_Tribuna_Media;8;8;Libre
11957;Sector5_Tribuna_Media;8;9;Libre
11958;Sector5_Tribuna_Media;8;10;Libre
11959;Sector5_Tribuna_Media;8;11;Libre
11960;Sector5_Tribuna_Media;8;12;Libre
11961;Sector5_Tribuna_Media;8;13;Libre
11962;Sector5_Tribuna_Media;8;14;Libre
11963;Sector5_Tribuna_Media;8;15;Libre
11964;Sector5_Tribuna_Media;8;16;Libre
11965;Sector5_Tribuna_Media;8;17;Libre
11966;Sector5_Tribuna_Media;8;18;Libre
11967;Sector5_Tribuna_Media;8;19;Libre
11968;Sector5_Tribuna_Media;8;20;Libre
11969;Sector5_Tribuna_Media;7;1;Libre
11970;Sector5_Tribuna_Media;7;2;Libre
11971;Sector5_Tribuna_Media;7;3;Libre
11972;Sector5_Tribuna_Media;7;4;Libre
11973;Sector5_Tribuna_Media;7;5;Libre
11974;Sector5_Tribuna_Media;7;6;Libre
11975;Sector5_Tribuna_Media;7;7;Libre
11976;Sector5_Tribuna_Media;7;8;Libre
11977;Sector5_Tribuna_Media;7;9;Libre
11978;Sector5_Tribuna_Media;7;10;Libre
11979;Sector5_Tribuna_Media;7;11;Libre
11980;Sector5_Tribuna_Media;7;12;Libre
11981;Sector5_Tribuna_Media;7;13;Libre
11982;Sector5_Tribuna_Media;7;14;Libre
11983;Sector5_Tribuna_Media;7;15;Libre
11984;Sector5_Tribuna_Media;7;16;Libre
11985;Sector5_Tribuna_Media;7;17;Libre
11986;Sector5_Tribuna_Media;7;18;Libre
11987;Sector5_Tribuna_Media;7;19;Libre
11988;Sector5_Tribuna_Media;7;20;Libre
11989;Sector5_Tribuna_Media;6;1;Libre
11990;Sector5_Tribuna_Media;6;2;Libre
11991;Sector5_Tribuna_Media;6;3;Libre
11992;Sector5_Tribuna_Media;6;4;Libre
11993;Sector5_Tribuna_Media;6;5;Libre
11994;Sector5_Tribuna_Media;6;6;Libre
11995;Sector5_Tribuna_Media;6;7;Libre
11996;Sector5_Tribuna_Media;6;8;Libre
11997;Sector5_Tribuna_Media;6;9;Libre
11998;Sector5_Tribuna_Media;6;10;Libre
11999;Sector5_Tribuna_Media;6;11;Libre
12000;Sector5_Tribuna_Media;6;12;Libre
12001;Sector5_Tribuna_Media;6;13;Libre
12002;Sector5_Tribuna_Media;6;14;Libre
12003;Sector5_Tribuna_Media;6;15;Libre
12004;Sector5_Tribuna_Media;6;16;Libre
12005;Sector5_Tribuna_Media;6;17;Libre
12006;Sector5_Tribuna_Media;6;18;Libre
12007;Sector5_Tribuna_Media;6;19;Libre
12008;Sector5_Tribuna_Media;6;20;Libre
12009;Sector5_Tribuna_Media;5;1;Libre
12010;Sector5_Tribuna_Media;5;2;Libre
12011;Sector5_Tribuna_Media;5;3;Libre
12012;Sector5_Tribuna_Media;5;4;Libre
12013;Sector5_Tribuna_Media;5;5;Libre
12014;Sector5_Tribuna_Media;5;6;Libre
12015;Sector5_Tribuna_Media;5;7;Libre
12016;Sector5_Tribuna_Media;5;8;Libre
12017;Sector5_Tribuna_Media;5;9;Libre
12018;Sector5_Tribuna_Media;5;10;Libre
12019;Sector5_Tribuna_Media;5;11;Libre
12020;Sector5_Tribuna_Media;5;12;Libre
12021;Sector5_Tribuna_Media;5;13;Libre
12022;Sector5_Tribuna_Media;5;14;Libre
12023;Sector5_Tribuna_Media;5;15;Libre
12024;Sector5_Tribuna_Media;5;16;Libre
12025;Sector5_Tribuna_Media;5;17;Libre
12026;Sector5_Tribuna_Media;5;18;Libre
12027;Sector5_Tribuna_Media;5;19;Libre
12028;Sector5_Tribuna_Media;5;20;Libre
12029;Sector5_Tribuna_Media;4;1;Libre
12030;Sector5_Tribuna_Media;4;2;Libre
12031;Sector5_Tribuna_Media;4;3;Libre
12032;Sector5_Tribuna_Media;4;4;Libre
12033;Sector5_Tribuna_Media;4;5;Libre
12034;Sector5_Tribuna_Media;4;6;Libre
12035;Sector5_Tribuna_Media;4;7;Libre
12036;Sector5_Tribuna_Media;4;8;Libre
12037;Sector5_Tribuna_Media;4;9;Libre
12038;Sector5_Tribuna_Media;4;10;Libre
12039;Sector5_Tribuna_Media;4;11;Libre
12040;Sector5_Tribuna_Media;4;12;Libre
12041;Sector5_Tribuna_Media;4;13;Libre
12042;Sector5_Tribuna_Media;4;14;Libre
12043;Sector5_Tribuna_Media;4;15;Libre
12044;Sector5_Tribuna_Media;4;16;Libre
12045;Sector5_Tribuna_Media;4;17;Libre
12046;Sector5_Tribuna_Media;4;18;Libre
12047;Sector5_Tribuna_Media;4;19;Libre
12048;Sector5_Tribuna_Media;4;20;Libre
12049;Sector5_Tribuna_Media;3;1;Libre
12050;Sector5_Tribuna_Media;3;2;Libre
12051;Sector5_Tribuna_Media;3;3;Libre
12052;Sector5_Tribuna_Media;3;4;Libre
12053;Sector5_Tribuna_Media;3;5;Libre
12054;Sector5_Tribuna_Media;3;6;Libre
12055;Sector5_Tribuna_Media;3;7;Libre
12056;Sector5_Tribuna_Media;3;8;Libre
12057;Sector5_Tribuna_Media;3;9;Libre
12058;Sector5_Tribuna_Media;3;10;Libre
12059;Sector5_Tribuna_Media;3;11;Libre
12060;Sector5_Tribuna_Media;3;12;Libre
12061;Sector5_Tribuna_Media;3;13;Libre
12062;Sector5_Tribuna_Media;3;14;Libre
12063;Sector5_Tribuna_Media;3;15;Libre
12064;Sector5_Tribuna_Media;3;16;Libre
12065;Sector5_Tribuna_Media;3;17;Libre
12066;Sector5_Tribuna_Media;3;18;Libre
12067;Sector5_Tribuna_Media;3;19;Libre
12068;Sector5_Tribuna_Media;3;20;Libre
12069;Sector5_Tribuna_Media;2;1;Libre
12070;Sector5_Tribuna_Media;2;2;Libre
12071;Sector5_Tribuna_Media;2;3;Libre
12072;Sector5_Tribuna_Media;2;4;Libre
12073;Sector5_Tribuna_Media;2;5;Libre
12074;Sector5_Tribuna_Media;2;6;Libre
12075;Sector5_Tribuna_Media;2;7;Libre
12076;Sector5_Tribuna_Media;2;8;Libre
12077;Sector5_Tribuna_Media;2;9;Libre
12078;Sector5_Tribuna_Media;2;10;Libre
12079;Sector5_Tribuna_Media;2;11;Libre
12080;Sector5_Tribuna_Media;2;12;Libre
12081;Sector5_Tribuna_Media;2;13;Libre
12082;Sector5_Tribuna_Media;2;14;Libre
12083;Sector5_Tribuna_Media;2;15;Libre
12084;Sector5_Tribuna_Media;2;16;Libre
12085;Sector5_Tribuna_Media;2;17;Libre
12086;Sector5_Tribuna_Media;2;18;Libre
12087;Sector5_Tribuna_Media;2;19;Libre
12088;Sector5_Tribuna_Media;2;20;Libre
12089;Sector5_Tribuna_Media;1;1;Libre
12090;Sector5_Tribuna_Media;1;2;Libre
12091;Sector5_Tribuna_Media;1;3;Libre
12092;Sector5_Tribuna_Media;1;4;Libre
12093;Sector5_Tribuna_Media;1;5;Libre
12094;Sector5_Tribuna_Media;1;6;Libre
12095;Sector5_Tribuna_Media;1;7;Libre
12096;Sector5_Tribuna_Media;1;8;Libre
12097;Sector5_Tribuna_Media;1;9;Libre
12098;Sector5_Tribuna_Media;1;10;Libre
12099;Sector5_Tribuna_Media;1;11;Libre
12100;Sector5_Tribuna_Media;1;12;Libre
12101;Sector5_Tribuna_Media;1;13;Libre
12102;Sector5_Tribuna_Media;1;14;Libre
12103;Sector5_Tribuna_Media;1;15;Libre
12104;Sector5_Tribuna_Media;1;16;Libre
12105;Sector5_Tribuna_Media;1;17;Libre
12106;Sector5_Tribuna_Media;1;18;Libre
12107;Sector5_Tribuna_Media;1;19;Libre
12108;Sector5_Tribuna_Media;1;20;Libre
12109;Sector6_Tribuna_Media;8;1;Libre
12110;Sector6_Tribuna_Media;8;2;Libre
12111;Sector6_Tribuna_Media;8;3;Libre
12112;Sector6_Tribuna_Media;8;4;Libre
12113;Sector6_Tribuna_Media;8;5;Libre
12114;Sector6_Tribuna_Media;8;6;Libre
12115;Sector6_Tribuna_Media;8;7;Libre
12116;Sector6_Tribuna_Media;8;8;Libre
12117;Sector6_Tribuna_Media;8;9;Libre
12118;Sector6_Tribuna_Media;8;10;Libre
12119;Sector6_Tribuna_Media;8;11;Libre
12120;Sector6_Tribuna_Media;8;12;Libre
12121;Sector6_Tribuna_Media;8;13;Libre
12122;Sector6_Tribuna_Media;8;14;Libre
12123;Sector6_Tribuna_Media;8;15;Libre
12124;Sector6_Tribuna_Media;8;16;Libre
12125;Sector6_Tribuna_Media;8;17;Libre
12126;Sector6_Tribuna_Media;8;18;Libre
12127;Sector6_Tribuna_Media;8;19;Libre
12128;Sector6_Tribuna_Media;8;20;Libre
12129;Sector6_Tribuna_Media;7;1;Libre
12130;Sector6_Tribuna_Media;7;2;Libre
12131;Sector6_Tribuna_Media;7;3;Libre
12132;Sector6_Tribuna_Media;7;4;Libre
12133;Sector6_Tribuna_Media;7;5;Libre
12134;Sector6_Tribuna_Media;7;6;Libre
12135;Sector6_Tribuna_Media;7;7;Libre
12136;Sector6_Tribuna_Media;7;8;Libre
12137;Sector6_Tribuna_Media;7;9;Libre
12138;Sector6_Tribuna_Media;7;10;Libre
12139;Sector6_Tribuna_Media;7;11;Libre
12140;Sector6_Tribuna_Media;7;12;Libre
12141;Sector6_Tribuna_Media;7;13;Libre
12142;Sector6_Tribuna_Media;7;14;Libre
12143;Sector6_Tribuna_Media;7;15;Libre
12144;Sector6_Tribuna_Media;7;16;Libre
12145;Sector6_Tribuna_Media;7;17;Libre
12146;Sector6_Tribuna_Media;7;18;Libre
12147;Sector6_Tribuna_Media;7;19;Libre
12148;Sector6_Tribuna_Media;7;20;Libre
12149;Sector6_Tribuna_Media;6;1;Libre
12150;Sector6_Tribuna_Media;6;2;Libre
12151;Sector6_Tribuna_Media;6;3;Libre
12152;Sector6_Tribuna_Media;6;4;Libre
12153;Sector6_Tribuna_Media;6;5;Libre
12154;Sector6_Tribuna_Media;6;6;Libre
12155;Sector6_Tribuna_Media;6;7;Libre
12156;Sector6_Tribuna_Media;6;8;Libre
12157;Sector6_Tribuna_Media;6;9;Libre
12158;Sector6_Tribuna_Media;6;10;Libre
12159;Sector6_Tribuna_Media;6;11;Libre
12160;Sector6_Tribuna_Media;6;12;Libre
12161;Sector6_Tribuna_Media;6;13;Libre
12162;Sector6_Tribuna_Media;6;14;Libre
12163;Sector6_Tribuna_Media;6;15;Libre
12164;Sector6_Tribuna_Media;6;16;Libre
12165;Sector6_Tribuna_Media;6;17;Libre
12166;Sector6_Tribuna_Media;6;18;Libre
12167;Sector6_Tribuna_Media;6;19;Libre
12168;Sector6_Tribuna_Media;6;20;Libre
12169;Sector6_Tribuna_Media;5;1;Libre
12170;Sector6_Tribuna_Media;5;2;Libre
12171;Sector6_Tribuna_Media;5;3;Libre
12172;Sector6_Tribuna_Media;5;4;Libre
12173;Sector6_Tribuna_Media;5;5;Libre
12174;Sector6_Tribuna_Media;5;6;Libre
12175;Sector6_Tribuna_Media;5;7;Libre
12176;Sector6_Tribuna_Media;5;8;Libre
12177;Sector6_Tribuna_Media;5;9;Libre
12178;Sector6_Tribuna_Media;5;10;Libre
12179;Sector6_Tribuna_Media;5;11;Libre
12180;Sector6_Tribuna_Media;5;12;Libre
12181;Sector6_Tribuna_Media;5;13;Libre
12182;Sector6_Tribuna_Media;5;14;Libre
12183;Sector6_Tribuna_Media;5;15;Libre
12184;Sector6_Tribuna_Media;5;16;Libre
12185;Sector6_Tribuna_Media;5;17;Libre
12186;Sector6_Tribuna_Media;5;18;Libre
12187;Sector6_Tribuna_Media;5;19;Libre
12188;Sector6_Tribuna_Media;5;20;Libre
12189;Sector6_Tribuna_Media;4;1;Libre
12190;Sector6_Tribuna_Media;4;2;Libre
12191;Sector6_Tribuna_Media;4;3;Libre
12192;Sector6_Tribuna_Media;4;4;Libre
12193;Sector6_Tribuna_Media;4;5;Libre
12194;Sector6_Tribuna_Media;4;6;Libre
12195;Sector6_Tribuna_Media;4;7;Libre
12196;Sector6_Tribuna_Media;4;8;Libre
12197;Sector6_Tribuna_Media;4;9;Libre
12198;Sector6_Tribuna_Media;4;10;Libre
12199;Sector6_Tribuna_Media;4;11;Libre
12200;Sector6_Tribuna_Media;4;12;Libre
12201;Sector6_Tribuna_Media;4;13;Libre
12202;Sector6_Tribuna_Media;4;14;Libre
12203;Sector6_Tribuna_Media;4;15;Libre
12204;Sector6_Tribuna_Media;4;16;Libre
12205;Sector6_Tribuna_Media;4;17;Libre
12206;Sector6_Tribuna_Media;4;18;Libre
12207;Sector6_Tribuna_Media;4;19;Libre
12208;Sector6_Tribuna_Media;4;20;Libre
12209;Sector6_Tribuna_Media;3;1;Libre
12210;Sector6_Tribuna_Media;3;2;Libre
12211;Sector6_Tribuna_Media;3;3;Libre
12212;Sector6_Tribuna_Media;3;4;Libre
12213;Sector6_Tribuna_Media;3;5;Libre
12214;Sector6_Tribuna_Media;3;6;Libre
12215;Sector6_Tribuna_Media;3;7;Libre
12216;Sector6_Tribuna_Media;3;8;Libre
12217;Sector6_Tribuna_Media;3;9;Libre
12218;Sector6_Tribuna_Media;3;10;Libre
12219;Sector6_Tribuna_Media;3;11;Libre
12220;Sector6_Tribuna_Media;3;12;Libre
12221;Sector6_Tribuna_Media;3;13;Libre
12222;Sector6_Tribuna_Media;3;14;Libre
12223;Sector6_Tribuna_Media;3;15;Libre
12224;Sector6_Tribuna_Media;3;16;Libre
12225;Sector6_Tribuna_Media;3;17;Libre
12226;Sector6_Tribuna_Media;3;18;Libre
12227;Sector6_Tribuna_Media;3;19;Libre
12228;Sector6_Tribuna_Media;3;20;Libre
12229;Sector6_Tribuna_Media;2;1;Libre
12230;Sector6_Tribuna_Media;2;2;Libre
12231;Sector6_Tribuna_Media;2;3;Libre
12232;Sector6_Tribuna_Media;2;4;Libre
12233;Sector6_Tribuna_Media;2;5;Libre
12234;Sector6_Tribuna_Media;2;6;Libre
12235;Sector6_Tribuna_Media;2;7;Libre
12236;Sector6_Tribuna_Media;2;8;Libre
12237;Sector6_Tribuna_Media;2;9;Libre
12238;Sector6_Tribuna_Media;2;10;Libre
12239;Sector6_Tribuna_Media;2;11;Libre
12240;Sector6_Tribuna_Media;2;12;Libre
12241;Sector6_Tribuna_Media;2;13;Libre
12242;Sector6_Tribuna_Media;2;14;Libre
12243;Sector6_Tribuna_Media;2;15;Libre
12244;Sector6_Tribuna_Media;2;16;Libre
12245;Sector6_Tribuna_Media;2;17;Libre
12246;Sector6_Tribuna_Media;2;18;Libre
12247;Sector6_Tribuna_Media;2;19;Libre
12248;Sector6_Tribuna_Media;2;20;Libre
12249;Sector6_Tribuna_Media;1;1;Libre
12250;Sector6_Tribuna_Media;1;2;Libre
12251;Sector6_Tribuna_Media;1;3;Libre
12252;Sector6_Tribuna_Media;1;4;Libre
12253;Sector6_Tribuna_Media;1;5;Libre
12254;Sector6_Tribuna_Media;1;6;Libre
12255;Sector6_Tribuna_Media;1;7;Libre
12256;Sector6_Tribuna_Media;1;8;Libre
12257;Sector6_Tribuna_Media;1;9;Libre
12258;Sector6_Tribuna_Media;1;10;Libre
12259;Sector6_Tribuna_Media;1;11;Libre
12260;Sector6_Tribuna_Media;1;12;Libre
12261;Sector6_Tribuna_Media;1;13;Libre
12262;Sector6_Tribuna_Media;1;14;Libre
12263;Sector6_Tribuna_Media;1;15;Libre
12264;Sector6_Tribuna_Media;1;16;Libre
12265;Sector6_Tribuna_Media;1;17;Libre
12266;Sector6_Tribuna_Media;1;18;Libre
12267;Sector6_Tribuna_Media;1;19;Libre
12268;Sector6_Tribuna_Media;1;20;Libre
12269;Sector7_Tribuna_Media;8;1;Libre
12270;Sector7_Tribuna_Media;8;2;Libre
12271;Sector7_Tribuna_Media;8;3;Libre
12272;Sector7_Tribuna_Media;8;4;Libre
12273;Sector7_Tribuna_Media;8;5;Libre
12274;Sector7_Tribuna_Media;8;6;Libre
12275;Sector7_Tribuna_Media;8;7;Libre
12276;Sector7_Tribuna_Media;8;8;Libre
12277;Sector7_Tribuna_Media;8;9;Libre
12278;Sector7_Tribuna_Media;8;10;Libre
12279;Sector7_Tribuna_Media;8;11;Libre
12280;Sector7_Tribuna_Media;8;12;Libre
12281;Sector7_Tribuna_Media;8;13;Libre
12282;Sector7_Tribuna_Media;8;14;Libre
12283;Sector7_Tribuna_Media;8;15;Libre
12284;Sector7_Tribuna_Media;8;16;Libre
12285;Sector7_Tribuna_Media;8;17;Libre
12286;Sector7_Tribuna_Media;8;18;Libre
12287;Sector7_Tribuna_Media;8;19;Libre
12288;Sector7_Tribuna_Media;8;20;Libre
12289;Sector7_Tribuna_Media;7;1;Libre
12290;Sector7_Tribuna_Media;7;2;Libre
12291;Sector7_Tribuna_Media;7;3;Libre
12292;Sector7_Tribuna_Media;7;4;Libre
12293;Sector7_Tribuna_Media;7;5;Libre
12294;Sector7_Tribuna_Media;7;6;Libre
12295;Sector7_Tribuna_Media;7;7;Libre
12296;Sector7_Tribuna_Media;7;8;Libre
12297;Sector7_Tribuna_Media;7;9;Libre
12298;Sector7_Tribuna_Media;7;10;Libre
12299;Sector7_Tribuna_Media;7;11;Libre
12300;Sector7_Tribuna_Media;7;12;Libre
12301;Sector7_Tribuna_Media;7;13;Libre
12302;Sector7_Tribuna_Media;7;14;Libre
12303;Sector7_Tribuna_Media;7;15;Libre
12304;Sector7_Tribuna_Media;7;16;Libre
12305;Sector7_Tribuna_Media;7;17;Libre
12306;Sector7_Tribuna_Media;7;18;Libre
12307;Sector7_Tribuna_Media;7;19;Libre
12308;Sector7_Tribuna_Media;7;20;Libre
12309;Sector7_Tribuna_Media;6;1;Libre
12310;Sector7_Tribuna_Media;6;2;Libre
12311;Sector7_Tribuna_Media;6;3;Libre
12312;Sector7_Tribuna_Media;6;4;Libre
12313;Sector7_Tribuna_Media;6;5;Libre
12314;Sector7_Tribuna_Media;6;6;Libre
12315;Sector7_Tribuna_Media;6;7;Libre
12316;Sector7_Tribuna_Media;6;8;Libre
12317;Sector7_Tribuna_Media;6;9;Libre
12318;Sector7_Tribuna_Media;6;10;Libre
12319;Sector7_Tribuna_Media;6;11;Libre
12320;Sector7_Tribuna_Media;6;12;Libre
12321;Sector7_Tribuna_Media;6;13;Libre
12322;Sector7_Tribuna_Media;6;14;Libre
12323;Sector7_Tribuna_Media;6;15;Libre
12324;Sector7_Tribuna_Media;6;16;Libre
12325;Sector7_Tribuna_Media;6;17;Libre
12326;Sector7_Tribuna_Media;6;18;Libre
12327;Sector7_Tribuna_Media;6;19;Libre
12328;Sector7_Tribuna_Media;6;20;Libre
12329;Sector7_Tribuna_Media;5;1;Libre
12330;Sector7_Tribuna_Media;5;2;Libre
12331;Sector7_Tribuna_Media;5;3;Libre
12332;Sector7_Tribuna_Media;5;4;Libre
12333;Sector7_Tribuna_Media;5;5;Libre
12334;Sector7_Tribuna_Media;5;6;Libre
12335;Sector7_Tribuna_Media;5;7;Libre
12336;Sector7_Tribuna_Media;5;8;Libre
12337;Sector7_Tribuna_Media;5;9;Libre
12338;Sector7_Tribuna_Media;5;10;Libre
12339;Sector7_Tribuna_Media;5;11;Libre
12340;Sector7_Tribuna_Media;5;12;Libre
12341;Sector7_Tribuna_Media;5;13;Libre
12342;Sector7_Tribuna_Media;5;14;Libre
12343;Sector7_Tribuna_Media;5;15;Libre
12344;Sector7_Tribuna_Media;5;16;Libre
12345;Sector7_Tribuna_Media;5;17;Libre
12346;Sector7_Tribuna_Media;5;18;Libre
12347;Sector7_Tribuna_Media;5;19;Libre
12348;Sector7_Tribuna_Media;5;20;Libre
12349;Sector7_Tribuna_Media;4;1;Libre
12350;Sector7_Tribuna_Media;4;2;Libre
12351;Sector7_Tribuna_Media;4;3;Libre
12352;Sector7_Tribuna_Media;4;4;Libre
12353;Sector7_Tribuna_Media;4;5;Libre
12354;Sector7_Tribuna_Media;4;6;Libre
12355;Sector7_Tribuna_Media;4;7;Libre
12356;Sector7_Tribuna_Media;4;8;Libre
12357;Sector7_Tribuna_Media;4;9;Libre
12358;Sector7_Tribuna_Media;4;10;Libre
12359;Sector7_Tribuna_Media;4;11;Libre
12360;Sector7_Tribuna_Media;4;12;Libre
12361;Sector7_Tribuna_Media;4;13;Libre
12362;Sector7_Tribuna_Media;4;14;Libre
12363;Sector7_Tribuna_Media;4;15;Libre
12364;Sector7_Tribuna_Media;4;16;Libre
12365;Sector7_Tribuna_Media;4;17;Libre
12366;Sector7_Tribuna_Media;4;18;Libre
12367;Sector7_Tribuna_Media;4;19;Libre
12368;Sector7_Tribuna_Media;4;20;Libre
12369;Sector7_Tribuna_Media;3;1;Libre
12370;Sector7_Tribuna_Media;3;2;Libre
12371;Sector7_Tribuna_Media;3;3;Libre
12372;Sector7_Tribuna_Media;3;4;Libre
12373;Sector7_Tribuna_Media;3;5;Libre
12374;Sector7_Tribuna_Media;3;6;Libre
12375;Sector7_Tribuna_Media;3;7;Libre
12376;Sector7_Tribuna_Media;3;8;Libre
12377;Sector7_Tribuna_Media;3;9;Libre
12378;Sector7_Tribuna_Media;3;10;Libre
12379;Sector7_Tribuna_Media;3;11;Libre
12380;Sector7_Tribuna_Media;3;12;Libre
12381;Sector7_Tribuna_Media;3;13;Libre
12382;Sector7_Tribuna_Media;3;14;Libre
12383;Sector7_Tribuna_Media;3;15;Libre
12384;Sector7_Tribuna_Media;3;16;Libre
12385;Sector7_Tribuna_Media;3;17;Libre
12386;Sector7_Tribuna_Media;3;18;Libre
12387;Sector7_Tribuna_Media;3;19;Libre
12388;Sector7_Tribuna_Media;3;20;Libre
12389;Sector7_Tribuna_Media;2;1;Libre
12390;Sector7_Tribuna_Media;2;2;Libre
12391;Sector7_Tribuna_Media;2;3;Libre
12392;Sector7_Tribuna_Media;2;4;Libre
12393;Sector7_Tribuna_Media;2;5;Libre
12394;Sector7_Tribuna_Media;2;6;Libre
12395;Sector7_Tribuna_Media;2;7;Libre
12396;Sector7_Tribuna_Media;2;8;Libre
12397;Sector7_Tribuna_Media;2;9;Libre
12398;Sector7_Tribuna_Media;2;10;Libre
12399;Sector7_Tribuna_Media;2;11;Libre
12400;Sector7_Tribuna_Media;2;12;Libre
12401;Sector7_Tribuna_Media;2;13;Libre
12402;Sector7_Tribuna_Media;2;14;Libre
12403;Sector7_Tribuna_Media;2;15;Libre
12404;Sector7_Tribuna_Media;2;16;Libre
12405;Sector7_Tribuna_Media;2;17;Libre
12406;Sector7_Tribuna_Media;2;18;Libre
12407;Sector7_Tribuna_Media;2;19;Libre
12408;Sector7_Tribuna_Media;2;20;Libre
12409;Sector7_Tribuna_Media;1;1;Libre
12410;Sector7_Tribuna_Media;1;2;Libre
12411;Sector7_Tribuna_Media;1;3;Libre
12412;Sector7_Tribuna_Media;1;4;Libre
12413;Sector7_Tribuna_Media;1;5;Libre
12414;Sector7_Tribuna_Media;1;6;Libre
12415;Sector7_Tribuna_Media;1;7;Libre
12416;Sector7_Tribuna_Media;1;8;Libre
12417;Sector7_Tribuna_Media;1;9;Libre
12418;Sector7_Tribuna_Media;1;10;Libre
12419;Sector7_Tribuna_Media;1;11;Libre
12420;Sector7_Tribuna_Media;1;12;Libre
12421;Sector7_Tribuna_Media;1;13;Libre
12422;Sector7_Tribuna_Media;1;14;Libre
12423;Sector7_Tribuna_Media;1;15;Libre
12424;Sector7_Tribuna_Media;1;16;Libre
12425;Sector7_Tribuna_Media;1;17;Libre
12426;Sector7_Tribuna_Media;1;18;Libre
12427;Sector7_Tribuna_Media;1;19;Libre
12428;Sector7_Tribuna_Media;1;20;Libre
12429;Sector8_Tribuna_Media;8;1;Libre
12430;Sector8_Tribuna_Media;8;2;Libre
12431;Sector8_Tribuna_Media;8;3;Libre
12432;Sector8_Tribuna_Media;8;4;Libre
12433;Sector8_Tribuna_Media;8;5;Libre
12434;Sector8_Tribuna_Media;8;6;Libre
12435;Sector8_Tribuna_Media;8;7;Libre
12436;Sector8_Tribuna_Media;8;8;Libre
12437;Sector8_Tribuna_Media;8;9;Libre
12438;Sector8_Tribuna_Media;8;10;Libre
12439;Sector8_Tribuna_Media;8;11;Libre
12440;Sector8_Tribuna_Media;8;12;Libre
12441;Sector8_Tribuna_Media;8;13;Libre
12442;Sector8_Tribuna_Media;8;14;Libre
12443;Sector8_Tribuna_Media;8;15;Libre
12444;Sector8_Tribuna_Media;8;16;Libre
12445;Sector8_Tribuna_Media;8;17;Libre
12446;Sector8_Tribuna_Media;8;18;Libre
12447;Sector8_Tribuna_Media;8;19;Libre
12448;Sector8_Tribuna_Media;8;20;Libre
12449;Sector8_Tribuna_Media;7;1;Libre
12450;Sector8_Tribuna_Media;7;2;Libre
12451;Sector8_Tribuna_Media;7;3;Libre
12452;Sector8_Tribuna_Media;7;4;Libre
12453;Sector8_Tribuna_Media;7;5;Libre
12454;Sector8_Tribuna_Media;7;6;Libre
12455;Sector8_Tribuna_Media;7;7;Libre
12456;Sector8_Tribuna_Media;7;8;Libre
12457;Sector8_Tribuna_Media;7;9;Libre
12458;Sector8_Tribuna_Media;7;10;Libre
12459;Sector8_Tribuna_Media;7;11;Libre
12460;Sector8_Tribuna_Media;7;12;Libre
12461;Sector8_Tribuna_Media;7;13;Libre
12462;Sector8_Tribuna_Media;7;14;Libre
12463;Sector8_Tribuna_Media;7;15;Libre
12464;Sector8_Tribuna_Media;7;16;Libre
12465;Sector8_Tribuna_Media;7;17;Libre
12466;Sector8_Tribuna_Media;7;18;Libre
12467;Sector8_Tribuna_Media;7;19;Libre
12468;Sector8_Tribuna_Media;7;20;Libre
12469;Sector8_Tribuna_Media;6;1;Libre
12470;Sector8_Tribuna_Media;6;2;Libre
12471;Sector8_Tribuna_Media;6;3;Libre
12472;Sector8_Tribuna_Media;6;4;Libre
12473;Sector8_Tribuna_Media;6;5;Libre
12474;Sector8_Tribuna_Media;6;6;Libre
12475;Sector8_Tribuna_Media;6;7;Libre
12476;Sector8_Tribuna_Media;6;8;Libre
12477;Sector8_Tribuna_Media;6;9;Libre
12478;Sector8_Tribuna_Media;6;10;Libre
12479;Sector8_Tribuna_Media;6;11;Libre
12480;Sector8_Tribuna_Media;6;12;Libre
12481;Sector8_Tribuna_Media;6;13;Libre
12482;Sector8_Tribuna_Media;6;14;Libre
12483;Sector8_Tribuna_Media;6;15;Libre
12484;Sector8_Tribuna_Media;6;16;Libre
12485;Sector8_Tribuna_Media;6;17;Libre
12486;Sector8_Tribuna_Media;6;18;Libre
12487;Sector8_Tribuna_Media;6;19;Libre
12488;Sector8_Tribuna_Media;6;20;Libre
12489;Sector8_Tribuna_Media;5;1;Libre
12490;Sector8_Tribuna_Media;5;2;Libre
12491;Sector8_Tribuna_Media;5;3;Libre
12492;Sector8_Tribuna_Media;5;4;Libre
12493;Sector8_Tribuna_Media;5;5;Libre
12494;Sector8_Tribuna_Media;5;6;Libre
12495;Sector8_Tribuna_Media;5;7;Libre
12496;Sector8_Tribuna_Media;5;8;Libre
12497;Sector8_Tribuna_Media;5;9;Libre
12498;Sector8_Tribuna_Media;5;10;Libre
12499;Sector8_Tribuna_Media;5;11;Libre
12500;Sector8_Tribuna_Media;5;12;Libre
12501;Sector8_Tribuna_Media;5;13;Libre
12502;Sector8_Tribuna_Media;5;14;Libre
12503;Sector8_Tribuna_Media;5;15;Libre
12504;Sector8_Tribuna_Media;5;16;Libre
12505;Sector8_Tribuna_Media;5;17;Libre
12506;Sector8_Tribuna_Media;5;18;Libre
12507;Sector8_Tribuna_Media;5;19;Libre
12508;Sector8_Tribuna_Media;5;20;Libre
12509;Sector8_Tribuna_Media;4;1;Libre
12510;Sector8_Tribuna_Media;4;2;Libre
12511;Sector8_Tribuna_Media;4;3;Libre
12512;Sector8_Tribuna_Media;4;4;Libre
12513;Sector8_Tribuna_Media;4;5;Libre
12514;Sector8_Tribuna_Media;4;6;Libre
12515;Sector8_Tribuna_Media;4;7;Libre
12516;Sector8_Tribuna_Media;4;8;Libre
12517;Sector8_Tribuna_Media;4;9;Libre
12518;Sector8_Tribuna_Media;4;10;Libre
12519;Sector8_Tribuna_Media;4;11;Libre
12520;Sector8_Tribuna_Media;4;12;Libre
12521;Sector8_Tribuna_Media;4;13;Libre
12522;Sector8_Tribuna_Media;4;14;Libre
12523;Sector8_Tribuna_Media;4;15;Libre
12524;Sector8_Tribuna_Media;4;16;Libre
12525;Sector8_Tribuna_Media;4;17;Libre
12526;Sector8_Tribuna_Media;4;18;Libre
12527;Sector8_Tribuna_Media;4;19;Libre
12528;Sector8_Tribuna_Media;4;20;Libre
12529;Sector8_Tribuna_Media;3;1;Libre
12530;Sector8_Tribuna_Media;3;2;Libre
12531;Sector8_Tribuna_Media;3;3;Libre
12532;Sector8_Tribuna_Media;3;4;Libre
12533;Sector8_Tribuna_Media;3;5;Libre
12534;Sector8_Tribuna_Media;3;6;Libre
12535;Sector8_Tribuna_Media;3;7;Libre
12536;Sector8_Tribuna_Media;3;8;Libre
12537;Sector8_Tribuna_Media;3;9;Libre
12538;Sector8_Tribuna_Media;3;10;Libre
12539;Sector8_Tribuna_Media;3;11;Libre
12540;Sector8_Tribuna_Media;3;12;Libre
12541;Sector8_Tribuna_Media;3;13;Libre
12542;Sector8_Tribuna_Media;3;14;Libre
12543;Sector8_Tribuna_Media;3;15;Libre
12544;Sector8_Tribuna_Media;3;16;Libre
12545;Sector8_Tribuna_Media;3;17;Libre
12546;Sector8_Tribuna_Media;3;18;Libre
12547;Sector8_Tribuna_Media;3;19;Libre
12548;Sector8_Tribuna_Media;3;20;Libre
12549;Sector8_Tribuna_Media;2;1;Libre
12550;Sector8_Tribuna_Media;2;2;Libre
12551;Sector8_Tribuna_Media;2;3;Libre
12552;Sector8_Tribuna_Media;2;4;Libre
12553;Sector8_Tribuna_Media;2;5;Libre
12554;Sector8_Tribuna_Media;2;6;Libre
12555;Sector8_Tribuna_Media;2;7;Libre
12556;Sector8_Tribuna_Media;2;8;Libre
12557;Sector8_Tribuna_Media;2;9;Libre
12558;Sector8_Tribuna_Media;2;10;Libre
12559;Sector8_Tribuna_Media;2;11;Libre
12560;Sector8_Tribuna_Media;2;12;Libre
12561;Sector8_Tribuna_Media;2;13;Libre
12562;Sector8_Tribuna_Media;2;14;Libre
12563;Sector8_Tribuna_Media;2;15;Libre
12564;Sector8_Tribuna_Media;2;16;Libre
12565;Sector8_Tribuna_Media;2;17;Libre
12566;Sector8_Tribuna_Media;2;18;Libre
12567;Sector8_Tribuna_Media;2;19;Libre
12568;Sector8_Tribuna_Media;2;20;Libre
12569;Sector8_Tribuna_Media;1;1;Libre
12570;Sector8_Tribuna_Media;1;2;Libre
12571;Sector8_Tribuna_Media;1;3;Libre
12572;Sector8_Tribuna_Media;1;4;Libre
12573;Sector8_Tribuna_Media;1;5;Libre
12574;Sector8_Tribuna_Media;1;6;Libre
12575;Sector8_Tribuna_Media;1;7;Libre
12576;Sector8_Tribuna_Media;1;8;Libre
12577;Sector8_Tribuna_Media;1;9;Libre
12578;Sector8_Tribuna_Media;1;10;Libre
12579;Sector8_Tribuna_Media;1;11;Libre
12580;Sector8_Tribuna_Media;1;12;Libre
12581;Sector8_Tribuna_Media;1;13;Libre
12582;Sector8_Tribuna_Media;1;14;Libre
12583;Sector8_Tribuna_Media;1;15;Libre
12584;Sector8_Tribuna_Media;1;16;Libre
12585;Sector8_Tribuna_Media;1;17;Libre
12586;Sector8_Tribuna_Media;1;18;Libre
12587;Sector8_Tribuna_Media;1;19;Libre
12588;Sector8_Tribuna_Media;1;20;Libre
12589;Sector9_Tribuna_Media;8;1;Libre
12590;Sector9_Tribuna_Media;8;2;Libre
12591;Sector9_Tribuna_Media;8;3;Libre
12592;Sector9_Tribuna_Media;8;4;Libre
12593;Sector9_Tribuna_Media;8;5;Libre
12594;Sector9_Tribuna_Media;8;6;Libre
12595;Sector9_Tribuna_Media;8;7;Libre
12596;Sector9_Tribuna_Media;8;8;Libre
12597;Sector9_Tribuna_Media;8;9;Libre
12598;Sector9_Tribuna_Media;8;10;Libre
12599;Sector9_Tribuna_Media;8;11;Libre
12600;Sector9_Tribuna_Media;8;12;Libre
12601;Sector9_Tribuna_Media;8;13;Libre
12602;Sector9_Tribuna_Media;8;14;Libre
12603;Sector9_Tribuna_Media;8;15;Libre
12604;Sector9_Tribuna_Media;8;16;Libre
12605;Sector9_Tribuna_Media;8;17;Libre
12606;Sector9_Tribuna_Media;8;18;Libre
12607;Sector9_Tribuna_Media;8;19;Libre
12608;Sector9_Tribuna_Media;8;20;Libre
12609;Sector9_Tribuna_Media;7;1;Libre
12610;Sector9_Tribuna_Media;7;2;Libre
12611;Sector9_Tribuna_Media;7;3;Libre
12612;Sector9_Tribuna_Media;7;4;Libre
12613;Sector9_Tribuna_Media;7;5;Libre
12614;Sector9_Tribuna_Media;7;6;Libre
12615;Sector9_Tribuna_Media;7;7;Libre
12616;Sector9_Tribuna_Media;7;8;Libre
12617;Sector9_Tribuna_Media;7;9;Libre
12618;Sector9_Tribuna_Media;7;10;Libre
12619;Sector9_Tribuna_Media;7;11;Libre
12620;Sector9_Tribuna_Media;7;12;Libre
12621;Sector9_Tribuna_Media;7;13;Libre
12622;Sector9_Tribuna_Media;7;14;Libre
12623;Sector9_Tribuna_Media;7;15;Libre
12624;Sector9_Tribuna_Media;7;16;Libre
12625;Sector9_Tribuna_Media;7;17;Libre
12626;Sector9_Tribuna_Media;7;18;Libre
12627;Sector9_Tribuna_Media;7;19;Libre
12628;Sector9_Tribuna_Media;7;20;Libre
12629;Sector9_Tribuna_Media;6;1;Libre
12630;Sector9_Tribuna_Media;6;2;Libre
12631;Sector9_Tribuna_Media;6;3;Libre
12632;Sector9_Tribuna_Media;6;4;Libre
12633;Sector9_Tribuna_Media;6;5;Libre
12634;Sector9_Tribuna_Media;6;6;Libre
12635;Sector9_Tribuna_Media;6;7;Libre
12636;Sector9_Tribuna_Media;6;8;Libre
12637;Sector9_Tribuna_Media;6;9;Libre
12638;Sector9_Tribuna_Media;6;10;Libre
12639;Sector9_Tribuna_Media;6;11;Libre
12640;Sector9_Tribuna_Media;6;12;Libre
12641;Sector9_Tribuna_Media;6;13;Libre
12642;Sector9_Tribuna_Media;6;14;Libre
12643;Sector9_Tribuna_Media;6;15;Libre
12644;Sector9_Tribuna_Media;6;16;Libre
12645;Sector9_Tribuna_Media;6;17;Libre
12646;Sector9_Tribuna_Media;6;18;Libre
12647;Sector9_Tribuna_Media;6;19;Libre
12648;Sector9_Tribuna_Media;6;20;Libre
12649;Sector9_Tribuna_Media;5;1;Libre
12650;Sector9_Tribuna_Media;5;2;Libre
12651;Sector9_Tribuna_Media;5;3;Libre
12652;Sector9_Tribuna_Media;5;4;Libre
12653;Sector9_Tribuna_Media;5;5;Libre
12654;Sector9_Tribuna_Media;5;6;Libre
12655;Sector9_Tribuna_Media;5;7;Libre
12656;Sector9_Tribuna_Media;5;8;Libre
12657;Sector9_Tribuna_Media;5;9;Libre
12658;Sector9_Tribuna_Media;5;10;Libre
12659;Sector9_Tribuna_Media;5;11;Libre
12660;Sector9_Tribuna_Media;5;12;Libre
12661;Sector9_Tribuna_Media;5;13;Libre
12662;Sector9_Tribuna_Media;5;14;Libre
12663;Sector9_Tribuna_Media;5;15;Libre
12664;Sector9_Tribuna_Media;5;16;Libre
12665;Sector9_Tribuna_Media;5;17;Libre
12666;Sector9_Tribuna_Media;5;18;Libre
12667;Sector9_Tribuna_Media;5;19;Libre
12668;Sector9_Tribuna_Media;5;20;Libre
12669;Sector9_Tribuna_Media;4;1;Libre
12670;Sector9_Tribuna_Media;4;2;Libre
12671;Sector9_Tribuna_Media;4;3;Libre
12672;Sector9_Tribuna_Media;4;4;Libre
12673;Sector9_Tribuna_Media;4;5;Libre
12674;Sector9_Tribuna_Media;4;6;Libre
12675;Sector9_Tribuna_Media;4;7;Libre
12676;Sector9_Tribuna_Media;4;8;Libre
12677;Sector9_Tribuna_Media;4;9;Libre
12678;Sector9_Tribuna_Media;4;10;Libre
12679;Sector9_Tribuna_Media;4;11;Libre
12680;Sector9_Tribuna_Media;4;12;Libre
12681;Sector9_Tribuna_Media;4;13;Libre
12682;Sector9_Tribuna_Media;4;14;Libre
12683;Sector9_Tribuna_Media;4;15;Libre
12684;Sector9_Tribuna_Media;4;16;Libre
12685;Sector9_Tribuna_Media;4;17;Libre
12686;Sector9_Tribuna_Media;4;18;Libre
12687;Sector9_Tribuna_Media;4;19;Libre
12688;Sector9_Tribuna_Media;4;20;Libre
12689;Sector9_Tribuna_Media;3;1;Libre
12690;Sector9_Tribuna_Media;3;2;Libre
12691;Sector9_Tribuna_Media;3;3;Libre
12692;Sector9_Tribuna_Media;3;4;Libre
12693;Sector9_Tribuna_Media;3;5;Libre
12694;Sector9_Tribuna_Media;3;6;Libre
12695;Sector9_Tribuna_Media;3;7;Libre
12696;Sector9_Tribuna_Media;3;8;Libre
12697;Sector9_Tribuna_Media;3;9;Libre
12698;Sector9_Tribuna_Media;3;10;Libre
12699;Sector9_Tribuna_Media;3;11;Libre
12700;Sector9_Tribuna_Media;3;12;Libre
12701;Sector9_Tribuna_Media;3;13;Libre
12702;Sector9_Tribuna_Media;3;14;Libre
12703;Sector9_Tribuna_Media;3;15;Libre
12704;Sector9_Tribuna_Media;3;16;Libre
12705;Sector9_Tribuna_Media;3;17;Libre
12706;Sector9_Tribuna_Media;3;18;Libre
12707;Sector9_Tribuna_Media;3;19;Libre
12708;Sector9_Tribuna_Media;3;20;Libre
12709;Sector9_Tribuna_Media;2;1;Libre
12710;Sector9_Tribuna_Media;2;2;Libre
12711;Sector9_Tribuna_Media;2;3;Libre
12712;Sector9_Tribuna_Media;2;4;Libre
12713;Sector9_Tribuna_Media;2;5;Libre
12714;Sector9_Tribuna_Media;2;6;Libre
12715;Sector9_Tribuna_Media;2;7;Libre
12716;Sector9_Tribuna_Media;2;8;Libre
12717;Sector9_Tribuna_Media;2;9;Libre
12718;Sector9_Tribuna_Media;2;10;Libre
12719;Sector9_Tribuna_Media;2;11;Libre
12720;Sector9_Tribuna_Media;2;12;Libre
12721;Sector9_Tribuna_Media;2;13;Libre
12722;Sector9_Tribuna_Media;2;14;Libre
12723;Sector9_Tribuna_Media;2;15;Libre
12724;Sector9_Tribuna_Media;2;16;Libre
12725;Sector9_Tribuna_Media;2;17;Libre
12726;Sector9_Tribuna_Media;2;18;Libre
12727;Sector9_Tribuna_Media;2;19;Libre
12728;Sector9_Tribuna_Media;2;20;Libre
12729;Sector9_Tribuna_Media;1;1;Libre
12730;Sector9_Tribuna_Media;1;2;Libre
12731;Sector9_Tribuna_Media;1;3;Libre
12732;Sector9_Tribuna_Media;1;4;Libre
12733;Sector9_Tribuna_Media;1;5;Libre
12734;Sector9_Tribuna_Media;1;6;Libre
12735;Sector9_Tribuna_Media;1;7;Libre
12736;Sector9_Tribuna_Media;1;8;Libre
12737;Sector9_Tribuna_Media;1;9;Libre
12738;Sector9_Tribuna_Media;1;10;Libre
12739;Sector9_Tribuna_Media;1;11;Libre
12740;Sector9_Tribuna_Media;1;12;Libre
12741;Sector9_Tribuna_Media;1;13;Libre
12742;Sector9_Tribuna_Media;1;14;Libre
12743;Sector9_Tribuna_Media;1;15;Libre
12744;Sector9_Tribuna_Media;1;16;Libre
12745;Sector9_Tribuna_Media;1;17;Libre
12746;Sector9_Tribuna_Media;1;18;Libre
12747;Sector9_Tribuna_Media;1;19;Libre
12748;Sector9_Tribuna_Media;1;20;Libre
12749;Sector10_Tribuna_Media;8;1;Libre
12750;Sector10_Tribuna_Media;8;2;Libre
12751;Sector10_Tribuna_Media;8;3;Libre
12752;Sector10_Tribuna_Media;8;4;Libre
12753;Sector10_Tribuna_Media;8;5;Libre
12754;Sector10_Tribuna_Media;8;6;Libre
12755;Sector10_Tribuna_Media;8;7;Libre
12756;Sector10_Tribuna_Media;8;8;Libre
12757;Sector10_Tribuna_Media;8;9;Libre
12758;Sector10_Tribuna_Media;8;10;Libre
12759;Sector10_Tribuna_Media;8;11;Libre
12760;Sector10_Tribuna_Media;8;12;Libre
12761;Sector10_Tribuna_Media;8;13;Libre
12762;Sector10_Tribuna_Media;8;14;Libre
12763;Sector10_Tribuna_Media;8;15;Libre
12764;Sector10_Tribuna_Media;8;16;Libre
12765;Sector10_Tribuna_Media;8;17;Libre
12766;Sector10_Tribuna_Media;8;18;Libre
12767;Sector10_Tribuna_Media;8;19;Libre
12768;Sector10_Tribuna_Media;8;20;Libre
12769;Sector10_Tribuna_Media;7;1;Libre
12770;Sector10_Tribuna_Media;7;2;Libre
12771;Sector10_Tribuna_Media;7;3;Libre
12772;Sector10_Tribuna_Media;7;4;Libre
12773;Sector10_Tribuna_Media;7;5;Libre
12774;Sector10_Tribuna_Media;7;6;Libre
12775;Sector10_Tribuna_Media;7;7;Libre
12776;Sector10_Tribuna_Media;7;8;Libre
12777;Sector10_Tribuna_Media;7;9;Libre
12778;Sector10_Tribuna_Media;7;10;Libre
12779;Sector10_Tribuna_Media;7;11;Libre
12780;Sector10_Tribuna_Media;7;12;Libre
12781;Sector10_Tribuna_Media;7;13;Libre
12782;Sector10_Tribuna_Media;7;14;Libre
12783;Sector10_Tribuna_Media;7;15;Libre
12784;Sector10_Tribuna_Media;7;16;Libre
12785;Sector10_Tribuna_Media;7;17;Libre
12786;Sector10_Tribuna_Media;7;18;Libre
12787;Sector10_Tribuna_Media;7;19;Libre
12788;Sector10_Tribuna_Media;7;20;Libre
12789;Sector10_Tribuna_Media;6;1;Libre
12790;Sector10_Tribuna_Media;6;2;Libre
12791;Sector10_Tribuna_Media;6;3;Libre
12792;Sector10_Tribuna_Media;6;4;Libre
12793;Sector10_Tribuna_Media;6;5;Libre
12794;Sector10_Tribuna_Media;6;6;Libre
12795;Sector10_Tribuna_Media;6;7;Libre
12796;Sector10_Tribuna_Media;6;8;Libre
12797;Sector10_Tribuna_Media;6;9;Libre
12798;Sector10_Tribuna_Media;6;10;Libre
12799;Sector10_Tribuna_Media;6;11;Libre
12800;Sector10_Tribuna_Media;6;12;Libre
12801;Sector10_Tribuna_Media;6;13;Libre
12802;Sector10_Tribuna_Media;6;14;Libre
12803;Sector10_Tribuna_Media;6;15;Libre
12804;Sector10_Tribuna_Media;6;16;Libre
12805;Sector10_Tribuna_Media;6;17;Libre
12806;Sector10_Tribuna_Media;6;18;Libre
12807;Sector10_Tribuna_Media;6;19;Libre
12808;Sector10_Tribuna_Media;6;20;Libre
12809;Sector10_Tribuna_Media;5;1;Libre
12810;Sector10_Tribuna_Media;5;2;Libre
12811;Sector10_Tribuna_Media;5;3;Libre
12812;Sector10_Tribuna_Media;5;4;Libre
12813;Sector10_Tribuna_Media;5;5;Libre
12814;Sector10_Tribuna_Media;5;6;Libre
12815;Sector10_Tribuna_Media;5;7;Libre
12816;Sector10_Tribuna_Media;5;8;Libre
12817;Sector10_Tribuna_Media;5;9;Libre
12818;Sector10_Tribuna_Media;5;10;Libre
12819;Sector10_Tribuna_Media;5;11;Libre
12820;Sector10_Tribuna_Media;5;12;Libre
12821;Sector10_Tribuna_Media;5;13;Libre
12822;Sector10_Tribuna_Media;5;14;Libre
12823;Sector10_Tribuna_Media;5;15;Libre
12824;Sector10_Tribuna_Media;5;16;Libre
12825;Sector10_Tribuna_Media;5;17;Libre
12826;Sector10_Tribuna_Media;5;18;Libre
12827;Sector10_Tribuna_Media;5;19;Libre
12828;Sector10_Tribuna_Media;5;20;Libre
12829;Sector10_Tribuna_Media;4;1;Libre
12830;Sector10_Tribuna_Media;4;2;Libre
12831;Sector10_Tribuna_Media;4;3;Libre
12832;Sector10_Tribuna_Media;4;4;Libre
12833;Sector10_Tribuna_Media;4;5;Libre
12834;Sector10_Tribuna_Media;4;6;Libre
12835;Sector10_Tribuna_Media;4;7;Libre
12836;Sector10_Tribuna_Media;4;8;Libre
12837;Sector10_Tribuna_Media;4;9;Libre
12838;Sector10_Tribuna_Media;4;10;Libre
12839;Sector10_Tribuna_Media;4;11;Libre
12840;Sector10_Tribuna_Media;4;12;Libre
12841;Sector10_Tribuna_Media;4;13;Libre
12842;Sector10_Tribuna_Media;4;14;Libre
12843;Sector10_Tribuna_Media;4;15;Libre
12844;Sector10_Tribuna_Media;4;16;Libre
12845;Sector10_Tribuna_Media;4;17;Libre
12846;Sector10_Tribuna_Media;4;18;Libre
12847;Sector10_Tribuna_Media;4;19;Libre
12848;Sector10_Tribuna_Media;4;20;Libre
12849;Sector10_Tribuna_Media;3;1;Libre
12850;Sector10_Tribuna_Media;3;2;Libre
12851;Sector10_Tribuna_Media;3;3;Libre
12852;Sector10_Tribuna_Media;3;4;Libre
12853;Sector10_Tribuna_Media;3;5;Libre
12854;Sector10_Tribuna_Media;3;6;Libre
12855;Sector10_Tribuna_Media;3;7;Libre
12856;Sector10_Tribuna_Media;3;8;Libre
12857;Sector10_Tribuna_Media;3;9;Libre
12858;Sector10_Tribuna_Media;3;10;Libre
12859;Sector10_Tribuna_Media;3;11;Libre
12860;Sector10_Tribuna_Media;3;12;Libre
12861;Sector10_Tribuna_Media;3;13;Libre
12862;Sector10_Tribuna_Media;3;14;Libre
12863;Sector10_Tribuna_Media;3;15;Libre
12864;Sector10_Tribuna_Media;3;16;Libre
12865;Sector10_Tribuna_Media;3;17;Libre
12866;Sector10_Tribuna_Media;3;18;Libre
12867;Sector10_Tribuna_Media;3;19;Libre
12868;Sector10_Tribuna_Media;3;20;Libre
12869;Sector10_Tribuna_Media;2;1;Libre
12870;Sector10_Tribuna_Media;2;2;Libre
12871;Sector10_Tribuna_Media;2;3;Libre
12872;Sector10_Tribuna_Media;2;4;Libre
12873;Sector10_Tribuna_Media;2;5;Libre
12874;Sector10_Tribuna_Media;2;6;Libre
12875;Sector10_Tribuna_Media;2;7;Libre
12876;Sector10_Tribuna_Media;2;8;Libre
12877;Sector10_Tribuna_Media;2;9;Libre
12878;Sector10_Tribuna_Media;2;10;Libre
12879;Sector10_Tribuna_Media;2;11;Libre
12880;Sector10_Tribuna_Media;2;12;Libre
12881;Sector10_Tribuna_Media;2;13;Libre
12882;Sector10_Tribuna_Media;2;14;Libre
12883;Sector10_Tribuna_Media;2;15;Libre
12884;Sector10_Tribuna_Media;2;16;Libre
12885;Sector10_Tribuna_Media;2;17;Libre
12886;Sector10_Tribuna_Media;2;18;Libre
12887;Sector10_Tribuna_Media;2;19;Libre
12888;Sector10_Tribuna_Media;2;20;Libre
12889;Sector10_Tribuna_Media;1;1;Libre
12890;Sector10_Tribuna_Media;1;2;Libre
12891;Sector10_Tribuna_Media;1;3;Libre
12892;Sector10_Tribuna_Media;1;4;Libre
12893;Sector10_Tribuna_Media;1;5;Libre
12894;Sector10_Tribuna_Media;1;6;Libre
12895;Sector10_Tribuna_Media;1;7;Libre
12896;Sector10_Tribuna_Media;1;8;Libre
12897;Sector10_Tribuna_Media;1;9;Libre
12898;Sector10_Tribuna_Media;1;10;Libre
12899;Sector10_Tribuna_Media;1;11;Libre
12900;Sector10_Tribuna_Media;1;12;Libre
12901;Sector10_Tribuna_Media;1;13;Libre
12902;Sector10_Tribuna_Media;1;14;Libre
12903;Sector10_Tribuna_Media;1;15;Libre
12904;Sector10_Tribuna_Media;1;16;Libre
12905;Sector10_Tribuna_Media;1;17;Libre
12906;Sector10_Tribuna_Media;1;18;Libre
12907;Sector10_Tribuna_Media;1;19;Libre
12908;Sector10_Tribuna_Media;1;20;Libre
12909;Sector11_Tribuna_Media;8;1;Libre
12910;Sector11_Tribuna_Media;8;2;Libre
12911;Sector11_Tribuna_Media;8;3;Libre
12912;Sector11_Tribuna_Media;8;4;Libre
12913;Sector11_Tribuna_Media;8;5;Libre
12914;Sector11_Tribuna_Media;8;6;Libre
12915;Sector11_Tribuna_Media;8;7;Libre
12916;Sector11_Tribuna_Media;8;8;Libre
12917;Sector11_Tribuna_Media;8;9;Libre
12918;Sector11_Tribuna_Media;8;10;Libre
12919;Sector11_Tribuna_Media;8;11;Libre
12920;Sector11_Tribuna_Media;8;12;Libre
12921;Sector11_Tribuna_Media;8;13;Libre
12922;Sector11_Tribuna_Media;8;14;Libre
12923;Sector11_Tribuna_Media;8;15;Libre
12924;Sector11_Tribuna_Media;8;16;Libre
12925;Sector11_Tribuna_Media;8;17;Libre
12926;Sector11_Tribuna_Media;8;18;Libre
12927;Sector11_Tribuna_Media;8;19;Libre
12928;Sector11_Tribuna_Media;8;20;Libre
12929;Sector11_Tribuna_Media;7;1;Libre
12930;Sector11_Tribuna_Media;7;2;Libre
12931;Sector11_Tribuna_Media;7;3;Libre
12932;Sector11_Tribuna_Media;7;4;Libre
12933;Sector11_Tribuna_Media;7;5;Libre
12934;Sector11_Tribuna_Media;7;6;Libre
12935;Sector11_Tribuna_Media;7;7;Libre
12936;Sector11_Tribuna_Media;7;8;Libre
12937;Sector11_Tribuna_Media;7;9;Libre
12938;Sector11_Tribuna_Media;7;10;Libre
12939;Sector11_Tribuna_Media;7;11;Libre
12940;Sector11_Tribuna_Media;7;12;Libre
12941;Sector11_Tribuna_Media;7;13;Libre
12942;Sector11_Tribuna_Media;7;14;Libre
12943;Sector11_Tribuna_Media;7;15;Libre
12944;Sector11_Tribuna_Media;7;16;Libre
12945;Sector11_Tribuna_Media;7;17;Libre
12946;Sector11_Tribuna_Media;7;18;Libre
12947;Sector11_Tribuna_Media;7;19;Libre
12948;Sector11_Tribuna_Media;7;20;Libre
12949;Sector11_Tribuna_Media;6;1;Libre
12950;Sector11_Tribuna_Media;6;2;Libre
12951;Sector11_Tribuna_Media;6;3;Libre
12952;Sector11_Tribuna_Media;6;4;Libre
12953;Sector11_Tribuna_Media;6;5;Libre
12954;Sector11_Tribuna_Media;6;6;Libre
12955;Sector11_Tribuna_Media;6;7;Libre
12956;Sector11_Tribuna_Media;6;8;Libre
12957;Sector11_Tribuna_Media;6;9;Libre
12958;Sector11_Tribuna_Media;6;10;Libre
12959;Sector11_Tribuna_Media;6;11;Libre
12960;Sector11_Tribuna_Media;6;12;Libre
12961;Sector11_Tribuna_Media;6;13;Libre
12962;Sector11_Tribuna_Media;6;14;Libre
12963;Sector11_Tribuna_Media;6;15;Libre
12964;Sector11_Tribuna_Media;6;16;Libre
12965;Sector11_Tribuna_Media;6;17;Libre
12966;Sector11_Tribuna_Media;6;18;Libre
12967;Sector11_Tribuna_Media;6;19;Libre
12968;Sector11_Tribuna_Media;6;20;Libre
12969;Sector11_Tribuna_Media;5;1;Libre
12970;Sector11_Tribuna_Media;5;2;Libre
12971;Sector11_Tribuna_Media;5;3;Libre
12972;Sector11_Tribuna_Media;5;4;Libre
12973;Sector11_Tribuna_Media;5;5;Libre
12974;Sector11_Tribuna_Media;5;6;Libre
12975;Sector11_Tribuna_Media;5;7;Libre
12976;Sector11_Tribuna_Media;5;8;Libre
12977;Sector11_Tribuna_Media;5;9;Libre
12978;Sector11_Tribuna_Media;5;10;Libre
12979;Sector11_Tribuna_Media;5;11;Libre
12980;Sector11_Tribuna_Media;5;12;Libre
12981;Sector11_Tribuna_Media;5;13;Libre
12982;Sector11_Tribuna_Media;5;14;Libre
12983;Sector11_Tribuna_Media;5;15;Libre
12984;Sector11_Tribuna_Media;5;16;Libre
12985;Sector11_Tribuna_Media;5;17;Libre
12986;Sector11_Tribuna_Media;5;18;Libre
12987;Sector11_Tribuna_Media;5;19;Libre
12988;Sector11_Tribuna_Media;5;20;Libre
12989;Sector11_Tribuna_Media;4;1;Libre
12990;Sector11_Tribuna_Media;4;2;Libre
12991;Sector11_Tribuna_Media;4;3;Libre
12992;Sector11_Tribuna_Media;4;4;Libre
12993;Sector11_Tribuna_Media;4;5;Libre
12994;Sector11_Tribuna_Media;4;6;Libre
12995;Sector11_Tribuna_Media;4;7;Libre
12996;Sector11_Tribuna_Media;4;8;Libre
12997;Sector11_Tribuna_Media;4;9;Libre
12998;Sector11_Tribuna_Media;4;10;Libre
12999;Sector11_Tribuna_Media;4;11;Libre
13000;Sector11_Tribuna_Media;4;12;Libre
13001;Sector11_Tribuna_Media;4;13;Libre
13002;Sector11_Tribuna_Media;4;14;Libre
13003;Sector11_Tribuna_Media;4;15;Libre
13004;Sector11_Tribuna_Media;4;16;Libre
13005;Sector11_Tribuna_Media;4;17;Libre
13006;Sector11_Tribuna_Media;4;18;Libre
13007;Sector11_Tribuna_Media;4;19;Libre
13008;Sector11_Tribuna_Media;4;20;Libre
13009;Sector11_Tribuna_Media;3;1;Libre
13010;Sector11_Tribuna_Media;3;2;Libre
13011;Sector11_Tribuna_Media;3;3;Libre
13012;Sector11_Tribuna_Media;3;4;Libre
13013;Sector11_Tribuna_Media;3;5;Libre
13014;Sector11_Tribuna_Media;3;6;Libre
13015;Sector11_Tribuna_Media;3;7;Libre
13016;Sector11_Tribuna_Media;3;8;Libre
13017;Sector11_Tribuna_Media;3;9;Libre
13018;Sector11_Tribuna_Media;3;10;Libre
13019;Sector11_Tribuna_Media;3;11;Libre
13020;Sector11_Tribuna_Media;3;12;Libre
13021;Sector11_Tribuna_Media;3;13;Libre
13022;Sector11_Tribuna_Media;3;14;Libre
13023;Sector11_Tribuna_Media;3;15;Libre
13024;Sector11_Tribuna_Media;3;16;Libre
13025;Sector11_Tribuna_Media;3;17;Libre
13026;Sector11_Tribuna_Media;3;18;Libre
13027;Sector11_Tribuna_Media;3;19;Libre
13028;Sector11_Tribuna_Media;3;20;Libre
13029;Sector11_Tribuna_Media;2;1;Libre
13030;Sector11_Tribuna_Media;2;2;Libre
13031;Sector11_Tribuna_Media;2;3;Libre
13032;Sector11_Tribuna_Media;2;4;Libre
13033;Sector11_Tribuna_Media;2;5;Libre
13034;Sector11_Tribuna_Media;2;6;Libre
13035;Sector11_Tribuna_Media;2;7;Libre
13036;Sector11_Tribuna_Media;2;8;Libre
13037;Sector11_Tribuna_Media;2;9;Libre
13038;Sector11_Tribuna_Media;2;10;Libre
13039;Sector11_Tribuna_Media;2;11;Libre
13040;Sector11_Tribuna_Media;2;12;Libre
13041;Sector11_Tribuna_Media;2;13;Libre
13042;Sector11_Tribuna_Media;2;14;Libre
13043;Sector11_Tribuna_Media;2;15;Libre
13044;Sector11_Tribuna_Media;2;16;Libre
13045;Sector11_Tribuna_Media;2;17;Libre
13046;Sector11_Tribuna_Media;2;18;Libre
13047;Sector11_Tribuna_Media;2;19;Libre
13048;Sector11_Tribuna_Media;2;20;Libre
13049;Sector11_Tribuna_Media;1;1;Libre
13050;Sector11_Tribuna_Media;1;2;Libre
13051;Sector11_Tribuna_Media;1;3;Libre
13052;Sector11_Tribuna_Media;1;4;Libre
13053;Sector11_Tribuna_Media;1;5;Libre
13054;Sector11_Tribuna_Media;1;6;Libre
13055;Sector11_Tribuna_Media;1;7;Libre
13056;Sector11_Tribuna_Media;1;8;Libre
13057;Sector11_Tribuna_Media;1;9;Libre
13058;Sector11_Tribuna_Media;1;10;Libre
13059;Sector11_Tribuna_Media;1;11;Libre
13060;Sector11_Tribuna_Media;1;12;Libre
13061;Sector11_Tribuna_Media;1;13;Libre
13062;Sector11_Tribuna_Media;1;14;Libre
13063;Sector11_Tribuna_Media;1;15;Libre
13064;Sector11_Tribuna_Media;1;16;Libre
13065;Sector11_Tribuna_Media;1;17;Libre
13066;Sector11_Tribuna_Media;1;18;Libre
13067;Sector11_Tribuna_Media;1;19;Libre
13068;Sector11_Tribuna_Media;1;20;Libre
